WARNING - 2024-05-04 12:53:09 --> [DEPRECATED] Passing lowercase HTTP method "get" is deprecated. Use uppercase HTTP method like "GET". in SYSTEMPATH\Router\RouteCollection.php on line 1027.
 1 SYSTEMPATH\Router\RouteCollection.php(1027): trigger_error('Passing lowercase HTTP method "get" is deprecated. Use uppercase HTTP method like "GET".', 16384)
 2 APPPATH\Config\Routes.php(13): CodeIgniter\Router\RouteCollection->match([...], 'login', 'AuthController::login', [...])
 3 SYSTEMPATH\Router\RouteCollection.php(340): require('C:\\xampp\\htdocs\\ci4-g4a\\app\\Config\\Routes.php')
 4 SYSTEMPATH\CodeIgniter.php(823): CodeIgniter\Router\RouteCollection->loadRoutes()
 5 SYSTEMPATH\CodeIgniter.php(457): CodeIgniter\CodeIgniter->tryToRouteIt(null)
 6 SYSTEMPATH\CodeIgniter.php(355): CodeIgniter\CodeIgniter->handleRequest(null, Object(Config\Cache), false)
 7 SYSTEMPATH\Boot.php(312): CodeIgniter\CodeIgniter->run()
 8 SYSTEMPATH\Boot.php(67): CodeIgniter\Boot::runCodeIgniter(Object(CodeIgniter\CodeIgniter))
 9 FCPATH\index.php(56): CodeIgniter\Boot::bootWeb(Object(Config\Paths))
10 SYSTEMPATH\Commands\Server\rewrite.php(49): require_once('C:\\xampp\\htdocs\\ci4-g4a\\public\\index.php')
WARNING - 2024-05-04 12:53:09 --> [DEPRECATED] Passing lowercase HTTP method "post" is deprecated. Use uppercase HTTP method like "POST". in SYSTEMPATH\Router\RouteCollection.php on line 1027.
 1 SYSTEMPATH\Router\RouteCollection.php(1027): trigger_error('Passing lowercase HTTP method "post" is deprecated. Use uppercase HTTP method like "POST".', 16384)
 2 APPPATH\Config\Routes.php(13): CodeIgniter\Router\RouteCollection->match([...], 'login', 'AuthController::login', [...])
 3 SYSTEMPATH\Router\RouteCollection.php(340): require('C:\\xampp\\htdocs\\ci4-g4a\\app\\Config\\Routes.php')
 4 SYSTEMPATH\CodeIgniter.php(823): CodeIgniter\Router\RouteCollection->loadRoutes()
 5 SYSTEMPATH\CodeIgniter.php(457): CodeIgniter\CodeIgniter->tryToRouteIt(null)
 6 SYSTEMPATH\CodeIgniter.php(355): CodeIgniter\CodeIgniter->handleRequest(null, Object(Config\Cache), false)
 7 SYSTEMPATH\Boot.php(312): CodeIgniter\CodeIgniter->run()
 8 SYSTEMPATH\Boot.php(67): CodeIgniter\Boot::runCodeIgniter(Object(CodeIgniter\CodeIgniter))
 9 FCPATH\index.php(56): CodeIgniter\Boot::bootWeb(Object(Config\Paths))
10 SYSTEMPATH\Commands\Server\rewrite.php(49): require_once('C:\\xampp\\htdocs\\ci4-g4a\\public\\index.php')
WARNING - 2024-05-04 12:53:09 --> [DEPRECATED] Passing lowercase HTTP method "get" is deprecated. Use uppercase HTTP method like "GET". in SYSTEMPATH\Router\RouteCollection.php on line 1027.
 1 SYSTEMPATH\Router\RouteCollection.php(1027): trigger_error('Passing lowercase HTTP method "get" is deprecated. Use uppercase HTTP method like "GET".', 16384)
 2 APPPATH\Config\Routes.php(14): CodeIgniter\Router\RouteCollection->match([...], 'register', 'AuthController::register', [...])
 3 SYSTEMPATH\Router\RouteCollection.php(340): require('C:\\xampp\\htdocs\\ci4-g4a\\app\\Config\\Routes.php')
 4 SYSTEMPATH\CodeIgniter.php(823): CodeIgniter\Router\RouteCollection->loadRoutes()
 5 SYSTEMPATH\CodeIgniter.php(457): CodeIgniter\CodeIgniter->tryToRouteIt(null)
 6 SYSTEMPATH\CodeIgniter.php(355): CodeIgniter\CodeIgniter->handleRequest(null, Object(Config\Cache), false)
 7 SYSTEMPATH\Boot.php(312): CodeIgniter\CodeIgniter->run()
 8 SYSTEMPATH\Boot.php(67): CodeIgniter\Boot::runCodeIgniter(Object(CodeIgniter\CodeIgniter))
 9 FCPATH\index.php(56): CodeIgniter\Boot::bootWeb(Object(Config\Paths))
10 SYSTEMPATH\Commands\Server\rewrite.php(49): require_once('C:\\xampp\\htdocs\\ci4-g4a\\public\\index.php')
WARNING - 2024-05-04 12:53:09 --> [DEPRECATED] Passing lowercase HTTP method "post" is deprecated. Use uppercase HTTP method like "POST". in SYSTEMPATH\Router\RouteCollection.php on line 1027.
 1 SYSTEMPATH\Router\RouteCollection.php(1027): trigger_error('Passing lowercase HTTP method "post" is deprecated. Use uppercase HTTP method like "POST".', 16384)
 2 APPPATH\Config\Routes.php(14): CodeIgniter\Router\RouteCollection->match([...], 'register', 'AuthController::register', [...])
 3 SYSTEMPATH\Router\RouteCollection.php(340): require('C:\\xampp\\htdocs\\ci4-g4a\\app\\Config\\Routes.php')
 4 SYSTEMPATH\CodeIgniter.php(823): CodeIgniter\Router\RouteCollection->loadRoutes()
 5 SYSTEMPATH\CodeIgniter.php(457): CodeIgniter\CodeIgniter->tryToRouteIt(null)
 6 SYSTEMPATH\CodeIgniter.php(355): CodeIgniter\CodeIgniter->handleRequest(null, Object(Config\Cache), false)
 7 SYSTEMPATH\Boot.php(312): CodeIgniter\CodeIgniter->run()
 8 SYSTEMPATH\Boot.php(67): CodeIgniter\Boot::runCodeIgniter(Object(CodeIgniter\CodeIgniter))
 9 FCPATH\index.php(56): CodeIgniter\Boot::bootWeb(Object(Config\Paths))
10 SYSTEMPATH\Commands\Server\rewrite.php(49): require_once('C:\\xampp\\htdocs\\ci4-g4a\\public\\index.php')
WARNING - 2024-05-04 12:53:10 --> [DEPRECATED] Passing lowercase HTTP method "get" is deprecated. Use uppercase HTTP method like "GET". in SYSTEMPATH\Router\RouteCollection.php on line 1027.
 1 SYSTEMPATH\Router\RouteCollection.php(1027): trigger_error('Passing lowercase HTTP method "get" is deprecated. Use uppercase HTTP method like "GET".', 16384)
 2 APPPATH\Config\Routes.php(13): CodeIgniter\Router\RouteCollection->match([...], 'login', 'AuthController::login', [...])
 3 SYSTEMPATH\Router\RouteCollection.php(340): require('C:\\xampp\\htdocs\\ci4-g4a\\app\\Config\\Routes.php')
 4 SYSTEMPATH\CodeIgniter.php(823): CodeIgniter\Router\RouteCollection->loadRoutes()
 5 SYSTEMPATH\CodeIgniter.php(457): CodeIgniter\CodeIgniter->tryToRouteIt(null)
 6 SYSTEMPATH\CodeIgniter.php(355): CodeIgniter\CodeIgniter->handleRequest(null, Object(Config\Cache), false)
 7 SYSTEMPATH\Boot.php(312): CodeIgniter\CodeIgniter->run()
 8 SYSTEMPATH\Boot.php(67): CodeIgniter\Boot::runCodeIgniter(Object(CodeIgniter\CodeIgniter))
 9 FCPATH\index.php(56): CodeIgniter\Boot::bootWeb(Object(Config\Paths))
10 SYSTEMPATH\Commands\Server\rewrite.php(49): require_once('C:\\xampp\\htdocs\\ci4-g4a\\public\\index.php')
WARNING - 2024-05-04 12:53:10 --> [DEPRECATED] Passing lowercase HTTP method "post" is deprecated. Use uppercase HTTP method like "POST". in SYSTEMPATH\Router\RouteCollection.php on line 1027.
 1 SYSTEMPATH\Router\RouteCollection.php(1027): trigger_error('Passing lowercase HTTP method "post" is deprecated. Use uppercase HTTP method like "POST".', 16384)
 2 APPPATH\Config\Routes.php(13): CodeIgniter\Router\RouteCollection->match([...], 'login', 'AuthController::login', [...])
 3 SYSTEMPATH\Router\RouteCollection.php(340): require('C:\\xampp\\htdocs\\ci4-g4a\\app\\Config\\Routes.php')
 4 SYSTEMPATH\CodeIgniter.php(823): CodeIgniter\Router\RouteCollection->loadRoutes()
 5 SYSTEMPATH\CodeIgniter.php(457): CodeIgniter\CodeIgniter->tryToRouteIt(null)
 6 SYSTEMPATH\CodeIgniter.php(355): CodeIgniter\CodeIgniter->handleRequest(null, Object(Config\Cache), false)
 7 SYSTEMPATH\Boot.php(312): CodeIgniter\CodeIgniter->run()
 8 SYSTEMPATH\Boot.php(67): CodeIgniter\Boot::runCodeIgniter(Object(CodeIgniter\CodeIgniter))
 9 FCPATH\index.php(56): CodeIgniter\Boot::bootWeb(Object(Config\Paths))
10 SYSTEMPATH\Commands\Server\rewrite.php(49): require_once('C:\\xampp\\htdocs\\ci4-g4a\\public\\index.php')
WARNING - 2024-05-04 12:53:10 --> [DEPRECATED] Passing lowercase HTTP method "get" is deprecated. Use uppercase HTTP method like "GET". in SYSTEMPATH\Router\RouteCollection.php on line 1027.
 1 SYSTEMPATH\Router\RouteCollection.php(1027): trigger_error('Passing lowercase HTTP method "get" is deprecated. Use uppercase HTTP method like "GET".', 16384)
 2 APPPATH\Config\Routes.php(14): CodeIgniter\Router\RouteCollection->match([...], 'register', 'AuthController::register', [...])
 3 SYSTEMPATH\Router\RouteCollection.php(340): require('C:\\xampp\\htdocs\\ci4-g4a\\app\\Config\\Routes.php')
 4 SYSTEMPATH\CodeIgniter.php(823): CodeIgniter\Router\RouteCollection->loadRoutes()
 5 SYSTEMPATH\CodeIgniter.php(457): CodeIgniter\CodeIgniter->tryToRouteIt(null)
 6 SYSTEMPATH\CodeIgniter.php(355): CodeIgniter\CodeIgniter->handleRequest(null, Object(Config\Cache), false)
 7 SYSTEMPATH\Boot.php(312): CodeIgniter\CodeIgniter->run()
 8 SYSTEMPATH\Boot.php(67): CodeIgniter\Boot::runCodeIgniter(Object(CodeIgniter\CodeIgniter))
 9 FCPATH\index.php(56): CodeIgniter\Boot::bootWeb(Object(Config\Paths))
10 SYSTEMPATH\Commands\Server\rewrite.php(49): require_once('C:\\xampp\\htdocs\\ci4-g4a\\public\\index.php')
WARNING - 2024-05-04 12:53:10 --> [DEPRECATED] Passing lowercase HTTP method "post" is deprecated. Use uppercase HTTP method like "POST". in SYSTEMPATH\Router\RouteCollection.php on line 1027.
 1 SYSTEMPATH\Router\RouteCollection.php(1027): trigger_error('Passing lowercase HTTP method "post" is deprecated. Use uppercase HTTP method like "POST".', 16384)
 2 APPPATH\Config\Routes.php(14): CodeIgniter\Router\RouteCollection->match([...], 'register', 'AuthController::register', [...])
 3 SYSTEMPATH\Router\RouteCollection.php(340): require('C:\\xampp\\htdocs\\ci4-g4a\\app\\Config\\Routes.php')
 4 SYSTEMPATH\CodeIgniter.php(823): CodeIgniter\Router\RouteCollection->loadRoutes()
 5 SYSTEMPATH\CodeIgniter.php(457): CodeIgniter\CodeIgniter->tryToRouteIt(null)
 6 SYSTEMPATH\CodeIgniter.php(355): CodeIgniter\CodeIgniter->handleRequest(null, Object(Config\Cache), false)
 7 SYSTEMPATH\Boot.php(312): CodeIgniter\CodeIgniter->run()
 8 SYSTEMPATH\Boot.php(67): CodeIgniter\Boot::runCodeIgniter(Object(CodeIgniter\CodeIgniter))
 9 FCPATH\index.php(56): CodeIgniter\Boot::bootWeb(Object(Config\Paths))
10 SYSTEMPATH\Commands\Server\rewrite.php(49): require_once('C:\\xampp\\htdocs\\ci4-g4a\\public\\index.php')
WARNING - 2024-05-04 12:53:11 --> [DEPRECATED] Passing lowercase HTTP method "get" is deprecated. Use uppercase HTTP method like "GET". in SYSTEMPATH\Router\RouteCollection.php on line 1027.
 1 SYSTEMPATH\Router\RouteCollection.php(1027): trigger_error('Passing lowercase HTTP method "get" is deprecated. Use uppercase HTTP method like "GET".', 16384)
 2 APPPATH\Config\Routes.php(13): CodeIgniter\Router\RouteCollection->match([...], 'login', 'AuthController::login', [...])
 3 SYSTEMPATH\Router\RouteCollection.php(340): require('C:\\xampp\\htdocs\\ci4-g4a\\app\\Config\\Routes.php')
 4 SYSTEMPATH\CodeIgniter.php(823): CodeIgniter\Router\RouteCollection->loadRoutes()
 5 SYSTEMPATH\CodeIgniter.php(457): CodeIgniter\CodeIgniter->tryToRouteIt(null)
 6 SYSTEMPATH\CodeIgniter.php(355): CodeIgniter\CodeIgniter->handleRequest(null, Object(Config\Cache), false)
 7 SYSTEMPATH\Boot.php(312): CodeIgniter\CodeIgniter->run()
 8 SYSTEMPATH\Boot.php(67): CodeIgniter\Boot::runCodeIgniter(Object(CodeIgniter\CodeIgniter))
 9 FCPATH\index.php(56): CodeIgniter\Boot::bootWeb(Object(Config\Paths))
10 SYSTEMPATH\Commands\Server\rewrite.php(49): require_once('C:\\xampp\\htdocs\\ci4-g4a\\public\\index.php')
WARNING - 2024-05-04 12:53:11 --> [DEPRECATED] Passing lowercase HTTP method "post" is deprecated. Use uppercase HTTP method like "POST". in SYSTEMPATH\Router\RouteCollection.php on line 1027.
 1 SYSTEMPATH\Router\RouteCollection.php(1027): trigger_error('Passing lowercase HTTP method "post" is deprecated. Use uppercase HTTP method like "POST".', 16384)
 2 APPPATH\Config\Routes.php(13): CodeIgniter\Router\RouteCollection->match([...], 'login', 'AuthController::login', [...])
 3 SYSTEMPATH\Router\RouteCollection.php(340): require('C:\\xampp\\htdocs\\ci4-g4a\\app\\Config\\Routes.php')
 4 SYSTEMPATH\CodeIgniter.php(823): CodeIgniter\Router\RouteCollection->loadRoutes()
 5 SYSTEMPATH\CodeIgniter.php(457): CodeIgniter\CodeIgniter->tryToRouteIt(null)
 6 SYSTEMPATH\CodeIgniter.php(355): CodeIgniter\CodeIgniter->handleRequest(null, Object(Config\Cache), false)
 7 SYSTEMPATH\Boot.php(312): CodeIgniter\CodeIgniter->run()
 8 SYSTEMPATH\Boot.php(67): CodeIgniter\Boot::runCodeIgniter(Object(CodeIgniter\CodeIgniter))
 9 FCPATH\index.php(56): CodeIgniter\Boot::bootWeb(Object(Config\Paths))
10 SYSTEMPATH\Commands\Server\rewrite.php(49): require_once('C:\\xampp\\htdocs\\ci4-g4a\\public\\index.php')
WARNING - 2024-05-04 12:53:11 --> [DEPRECATED] Passing lowercase HTTP method "get" is deprecated. Use uppercase HTTP method like "GET". in SYSTEMPATH\Router\RouteCollection.php on line 1027.
 1 SYSTEMPATH\Router\RouteCollection.php(1027): trigger_error('Passing lowercase HTTP method "get" is deprecated. Use uppercase HTTP method like "GET".', 16384)
 2 APPPATH\Config\Routes.php(14): CodeIgniter\Router\RouteCollection->match([...], 'register', 'AuthController::register', [...])
 3 SYSTEMPATH\Router\RouteCollection.php(340): require('C:\\xampp\\htdocs\\ci4-g4a\\app\\Config\\Routes.php')
 4 SYSTEMPATH\CodeIgniter.php(823): CodeIgniter\Router\RouteCollection->loadRoutes()
 5 SYSTEMPATH\CodeIgniter.php(457): CodeIgniter\CodeIgniter->tryToRouteIt(null)
 6 SYSTEMPATH\CodeIgniter.php(355): CodeIgniter\CodeIgniter->handleRequest(null, Object(Config\Cache), false)
 7 SYSTEMPATH\Boot.php(312): CodeIgniter\CodeIgniter->run()
 8 SYSTEMPATH\Boot.php(67): CodeIgniter\Boot::runCodeIgniter(Object(CodeIgniter\CodeIgniter))
 9 FCPATH\index.php(56): CodeIgniter\Boot::bootWeb(Object(Config\Paths))
10 SYSTEMPATH\Commands\Server\rewrite.php(49): require_once('C:\\xampp\\htdocs\\ci4-g4a\\public\\index.php')
WARNING - 2024-05-04 12:53:11 --> [DEPRECATED] Passing lowercase HTTP method "post" is deprecated. Use uppercase HTTP method like "POST". in SYSTEMPATH\Router\RouteCollection.php on line 1027.
 1 SYSTEMPATH\Router\RouteCollection.php(1027): trigger_error('Passing lowercase HTTP method "post" is deprecated. Use uppercase HTTP method like "POST".', 16384)
 2 APPPATH\Config\Routes.php(14): CodeIgniter\Router\RouteCollection->match([...], 'register', 'AuthController::register', [...])
 3 SYSTEMPATH\Router\RouteCollection.php(340): require('C:\\xampp\\htdocs\\ci4-g4a\\app\\Config\\Routes.php')
 4 SYSTEMPATH\CodeIgniter.php(823): CodeIgniter\Router\RouteCollection->loadRoutes()
 5 SYSTEMPATH\CodeIgniter.php(457): CodeIgniter\CodeIgniter->tryToRouteIt(null)
 6 SYSTEMPATH\CodeIgniter.php(355): CodeIgniter\CodeIgniter->handleRequest(null, Object(Config\Cache), false)
 7 SYSTEMPATH\Boot.php(312): CodeIgniter\CodeIgniter->run()
 8 SYSTEMPATH\Boot.php(67): CodeIgniter\Boot::runCodeIgniter(Object(CodeIgniter\CodeIgniter))
 9 FCPATH\index.php(56): CodeIgniter\Boot::bootWeb(Object(Config\Paths))
10 SYSTEMPATH\Commands\Server\rewrite.php(49): require_once('C:\\xampp\\htdocs\\ci4-g4a\\public\\index.php')
INFO - 2024-05-04 12:53:11 --> Session: Class initialized using 'CodeIgniter\Session\Handlers\FileHandler' driver.
WARNING - 2024-05-04 12:54:11 --> [DEPRECATED] Passing lowercase HTTP method "get" is deprecated. Use uppercase HTTP method like "GET". in SYSTEMPATH\Router\RouteCollection.php on line 1027.
 1 SYSTEMPATH\Router\RouteCollection.php(1027): trigger_error('Passing lowercase HTTP method "get" is deprecated. Use uppercase HTTP method like "GET".', 16384)
 2 APPPATH\Config\Routes.php(13): CodeIgniter\Router\RouteCollection->match([...], 'login', 'AuthController::login', [...])
 3 SYSTEMPATH\Router\RouteCollection.php(340): require('C:\\xampp\\htdocs\\ci4-g4a\\app\\Config\\Routes.php')
 4 SYSTEMPATH\CodeIgniter.php(823): CodeIgniter\Router\RouteCollection->loadRoutes()
 5 SYSTEMPATH\CodeIgniter.php(457): CodeIgniter\CodeIgniter->tryToRouteIt(null)
 6 SYSTEMPATH\CodeIgniter.php(355): CodeIgniter\CodeIgniter->handleRequest(null, Object(Config\Cache), false)
 7 SYSTEMPATH\Boot.php(312): CodeIgniter\CodeIgniter->run()
 8 SYSTEMPATH\Boot.php(67): CodeIgniter\Boot::runCodeIgniter(Object(CodeIgniter\CodeIgniter))
 9 FCPATH\index.php(56): CodeIgniter\Boot::bootWeb(Object(Config\Paths))
10 SYSTEMPATH\Commands\Server\rewrite.php(49): require_once('C:\\xampp\\htdocs\\ci4-g4a\\public\\index.php')
WARNING - 2024-05-04 12:54:11 --> [DEPRECATED] Passing lowercase HTTP method "post" is deprecated. Use uppercase HTTP method like "POST". in SYSTEMPATH\Router\RouteCollection.php on line 1027.
 1 SYSTEMPATH\Router\RouteCollection.php(1027): trigger_error('Passing lowercase HTTP method "post" is deprecated. Use uppercase HTTP method like "POST".', 16384)
 2 APPPATH\Config\Routes.php(13): CodeIgniter\Router\RouteCollection->match([...], 'login', 'AuthController::login', [...])
 3 SYSTEMPATH\Router\RouteCollection.php(340): require('C:\\xampp\\htdocs\\ci4-g4a\\app\\Config\\Routes.php')
 4 SYSTEMPATH\CodeIgniter.php(823): CodeIgniter\Router\RouteCollection->loadRoutes()
 5 SYSTEMPATH\CodeIgniter.php(457): CodeIgniter\CodeIgniter->tryToRouteIt(null)
 6 SYSTEMPATH\CodeIgniter.php(355): CodeIgniter\CodeIgniter->handleRequest(null, Object(Config\Cache), false)
 7 SYSTEMPATH\Boot.php(312): CodeIgniter\CodeIgniter->run()
 8 SYSTEMPATH\Boot.php(67): CodeIgniter\Boot::runCodeIgniter(Object(CodeIgniter\CodeIgniter))
 9 FCPATH\index.php(56): CodeIgniter\Boot::bootWeb(Object(Config\Paths))
10 SYSTEMPATH\Commands\Server\rewrite.php(49): require_once('C:\\xampp\\htdocs\\ci4-g4a\\public\\index.php')
WARNING - 2024-05-04 12:54:11 --> [DEPRECATED] Passing lowercase HTTP method "get" is deprecated. Use uppercase HTTP method like "GET". in SYSTEMPATH\Router\RouteCollection.php on line 1027.
 1 SYSTEMPATH\Router\RouteCollection.php(1027): trigger_error('Passing lowercase HTTP method "get" is deprecated. Use uppercase HTTP method like "GET".', 16384)
 2 APPPATH\Config\Routes.php(14): CodeIgniter\Router\RouteCollection->match([...], 'register', 'AuthController::register', [...])
 3 SYSTEMPATH\Router\RouteCollection.php(340): require('C:\\xampp\\htdocs\\ci4-g4a\\app\\Config\\Routes.php')
 4 SYSTEMPATH\CodeIgniter.php(823): CodeIgniter\Router\RouteCollection->loadRoutes()
 5 SYSTEMPATH\CodeIgniter.php(457): CodeIgniter\CodeIgniter->tryToRouteIt(null)
 6 SYSTEMPATH\CodeIgniter.php(355): CodeIgniter\CodeIgniter->handleRequest(null, Object(Config\Cache), false)
 7 SYSTEMPATH\Boot.php(312): CodeIgniter\CodeIgniter->run()
 8 SYSTEMPATH\Boot.php(67): CodeIgniter\Boot::runCodeIgniter(Object(CodeIgniter\CodeIgniter))
 9 FCPATH\index.php(56): CodeIgniter\Boot::bootWeb(Object(Config\Paths))
10 SYSTEMPATH\Commands\Server\rewrite.php(49): require_once('C:\\xampp\\htdocs\\ci4-g4a\\public\\index.php')
WARNING - 2024-05-04 12:54:11 --> [DEPRECATED] Passing lowercase HTTP method "post" is deprecated. Use uppercase HTTP method like "POST". in SYSTEMPATH\Router\RouteCollection.php on line 1027.
 1 SYSTEMPATH\Router\RouteCollection.php(1027): trigger_error('Passing lowercase HTTP method "post" is deprecated. Use uppercase HTTP method like "POST".', 16384)
 2 APPPATH\Config\Routes.php(14): CodeIgniter\Router\RouteCollection->match([...], 'register', 'AuthController::register', [...])
 3 SYSTEMPATH\Router\RouteCollection.php(340): require('C:\\xampp\\htdocs\\ci4-g4a\\app\\Config\\Routes.php')
 4 SYSTEMPATH\CodeIgniter.php(823): CodeIgniter\Router\RouteCollection->loadRoutes()
 5 SYSTEMPATH\CodeIgniter.php(457): CodeIgniter\CodeIgniter->tryToRouteIt(null)
 6 SYSTEMPATH\CodeIgniter.php(355): CodeIgniter\CodeIgniter->handleRequest(null, Object(Config\Cache), false)
 7 SYSTEMPATH\Boot.php(312): CodeIgniter\CodeIgniter->run()
 8 SYSTEMPATH\Boot.php(67): CodeIgniter\Boot::runCodeIgniter(Object(CodeIgniter\CodeIgniter))
 9 FCPATH\index.php(56): CodeIgniter\Boot::bootWeb(Object(Config\Paths))
10 SYSTEMPATH\Commands\Server\rewrite.php(49): require_once('C:\\xampp\\htdocs\\ci4-g4a\\public\\index.php')
INFO - 2024-05-04 12:54:11 --> Session: Class initialized using 'CodeIgniter\Session\Handlers\FileHandler' driver.
WARNING - 2024-05-04 12:54:16 --> [DEPRECATED] Passing lowercase HTTP method "get" is deprecated. Use uppercase HTTP method like "GET". in SYSTEMPATH\Router\RouteCollection.php on line 1027.
 1 SYSTEMPATH\Router\RouteCollection.php(1027): trigger_error('Passing lowercase HTTP method "get" is deprecated. Use uppercase HTTP method like "GET".', 16384)
 2 APPPATH\Config\Routes.php(13): CodeIgniter\Router\RouteCollection->match([...], 'login', 'AuthController::login', [...])
 3 SYSTEMPATH\Router\RouteCollection.php(340): require('C:\\xampp\\htdocs\\ci4-g4a\\app\\Config\\Routes.php')
 4 SYSTEMPATH\CodeIgniter.php(823): CodeIgniter\Router\RouteCollection->loadRoutes()
 5 SYSTEMPATH\CodeIgniter.php(457): CodeIgniter\CodeIgniter->tryToRouteIt(null)
 6 SYSTEMPATH\CodeIgniter.php(355): CodeIgniter\CodeIgniter->handleRequest(null, Object(Config\Cache), false)
 7 SYSTEMPATH\Boot.php(312): CodeIgniter\CodeIgniter->run()
 8 SYSTEMPATH\Boot.php(67): CodeIgniter\Boot::runCodeIgniter(Object(CodeIgniter\CodeIgniter))
 9 FCPATH\index.php(56): CodeIgniter\Boot::bootWeb(Object(Config\Paths))
10 SYSTEMPATH\Commands\Server\rewrite.php(49): require_once('C:\\xampp\\htdocs\\ci4-g4a\\public\\index.php')
WARNING - 2024-05-04 12:54:16 --> [DEPRECATED] Passing lowercase HTTP method "post" is deprecated. Use uppercase HTTP method like "POST". in SYSTEMPATH\Router\RouteCollection.php on line 1027.
 1 SYSTEMPATH\Router\RouteCollection.php(1027): trigger_error('Passing lowercase HTTP method "post" is deprecated. Use uppercase HTTP method like "POST".', 16384)
 2 APPPATH\Config\Routes.php(13): CodeIgniter\Router\RouteCollection->match([...], 'login', 'AuthController::login', [...])
 3 SYSTEMPATH\Router\RouteCollection.php(340): require('C:\\xampp\\htdocs\\ci4-g4a\\app\\Config\\Routes.php')
 4 SYSTEMPATH\CodeIgniter.php(823): CodeIgniter\Router\RouteCollection->loadRoutes()
 5 SYSTEMPATH\CodeIgniter.php(457): CodeIgniter\CodeIgniter->tryToRouteIt(null)
 6 SYSTEMPATH\CodeIgniter.php(355): CodeIgniter\CodeIgniter->handleRequest(null, Object(Config\Cache), false)
 7 SYSTEMPATH\Boot.php(312): CodeIgniter\CodeIgniter->run()
 8 SYSTEMPATH\Boot.php(67): CodeIgniter\Boot::runCodeIgniter(Object(CodeIgniter\CodeIgniter))
 9 FCPATH\index.php(56): CodeIgniter\Boot::bootWeb(Object(Config\Paths))
10 SYSTEMPATH\Commands\Server\rewrite.php(49): require_once('C:\\xampp\\htdocs\\ci4-g4a\\public\\index.php')
WARNING - 2024-05-04 12:54:16 --> [DEPRECATED] Passing lowercase HTTP method "get" is deprecated. Use uppercase HTTP method like "GET". in SYSTEMPATH\Router\RouteCollection.php on line 1027.
 1 SYSTEMPATH\Router\RouteCollection.php(1027): trigger_error('Passing lowercase HTTP method "get" is deprecated. Use uppercase HTTP method like "GET".', 16384)
 2 APPPATH\Config\Routes.php(14): CodeIgniter\Router\RouteCollection->match([...], 'register', 'AuthController::register', [...])
 3 SYSTEMPATH\Router\RouteCollection.php(340): require('C:\\xampp\\htdocs\\ci4-g4a\\app\\Config\\Routes.php')
 4 SYSTEMPATH\CodeIgniter.php(823): CodeIgniter\Router\RouteCollection->loadRoutes()
 5 SYSTEMPATH\CodeIgniter.php(457): CodeIgniter\CodeIgniter->tryToRouteIt(null)
 6 SYSTEMPATH\CodeIgniter.php(355): CodeIgniter\CodeIgniter->handleRequest(null, Object(Config\Cache), false)
 7 SYSTEMPATH\Boot.php(312): CodeIgniter\CodeIgniter->run()
 8 SYSTEMPATH\Boot.php(67): CodeIgniter\Boot::runCodeIgniter(Object(CodeIgniter\CodeIgniter))
 9 FCPATH\index.php(56): CodeIgniter\Boot::bootWeb(Object(Config\Paths))
10 SYSTEMPATH\Commands\Server\rewrite.php(49): require_once('C:\\xampp\\htdocs\\ci4-g4a\\public\\index.php')
WARNING - 2024-05-04 12:54:16 --> [DEPRECATED] Passing lowercase HTTP method "post" is deprecated. Use uppercase HTTP method like "POST". in SYSTEMPATH\Router\RouteCollection.php on line 1027.
 1 SYSTEMPATH\Router\RouteCollection.php(1027): trigger_error('Passing lowercase HTTP method "post" is deprecated. Use uppercase HTTP method like "POST".', 16384)
 2 APPPATH\Config\Routes.php(14): CodeIgniter\Router\RouteCollection->match([...], 'register', 'AuthController::register', [...])
 3 SYSTEMPATH\Router\RouteCollection.php(340): require('C:\\xampp\\htdocs\\ci4-g4a\\app\\Config\\Routes.php')
 4 SYSTEMPATH\CodeIgniter.php(823): CodeIgniter\Router\RouteCollection->loadRoutes()
 5 SYSTEMPATH\CodeIgniter.php(457): CodeIgniter\CodeIgniter->tryToRouteIt(null)
 6 SYSTEMPATH\CodeIgniter.php(355): CodeIgniter\CodeIgniter->handleRequest(null, Object(Config\Cache), false)
 7 SYSTEMPATH\Boot.php(312): CodeIgniter\CodeIgniter->run()
 8 SYSTEMPATH\Boot.php(67): CodeIgniter\Boot::runCodeIgniter(Object(CodeIgniter\CodeIgniter))
 9 FCPATH\index.php(56): CodeIgniter\Boot::bootWeb(Object(Config\Paths))
10 SYSTEMPATH\Commands\Server\rewrite.php(49): require_once('C:\\xampp\\htdocs\\ci4-g4a\\public\\index.php')
INFO - 2024-05-04 12:54:16 --> Session: Class initialized using 'CodeIgniter\Session\Handlers\FileHandler' driver.
WARNING - 2024-05-04 12:54:22 --> [DEPRECATED] Passing lowercase HTTP method "get" is deprecated. Use uppercase HTTP method like "GET". in SYSTEMPATH\Router\RouteCollection.php on line 1027.
 1 SYSTEMPATH\Router\RouteCollection.php(1027): trigger_error('Passing lowercase HTTP method "get" is deprecated. Use uppercase HTTP method like "GET".', 16384)
 2 APPPATH\Config\Routes.php(13): CodeIgniter\Router\RouteCollection->match([...], 'login', 'AuthController::login', [...])
 3 SYSTEMPATH\Router\RouteCollection.php(340): require('C:\\xampp\\htdocs\\ci4-g4a\\app\\Config\\Routes.php')
 4 SYSTEMPATH\CodeIgniter.php(823): CodeIgniter\Router\RouteCollection->loadRoutes()
 5 SYSTEMPATH\CodeIgniter.php(457): CodeIgniter\CodeIgniter->tryToRouteIt(null)
 6 SYSTEMPATH\CodeIgniter.php(355): CodeIgniter\CodeIgniter->handleRequest(null, Object(Config\Cache), false)
 7 SYSTEMPATH\Boot.php(312): CodeIgniter\CodeIgniter->run()
 8 SYSTEMPATH\Boot.php(67): CodeIgniter\Boot::runCodeIgniter(Object(CodeIgniter\CodeIgniter))
 9 FCPATH\index.php(56): CodeIgniter\Boot::bootWeb(Object(Config\Paths))
10 SYSTEMPATH\Commands\Server\rewrite.php(49): require_once('C:\\xampp\\htdocs\\ci4-g4a\\public\\index.php')
WARNING - 2024-05-04 12:54:22 --> [DEPRECATED] Passing lowercase HTTP method "post" is deprecated. Use uppercase HTTP method like "POST". in SYSTEMPATH\Router\RouteCollection.php on line 1027.
 1 SYSTEMPATH\Router\RouteCollection.php(1027): trigger_error('Passing lowercase HTTP method "post" is deprecated. Use uppercase HTTP method like "POST".', 16384)
 2 APPPATH\Config\Routes.php(13): CodeIgniter\Router\RouteCollection->match([...], 'login', 'AuthController::login', [...])
 3 SYSTEMPATH\Router\RouteCollection.php(340): require('C:\\xampp\\htdocs\\ci4-g4a\\app\\Config\\Routes.php')
 4 SYSTEMPATH\CodeIgniter.php(823): CodeIgniter\Router\RouteCollection->loadRoutes()
 5 SYSTEMPATH\CodeIgniter.php(457): CodeIgniter\CodeIgniter->tryToRouteIt(null)
 6 SYSTEMPATH\CodeIgniter.php(355): CodeIgniter\CodeIgniter->handleRequest(null, Object(Config\Cache), false)
 7 SYSTEMPATH\Boot.php(312): CodeIgniter\CodeIgniter->run()
 8 SYSTEMPATH\Boot.php(67): CodeIgniter\Boot::runCodeIgniter(Object(CodeIgniter\CodeIgniter))
 9 FCPATH\index.php(56): CodeIgniter\Boot::bootWeb(Object(Config\Paths))
10 SYSTEMPATH\Commands\Server\rewrite.php(49): require_once('C:\\xampp\\htdocs\\ci4-g4a\\public\\index.php')
WARNING - 2024-05-04 12:54:22 --> [DEPRECATED] Passing lowercase HTTP method "get" is deprecated. Use uppercase HTTP method like "GET". in SYSTEMPATH\Router\RouteCollection.php on line 1027.
 1 SYSTEMPATH\Router\RouteCollection.php(1027): trigger_error('Passing lowercase HTTP method "get" is deprecated. Use uppercase HTTP method like "GET".', 16384)
 2 APPPATH\Config\Routes.php(14): CodeIgniter\Router\RouteCollection->match([...], 'register', 'AuthController::register', [...])
 3 SYSTEMPATH\Router\RouteCollection.php(340): require('C:\\xampp\\htdocs\\ci4-g4a\\app\\Config\\Routes.php')
 4 SYSTEMPATH\CodeIgniter.php(823): CodeIgniter\Router\RouteCollection->loadRoutes()
 5 SYSTEMPATH\CodeIgniter.php(457): CodeIgniter\CodeIgniter->tryToRouteIt(null)
 6 SYSTEMPATH\CodeIgniter.php(355): CodeIgniter\CodeIgniter->handleRequest(null, Object(Config\Cache), false)
 7 SYSTEMPATH\Boot.php(312): CodeIgniter\CodeIgniter->run()
 8 SYSTEMPATH\Boot.php(67): CodeIgniter\Boot::runCodeIgniter(Object(CodeIgniter\CodeIgniter))
 9 FCPATH\index.php(56): CodeIgniter\Boot::bootWeb(Object(Config\Paths))
10 SYSTEMPATH\Commands\Server\rewrite.php(49): require_once('C:\\xampp\\htdocs\\ci4-g4a\\public\\index.php')
WARNING - 2024-05-04 12:54:22 --> [DEPRECATED] Passing lowercase HTTP method "post" is deprecated. Use uppercase HTTP method like "POST". in SYSTEMPATH\Router\RouteCollection.php on line 1027.
 1 SYSTEMPATH\Router\RouteCollection.php(1027): trigger_error('Passing lowercase HTTP method "post" is deprecated. Use uppercase HTTP method like "POST".', 16384)
 2 APPPATH\Config\Routes.php(14): CodeIgniter\Router\RouteCollection->match([...], 'register', 'AuthController::register', [...])
 3 SYSTEMPATH\Router\RouteCollection.php(340): require('C:\\xampp\\htdocs\\ci4-g4a\\app\\Config\\Routes.php')
 4 SYSTEMPATH\CodeIgniter.php(823): CodeIgniter\Router\RouteCollection->loadRoutes()
 5 SYSTEMPATH\CodeIgniter.php(457): CodeIgniter\CodeIgniter->tryToRouteIt(null)
 6 SYSTEMPATH\CodeIgniter.php(355): CodeIgniter\CodeIgniter->handleRequest(null, Object(Config\Cache), false)
 7 SYSTEMPATH\Boot.php(312): CodeIgniter\CodeIgniter->run()
 8 SYSTEMPATH\Boot.php(67): CodeIgniter\Boot::runCodeIgniter(Object(CodeIgniter\CodeIgniter))
 9 FCPATH\index.php(56): CodeIgniter\Boot::bootWeb(Object(Config\Paths))
10 SYSTEMPATH\Commands\Server\rewrite.php(49): require_once('C:\\xampp\\htdocs\\ci4-g4a\\public\\index.php')
INFO - 2024-05-04 12:54:22 --> Session: Class initialized using 'CodeIgniter\Session\Handlers\FileHandler' driver.
WARNING - 2024-05-04 12:54:26 --> [DEPRECATED] Passing lowercase HTTP method "get" is deprecated. Use uppercase HTTP method like "GET". in SYSTEMPATH\Router\RouteCollection.php on line 1027.
 1 SYSTEMPATH\Router\RouteCollection.php(1027): trigger_error('Passing lowercase HTTP method "get" is deprecated. Use uppercase HTTP method like "GET".', 16384)
 2 APPPATH\Config\Routes.php(13): CodeIgniter\Router\RouteCollection->match([...], 'login', 'AuthController::login', [...])
 3 SYSTEMPATH\Router\RouteCollection.php(340): require('C:\\xampp\\htdocs\\ci4-g4a\\app\\Config\\Routes.php')
 4 SYSTEMPATH\CodeIgniter.php(823): CodeIgniter\Router\RouteCollection->loadRoutes()
 5 SYSTEMPATH\CodeIgniter.php(457): CodeIgniter\CodeIgniter->tryToRouteIt(null)
 6 SYSTEMPATH\CodeIgniter.php(355): CodeIgniter\CodeIgniter->handleRequest(null, Object(Config\Cache), false)
 7 SYSTEMPATH\Boot.php(312): CodeIgniter\CodeIgniter->run()
 8 SYSTEMPATH\Boot.php(67): CodeIgniter\Boot::runCodeIgniter(Object(CodeIgniter\CodeIgniter))
 9 FCPATH\index.php(56): CodeIgniter\Boot::bootWeb(Object(Config\Paths))
10 SYSTEMPATH\Commands\Server\rewrite.php(49): require_once('C:\\xampp\\htdocs\\ci4-g4a\\public\\index.php')
WARNING - 2024-05-04 12:54:26 --> [DEPRECATED] Passing lowercase HTTP method "post" is deprecated. Use uppercase HTTP method like "POST". in SYSTEMPATH\Router\RouteCollection.php on line 1027.
 1 SYSTEMPATH\Router\RouteCollection.php(1027): trigger_error('Passing lowercase HTTP method "post" is deprecated. Use uppercase HTTP method like "POST".', 16384)
 2 APPPATH\Config\Routes.php(13): CodeIgniter\Router\RouteCollection->match([...], 'login', 'AuthController::login', [...])
 3 SYSTEMPATH\Router\RouteCollection.php(340): require('C:\\xampp\\htdocs\\ci4-g4a\\app\\Config\\Routes.php')
 4 SYSTEMPATH\CodeIgniter.php(823): CodeIgniter\Router\RouteCollection->loadRoutes()
 5 SYSTEMPATH\CodeIgniter.php(457): CodeIgniter\CodeIgniter->tryToRouteIt(null)
 6 SYSTEMPATH\CodeIgniter.php(355): CodeIgniter\CodeIgniter->handleRequest(null, Object(Config\Cache), false)
 7 SYSTEMPATH\Boot.php(312): CodeIgniter\CodeIgniter->run()
 8 SYSTEMPATH\Boot.php(67): CodeIgniter\Boot::runCodeIgniter(Object(CodeIgniter\CodeIgniter))
 9 FCPATH\index.php(56): CodeIgniter\Boot::bootWeb(Object(Config\Paths))
10 SYSTEMPATH\Commands\Server\rewrite.php(49): require_once('C:\\xampp\\htdocs\\ci4-g4a\\public\\index.php')
WARNING - 2024-05-04 12:54:26 --> [DEPRECATED] Passing lowercase HTTP method "get" is deprecated. Use uppercase HTTP method like "GET". in SYSTEMPATH\Router\RouteCollection.php on line 1027.
 1 SYSTEMPATH\Router\RouteCollection.php(1027): trigger_error('Passing lowercase HTTP method "get" is deprecated. Use uppercase HTTP method like "GET".', 16384)
 2 APPPATH\Config\Routes.php(14): CodeIgniter\Router\RouteCollection->match([...], 'register', 'AuthController::register', [...])
 3 SYSTEMPATH\Router\RouteCollection.php(340): require('C:\\xampp\\htdocs\\ci4-g4a\\app\\Config\\Routes.php')
 4 SYSTEMPATH\CodeIgniter.php(823): CodeIgniter\Router\RouteCollection->loadRoutes()
 5 SYSTEMPATH\CodeIgniter.php(457): CodeIgniter\CodeIgniter->tryToRouteIt(null)
 6 SYSTEMPATH\CodeIgniter.php(355): CodeIgniter\CodeIgniter->handleRequest(null, Object(Config\Cache), false)
 7 SYSTEMPATH\Boot.php(312): CodeIgniter\CodeIgniter->run()
 8 SYSTEMPATH\Boot.php(67): CodeIgniter\Boot::runCodeIgniter(Object(CodeIgniter\CodeIgniter))
 9 FCPATH\index.php(56): CodeIgniter\Boot::bootWeb(Object(Config\Paths))
10 SYSTEMPATH\Commands\Server\rewrite.php(49): require_once('C:\\xampp\\htdocs\\ci4-g4a\\public\\index.php')
WARNING - 2024-05-04 12:54:26 --> [DEPRECATED] Passing lowercase HTTP method "post" is deprecated. Use uppercase HTTP method like "POST". in SYSTEMPATH\Router\RouteCollection.php on line 1027.
 1 SYSTEMPATH\Router\RouteCollection.php(1027): trigger_error('Passing lowercase HTTP method "post" is deprecated. Use uppercase HTTP method like "POST".', 16384)
 2 APPPATH\Config\Routes.php(14): CodeIgniter\Router\RouteCollection->match([...], 'register', 'AuthController::register', [...])
 3 SYSTEMPATH\Router\RouteCollection.php(340): require('C:\\xampp\\htdocs\\ci4-g4a\\app\\Config\\Routes.php')
 4 SYSTEMPATH\CodeIgniter.php(823): CodeIgniter\Router\RouteCollection->loadRoutes()
 5 SYSTEMPATH\CodeIgniter.php(457): CodeIgniter\CodeIgniter->tryToRouteIt(null)
 6 SYSTEMPATH\CodeIgniter.php(355): CodeIgniter\CodeIgniter->handleRequest(null, Object(Config\Cache), false)
 7 SYSTEMPATH\Boot.php(312): CodeIgniter\CodeIgniter->run()
 8 SYSTEMPATH\Boot.php(67): CodeIgniter\Boot::runCodeIgniter(Object(CodeIgniter\CodeIgniter))
 9 FCPATH\index.php(56): CodeIgniter\Boot::bootWeb(Object(Config\Paths))
10 SYSTEMPATH\Commands\Server\rewrite.php(49): require_once('C:\\xampp\\htdocs\\ci4-g4a\\public\\index.php')
INFO - 2024-05-04 12:54:26 --> Session: Class initialized using 'CodeIgniter\Session\Handlers\FileHandler' driver.
WARNING - 2024-05-04 12:54:33 --> [DEPRECATED] Passing lowercase HTTP method "get" is deprecated. Use uppercase HTTP method like "GET". in SYSTEMPATH\Router\RouteCollection.php on line 1027.
 1 SYSTEMPATH\Router\RouteCollection.php(1027): trigger_error('Passing lowercase HTTP method "get" is deprecated. Use uppercase HTTP method like "GET".', 16384)
 2 APPPATH\Config\Routes.php(13): CodeIgniter\Router\RouteCollection->match([...], 'login', 'AuthController::login', [...])
 3 SYSTEMPATH\Router\RouteCollection.php(340): require('C:\\xampp\\htdocs\\ci4-g4a\\app\\Config\\Routes.php')
 4 SYSTEMPATH\CodeIgniter.php(823): CodeIgniter\Router\RouteCollection->loadRoutes()
 5 SYSTEMPATH\CodeIgniter.php(457): CodeIgniter\CodeIgniter->tryToRouteIt(null)
 6 SYSTEMPATH\CodeIgniter.php(355): CodeIgniter\CodeIgniter->handleRequest(null, Object(Config\Cache), false)
 7 SYSTEMPATH\Boot.php(312): CodeIgniter\CodeIgniter->run()
 8 SYSTEMPATH\Boot.php(67): CodeIgniter\Boot::runCodeIgniter(Object(CodeIgniter\CodeIgniter))
 9 FCPATH\index.php(56): CodeIgniter\Boot::bootWeb(Object(Config\Paths))
10 SYSTEMPATH\Commands\Server\rewrite.php(49): require_once('C:\\xampp\\htdocs\\ci4-g4a\\public\\index.php')
WARNING - 2024-05-04 12:54:33 --> [DEPRECATED] Passing lowercase HTTP method "post" is deprecated. Use uppercase HTTP method like "POST". in SYSTEMPATH\Router\RouteCollection.php on line 1027.
 1 SYSTEMPATH\Router\RouteCollection.php(1027): trigger_error('Passing lowercase HTTP method "post" is deprecated. Use uppercase HTTP method like "POST".', 16384)
 2 APPPATH\Config\Routes.php(13): CodeIgniter\Router\RouteCollection->match([...], 'login', 'AuthController::login', [...])
 3 SYSTEMPATH\Router\RouteCollection.php(340): require('C:\\xampp\\htdocs\\ci4-g4a\\app\\Config\\Routes.php')
 4 SYSTEMPATH\CodeIgniter.php(823): CodeIgniter\Router\RouteCollection->loadRoutes()
 5 SYSTEMPATH\CodeIgniter.php(457): CodeIgniter\CodeIgniter->tryToRouteIt(null)
 6 SYSTEMPATH\CodeIgniter.php(355): CodeIgniter\CodeIgniter->handleRequest(null, Object(Config\Cache), false)
 7 SYSTEMPATH\Boot.php(312): CodeIgniter\CodeIgniter->run()
 8 SYSTEMPATH\Boot.php(67): CodeIgniter\Boot::runCodeIgniter(Object(CodeIgniter\CodeIgniter))
 9 FCPATH\index.php(56): CodeIgniter\Boot::bootWeb(Object(Config\Paths))
10 SYSTEMPATH\Commands\Server\rewrite.php(49): require_once('C:\\xampp\\htdocs\\ci4-g4a\\public\\index.php')
WARNING - 2024-05-04 12:54:33 --> [DEPRECATED] Passing lowercase HTTP method "get" is deprecated. Use uppercase HTTP method like "GET". in SYSTEMPATH\Router\RouteCollection.php on line 1027.
 1 SYSTEMPATH\Router\RouteCollection.php(1027): trigger_error('Passing lowercase HTTP method "get" is deprecated. Use uppercase HTTP method like "GET".', 16384)
 2 APPPATH\Config\Routes.php(14): CodeIgniter\Router\RouteCollection->match([...], 'register', 'AuthController::register', [...])
 3 SYSTEMPATH\Router\RouteCollection.php(340): require('C:\\xampp\\htdocs\\ci4-g4a\\app\\Config\\Routes.php')
 4 SYSTEMPATH\CodeIgniter.php(823): CodeIgniter\Router\RouteCollection->loadRoutes()
 5 SYSTEMPATH\CodeIgniter.php(457): CodeIgniter\CodeIgniter->tryToRouteIt(null)
 6 SYSTEMPATH\CodeIgniter.php(355): CodeIgniter\CodeIgniter->handleRequest(null, Object(Config\Cache), false)
 7 SYSTEMPATH\Boot.php(312): CodeIgniter\CodeIgniter->run()
 8 SYSTEMPATH\Boot.php(67): CodeIgniter\Boot::runCodeIgniter(Object(CodeIgniter\CodeIgniter))
 9 FCPATH\index.php(56): CodeIgniter\Boot::bootWeb(Object(Config\Paths))
10 SYSTEMPATH\Commands\Server\rewrite.php(49): require_once('C:\\xampp\\htdocs\\ci4-g4a\\public\\index.php')
WARNING - 2024-05-04 12:54:33 --> [DEPRECATED] Passing lowercase HTTP method "post" is deprecated. Use uppercase HTTP method like "POST". in SYSTEMPATH\Router\RouteCollection.php on line 1027.
 1 SYSTEMPATH\Router\RouteCollection.php(1027): trigger_error('Passing lowercase HTTP method "post" is deprecated. Use uppercase HTTP method like "POST".', 16384)
 2 APPPATH\Config\Routes.php(14): CodeIgniter\Router\RouteCollection->match([...], 'register', 'AuthController::register', [...])
 3 SYSTEMPATH\Router\RouteCollection.php(340): require('C:\\xampp\\htdocs\\ci4-g4a\\app\\Config\\Routes.php')
 4 SYSTEMPATH\CodeIgniter.php(823): CodeIgniter\Router\RouteCollection->loadRoutes()
 5 SYSTEMPATH\CodeIgniter.php(457): CodeIgniter\CodeIgniter->tryToRouteIt(null)
 6 SYSTEMPATH\CodeIgniter.php(355): CodeIgniter\CodeIgniter->handleRequest(null, Object(Config\Cache), false)
 7 SYSTEMPATH\Boot.php(312): CodeIgniter\CodeIgniter->run()
 8 SYSTEMPATH\Boot.php(67): CodeIgniter\Boot::runCodeIgniter(Object(CodeIgniter\CodeIgniter))
 9 FCPATH\index.php(56): CodeIgniter\Boot::bootWeb(Object(Config\Paths))
10 SYSTEMPATH\Commands\Server\rewrite.php(49): require_once('C:\\xampp\\htdocs\\ci4-g4a\\public\\index.php')
WARNING - 2024-05-04 12:54:34 --> [DEPRECATED] Passing lowercase HTTP method "get" is deprecated. Use uppercase HTTP method like "GET". in SYSTEMPATH\Router\RouteCollection.php on line 1027.
 1 SYSTEMPATH\Router\RouteCollection.php(1027): trigger_error('Passing lowercase HTTP method "get" is deprecated. Use uppercase HTTP method like "GET".', 16384)
 2 APPPATH\Config\Routes.php(13): CodeIgniter\Router\RouteCollection->match([...], 'login', 'AuthController::login', [...])
 3 SYSTEMPATH\Router\RouteCollection.php(340): require('C:\\xampp\\htdocs\\ci4-g4a\\app\\Config\\Routes.php')
 4 SYSTEMPATH\CodeIgniter.php(823): CodeIgniter\Router\RouteCollection->loadRoutes()
 5 SYSTEMPATH\CodeIgniter.php(457): CodeIgniter\CodeIgniter->tryToRouteIt(null)
 6 SYSTEMPATH\CodeIgniter.php(355): CodeIgniter\CodeIgniter->handleRequest(null, Object(Config\Cache), false)
 7 SYSTEMPATH\Boot.php(312): CodeIgniter\CodeIgniter->run()
 8 SYSTEMPATH\Boot.php(67): CodeIgniter\Boot::runCodeIgniter(Object(CodeIgniter\CodeIgniter))
 9 FCPATH\index.php(56): CodeIgniter\Boot::bootWeb(Object(Config\Paths))
10 SYSTEMPATH\Commands\Server\rewrite.php(49): require_once('C:\\xampp\\htdocs\\ci4-g4a\\public\\index.php')
WARNING - 2024-05-04 12:54:34 --> [DEPRECATED] Passing lowercase HTTP method "post" is deprecated. Use uppercase HTTP method like "POST". in SYSTEMPATH\Router\RouteCollection.php on line 1027.
 1 SYSTEMPATH\Router\RouteCollection.php(1027): trigger_error('Passing lowercase HTTP method "post" is deprecated. Use uppercase HTTP method like "POST".', 16384)
 2 APPPATH\Config\Routes.php(13): CodeIgniter\Router\RouteCollection->match([...], 'login', 'AuthController::login', [...])
 3 SYSTEMPATH\Router\RouteCollection.php(340): require('C:\\xampp\\htdocs\\ci4-g4a\\app\\Config\\Routes.php')
 4 SYSTEMPATH\CodeIgniter.php(823): CodeIgniter\Router\RouteCollection->loadRoutes()
 5 SYSTEMPATH\CodeIgniter.php(457): CodeIgniter\CodeIgniter->tryToRouteIt(null)
 6 SYSTEMPATH\CodeIgniter.php(355): CodeIgniter\CodeIgniter->handleRequest(null, Object(Config\Cache), false)
 7 SYSTEMPATH\Boot.php(312): CodeIgniter\CodeIgniter->run()
 8 SYSTEMPATH\Boot.php(67): CodeIgniter\Boot::runCodeIgniter(Object(CodeIgniter\CodeIgniter))
 9 FCPATH\index.php(56): CodeIgniter\Boot::bootWeb(Object(Config\Paths))
10 SYSTEMPATH\Commands\Server\rewrite.php(49): require_once('C:\\xampp\\htdocs\\ci4-g4a\\public\\index.php')
WARNING - 2024-05-04 12:54:34 --> [DEPRECATED] Passing lowercase HTTP method "get" is deprecated. Use uppercase HTTP method like "GET". in SYSTEMPATH\Router\RouteCollection.php on line 1027.
 1 SYSTEMPATH\Router\RouteCollection.php(1027): trigger_error('Passing lowercase HTTP method "get" is deprecated. Use uppercase HTTP method like "GET".', 16384)
 2 APPPATH\Config\Routes.php(14): CodeIgniter\Router\RouteCollection->match([...], 'register', 'AuthController::register', [...])
 3 SYSTEMPATH\Router\RouteCollection.php(340): require('C:\\xampp\\htdocs\\ci4-g4a\\app\\Config\\Routes.php')
 4 SYSTEMPATH\CodeIgniter.php(823): CodeIgniter\Router\RouteCollection->loadRoutes()
 5 SYSTEMPATH\CodeIgniter.php(457): CodeIgniter\CodeIgniter->tryToRouteIt(null)
 6 SYSTEMPATH\CodeIgniter.php(355): CodeIgniter\CodeIgniter->handleRequest(null, Object(Config\Cache), false)
 7 SYSTEMPATH\Boot.php(312): CodeIgniter\CodeIgniter->run()
 8 SYSTEMPATH\Boot.php(67): CodeIgniter\Boot::runCodeIgniter(Object(CodeIgniter\CodeIgniter))
 9 FCPATH\index.php(56): CodeIgniter\Boot::bootWeb(Object(Config\Paths))
10 SYSTEMPATH\Commands\Server\rewrite.php(49): require_once('C:\\xampp\\htdocs\\ci4-g4a\\public\\index.php')
WARNING - 2024-05-04 12:54:34 --> [DEPRECATED] Passing lowercase HTTP method "post" is deprecated. Use uppercase HTTP method like "POST". in SYSTEMPATH\Router\RouteCollection.php on line 1027.
 1 SYSTEMPATH\Router\RouteCollection.php(1027): trigger_error('Passing lowercase HTTP method "post" is deprecated. Use uppercase HTTP method like "POST".', 16384)
 2 APPPATH\Config\Routes.php(14): CodeIgniter\Router\RouteCollection->match([...], 'register', 'AuthController::register', [...])
 3 SYSTEMPATH\Router\RouteCollection.php(340): require('C:\\xampp\\htdocs\\ci4-g4a\\app\\Config\\Routes.php')
 4 SYSTEMPATH\CodeIgniter.php(823): CodeIgniter\Router\RouteCollection->loadRoutes()
 5 SYSTEMPATH\CodeIgniter.php(457): CodeIgniter\CodeIgniter->tryToRouteIt(null)
 6 SYSTEMPATH\CodeIgniter.php(355): CodeIgniter\CodeIgniter->handleRequest(null, Object(Config\Cache), false)
 7 SYSTEMPATH\Boot.php(312): CodeIgniter\CodeIgniter->run()
 8 SYSTEMPATH\Boot.php(67): CodeIgniter\Boot::runCodeIgniter(Object(CodeIgniter\CodeIgniter))
 9 FCPATH\index.php(56): CodeIgniter\Boot::bootWeb(Object(Config\Paths))
10 SYSTEMPATH\Commands\Server\rewrite.php(49): require_once('C:\\xampp\\htdocs\\ci4-g4a\\public\\index.php')
WARNING - 2024-05-04 12:54:35 --> [DEPRECATED] Passing lowercase HTTP method "get" is deprecated. Use uppercase HTTP method like "GET". in SYSTEMPATH\Router\RouteCollection.php on line 1027.
 1 SYSTEMPATH\Router\RouteCollection.php(1027): trigger_error('Passing lowercase HTTP method "get" is deprecated. Use uppercase HTTP method like "GET".', 16384)
 2 APPPATH\Config\Routes.php(13): CodeIgniter\Router\RouteCollection->match([...], 'login', 'AuthController::login', [...])
 3 SYSTEMPATH\Router\RouteCollection.php(340): require('C:\\xampp\\htdocs\\ci4-g4a\\app\\Config\\Routes.php')
 4 SYSTEMPATH\CodeIgniter.php(823): CodeIgniter\Router\RouteCollection->loadRoutes()
 5 SYSTEMPATH\CodeIgniter.php(457): CodeIgniter\CodeIgniter->tryToRouteIt(null)
 6 SYSTEMPATH\CodeIgniter.php(355): CodeIgniter\CodeIgniter->handleRequest(null, Object(Config\Cache), false)
 7 SYSTEMPATH\Boot.php(312): CodeIgniter\CodeIgniter->run()
 8 SYSTEMPATH\Boot.php(67): CodeIgniter\Boot::runCodeIgniter(Object(CodeIgniter\CodeIgniter))
 9 FCPATH\index.php(56): CodeIgniter\Boot::bootWeb(Object(Config\Paths))
10 SYSTEMPATH\Commands\Server\rewrite.php(49): require_once('C:\\xampp\\htdocs\\ci4-g4a\\public\\index.php')
WARNING - 2024-05-04 12:54:35 --> [DEPRECATED] Passing lowercase HTTP method "post" is deprecated. Use uppercase HTTP method like "POST". in SYSTEMPATH\Router\RouteCollection.php on line 1027.
 1 SYSTEMPATH\Router\RouteCollection.php(1027): trigger_error('Passing lowercase HTTP method "post" is deprecated. Use uppercase HTTP method like "POST".', 16384)
 2 APPPATH\Config\Routes.php(13): CodeIgniter\Router\RouteCollection->match([...], 'login', 'AuthController::login', [...])
 3 SYSTEMPATH\Router\RouteCollection.php(340): require('C:\\xampp\\htdocs\\ci4-g4a\\app\\Config\\Routes.php')
 4 SYSTEMPATH\CodeIgniter.php(823): CodeIgniter\Router\RouteCollection->loadRoutes()
 5 SYSTEMPATH\CodeIgniter.php(457): CodeIgniter\CodeIgniter->tryToRouteIt(null)
 6 SYSTEMPATH\CodeIgniter.php(355): CodeIgniter\CodeIgniter->handleRequest(null, Object(Config\Cache), false)
 7 SYSTEMPATH\Boot.php(312): CodeIgniter\CodeIgniter->run()
 8 SYSTEMPATH\Boot.php(67): CodeIgniter\Boot::runCodeIgniter(Object(CodeIgniter\CodeIgniter))
 9 FCPATH\index.php(56): CodeIgniter\Boot::bootWeb(Object(Config\Paths))
10 SYSTEMPATH\Commands\Server\rewrite.php(49): require_once('C:\\xampp\\htdocs\\ci4-g4a\\public\\index.php')
WARNING - 2024-05-04 12:54:35 --> [DEPRECATED] Passing lowercase HTTP method "get" is deprecated. Use uppercase HTTP method like "GET". in SYSTEMPATH\Router\RouteCollection.php on line 1027.
 1 SYSTEMPATH\Router\RouteCollection.php(1027): trigger_error('Passing lowercase HTTP method "get" is deprecated. Use uppercase HTTP method like "GET".', 16384)
 2 APPPATH\Config\Routes.php(14): CodeIgniter\Router\RouteCollection->match([...], 'register', 'AuthController::register', [...])
 3 SYSTEMPATH\Router\RouteCollection.php(340): require('C:\\xampp\\htdocs\\ci4-g4a\\app\\Config\\Routes.php')
 4 SYSTEMPATH\CodeIgniter.php(823): CodeIgniter\Router\RouteCollection->loadRoutes()
 5 SYSTEMPATH\CodeIgniter.php(457): CodeIgniter\CodeIgniter->tryToRouteIt(null)
 6 SYSTEMPATH\CodeIgniter.php(355): CodeIgniter\CodeIgniter->handleRequest(null, Object(Config\Cache), false)
 7 SYSTEMPATH\Boot.php(312): CodeIgniter\CodeIgniter->run()
 8 SYSTEMPATH\Boot.php(67): CodeIgniter\Boot::runCodeIgniter(Object(CodeIgniter\CodeIgniter))
 9 FCPATH\index.php(56): CodeIgniter\Boot::bootWeb(Object(Config\Paths))
10 SYSTEMPATH\Commands\Server\rewrite.php(49): require_once('C:\\xampp\\htdocs\\ci4-g4a\\public\\index.php')
WARNING - 2024-05-04 12:54:35 --> [DEPRECATED] Passing lowercase HTTP method "post" is deprecated. Use uppercase HTTP method like "POST". in SYSTEMPATH\Router\RouteCollection.php on line 1027.
 1 SYSTEMPATH\Router\RouteCollection.php(1027): trigger_error('Passing lowercase HTTP method "post" is deprecated. Use uppercase HTTP method like "POST".', 16384)
 2 APPPATH\Config\Routes.php(14): CodeIgniter\Router\RouteCollection->match([...], 'register', 'AuthController::register', [...])
 3 SYSTEMPATH\Router\RouteCollection.php(340): require('C:\\xampp\\htdocs\\ci4-g4a\\app\\Config\\Routes.php')
 4 SYSTEMPATH\CodeIgniter.php(823): CodeIgniter\Router\RouteCollection->loadRoutes()
 5 SYSTEMPATH\CodeIgniter.php(457): CodeIgniter\CodeIgniter->tryToRouteIt(null)
 6 SYSTEMPATH\CodeIgniter.php(355): CodeIgniter\CodeIgniter->handleRequest(null, Object(Config\Cache), false)
 7 SYSTEMPATH\Boot.php(312): CodeIgniter\CodeIgniter->run()
 8 SYSTEMPATH\Boot.php(67): CodeIgniter\Boot::runCodeIgniter(Object(CodeIgniter\CodeIgniter))
 9 FCPATH\index.php(56): CodeIgniter\Boot::bootWeb(Object(Config\Paths))
10 SYSTEMPATH\Commands\Server\rewrite.php(49): require_once('C:\\xampp\\htdocs\\ci4-g4a\\public\\index.php')
INFO - 2024-05-04 12:54:35 --> Session: Class initialized using 'CodeIgniter\Session\Handlers\FileHandler' driver.
WARNING - 2024-05-04 12:54:44 --> [DEPRECATED] Passing lowercase HTTP method "get" is deprecated. Use uppercase HTTP method like "GET". in SYSTEMPATH\Router\RouteCollection.php on line 1027.
 1 SYSTEMPATH\Router\RouteCollection.php(1027): trigger_error('Passing lowercase HTTP method "get" is deprecated. Use uppercase HTTP method like "GET".', 16384)
 2 APPPATH\Config\Routes.php(13): CodeIgniter\Router\RouteCollection->match([...], 'login', 'AuthController::login', [...])
 3 SYSTEMPATH\Router\RouteCollection.php(340): require('C:\\xampp\\htdocs\\ci4-g4a\\app\\Config\\Routes.php')
 4 SYSTEMPATH\CodeIgniter.php(823): CodeIgniter\Router\RouteCollection->loadRoutes()
 5 SYSTEMPATH\CodeIgniter.php(457): CodeIgniter\CodeIgniter->tryToRouteIt(null)
 6 SYSTEMPATH\CodeIgniter.php(355): CodeIgniter\CodeIgniter->handleRequest(null, Object(Config\Cache), false)
 7 SYSTEMPATH\Boot.php(312): CodeIgniter\CodeIgniter->run()
 8 SYSTEMPATH\Boot.php(67): CodeIgniter\Boot::runCodeIgniter(Object(CodeIgniter\CodeIgniter))
 9 FCPATH\index.php(56): CodeIgniter\Boot::bootWeb(Object(Config\Paths))
10 SYSTEMPATH\Commands\Server\rewrite.php(49): require_once('C:\\xampp\\htdocs\\ci4-g4a\\public\\index.php')
WARNING - 2024-05-04 12:54:44 --> [DEPRECATED] Passing lowercase HTTP method "post" is deprecated. Use uppercase HTTP method like "POST". in SYSTEMPATH\Router\RouteCollection.php on line 1027.
 1 SYSTEMPATH\Router\RouteCollection.php(1027): trigger_error('Passing lowercase HTTP method "post" is deprecated. Use uppercase HTTP method like "POST".', 16384)
 2 APPPATH\Config\Routes.php(13): CodeIgniter\Router\RouteCollection->match([...], 'login', 'AuthController::login', [...])
 3 SYSTEMPATH\Router\RouteCollection.php(340): require('C:\\xampp\\htdocs\\ci4-g4a\\app\\Config\\Routes.php')
 4 SYSTEMPATH\CodeIgniter.php(823): CodeIgniter\Router\RouteCollection->loadRoutes()
 5 SYSTEMPATH\CodeIgniter.php(457): CodeIgniter\CodeIgniter->tryToRouteIt(null)
 6 SYSTEMPATH\CodeIgniter.php(355): CodeIgniter\CodeIgniter->handleRequest(null, Object(Config\Cache), false)
 7 SYSTEMPATH\Boot.php(312): CodeIgniter\CodeIgniter->run()
 8 SYSTEMPATH\Boot.php(67): CodeIgniter\Boot::runCodeIgniter(Object(CodeIgniter\CodeIgniter))
 9 FCPATH\index.php(56): CodeIgniter\Boot::bootWeb(Object(Config\Paths))
10 SYSTEMPATH\Commands\Server\rewrite.php(49): require_once('C:\\xampp\\htdocs\\ci4-g4a\\public\\index.php')
WARNING - 2024-05-04 12:54:44 --> [DEPRECATED] Passing lowercase HTTP method "get" is deprecated. Use uppercase HTTP method like "GET". in SYSTEMPATH\Router\RouteCollection.php on line 1027.
 1 SYSTEMPATH\Router\RouteCollection.php(1027): trigger_error('Passing lowercase HTTP method "get" is deprecated. Use uppercase HTTP method like "GET".', 16384)
 2 APPPATH\Config\Routes.php(14): CodeIgniter\Router\RouteCollection->match([...], 'register', 'AuthController::register', [...])
 3 SYSTEMPATH\Router\RouteCollection.php(340): require('C:\\xampp\\htdocs\\ci4-g4a\\app\\Config\\Routes.php')
 4 SYSTEMPATH\CodeIgniter.php(823): CodeIgniter\Router\RouteCollection->loadRoutes()
 5 SYSTEMPATH\CodeIgniter.php(457): CodeIgniter\CodeIgniter->tryToRouteIt(null)
 6 SYSTEMPATH\CodeIgniter.php(355): CodeIgniter\CodeIgniter->handleRequest(null, Object(Config\Cache), false)
 7 SYSTEMPATH\Boot.php(312): CodeIgniter\CodeIgniter->run()
 8 SYSTEMPATH\Boot.php(67): CodeIgniter\Boot::runCodeIgniter(Object(CodeIgniter\CodeIgniter))
 9 FCPATH\index.php(56): CodeIgniter\Boot::bootWeb(Object(Config\Paths))
10 SYSTEMPATH\Commands\Server\rewrite.php(49): require_once('C:\\xampp\\htdocs\\ci4-g4a\\public\\index.php')
WARNING - 2024-05-04 12:54:44 --> [DEPRECATED] Passing lowercase HTTP method "post" is deprecated. Use uppercase HTTP method like "POST". in SYSTEMPATH\Router\RouteCollection.php on line 1027.
 1 SYSTEMPATH\Router\RouteCollection.php(1027): trigger_error('Passing lowercase HTTP method "post" is deprecated. Use uppercase HTTP method like "POST".', 16384)
 2 APPPATH\Config\Routes.php(14): CodeIgniter\Router\RouteCollection->match([...], 'register', 'AuthController::register', [...])
 3 SYSTEMPATH\Router\RouteCollection.php(340): require('C:\\xampp\\htdocs\\ci4-g4a\\app\\Config\\Routes.php')
 4 SYSTEMPATH\CodeIgniter.php(823): CodeIgniter\Router\RouteCollection->loadRoutes()
 5 SYSTEMPATH\CodeIgniter.php(457): CodeIgniter\CodeIgniter->tryToRouteIt(null)
 6 SYSTEMPATH\CodeIgniter.php(355): CodeIgniter\CodeIgniter->handleRequest(null, Object(Config\Cache), false)
 7 SYSTEMPATH\Boot.php(312): CodeIgniter\CodeIgniter->run()
 8 SYSTEMPATH\Boot.php(67): CodeIgniter\Boot::runCodeIgniter(Object(CodeIgniter\CodeIgniter))
 9 FCPATH\index.php(56): CodeIgniter\Boot::bootWeb(Object(Config\Paths))
10 SYSTEMPATH\Commands\Server\rewrite.php(49): require_once('C:\\xampp\\htdocs\\ci4-g4a\\public\\index.php')
WARNING - 2024-05-04 12:54:44 --> [DEPRECATED] Passing lowercase HTTP method "get" is deprecated. Use uppercase HTTP method like "GET". in SYSTEMPATH\Router\RouteCollection.php on line 1027.
 1 SYSTEMPATH\Router\RouteCollection.php(1027): trigger_error('Passing lowercase HTTP method "get" is deprecated. Use uppercase HTTP method like "GET".', 16384)
 2 APPPATH\Config\Routes.php(13): CodeIgniter\Router\RouteCollection->match([...], 'login', 'AuthController::login', [...])
 3 SYSTEMPATH\Router\RouteCollection.php(340): require('C:\\xampp\\htdocs\\ci4-g4a\\app\\Config\\Routes.php')
 4 SYSTEMPATH\CodeIgniter.php(823): CodeIgniter\Router\RouteCollection->loadRoutes()
 5 SYSTEMPATH\CodeIgniter.php(457): CodeIgniter\CodeIgniter->tryToRouteIt(null)
 6 SYSTEMPATH\CodeIgniter.php(355): CodeIgniter\CodeIgniter->handleRequest(null, Object(Config\Cache), false)
 7 SYSTEMPATH\Boot.php(312): CodeIgniter\CodeIgniter->run()
 8 SYSTEMPATH\Boot.php(67): CodeIgniter\Boot::runCodeIgniter(Object(CodeIgniter\CodeIgniter))
 9 FCPATH\index.php(56): CodeIgniter\Boot::bootWeb(Object(Config\Paths))
10 SYSTEMPATH\Commands\Server\rewrite.php(49): require_once('C:\\xampp\\htdocs\\ci4-g4a\\public\\index.php')
WARNING - 2024-05-04 12:54:44 --> [DEPRECATED] Passing lowercase HTTP method "post" is deprecated. Use uppercase HTTP method like "POST". in SYSTEMPATH\Router\RouteCollection.php on line 1027.
 1 SYSTEMPATH\Router\RouteCollection.php(1027): trigger_error('Passing lowercase HTTP method "post" is deprecated. Use uppercase HTTP method like "POST".', 16384)
 2 APPPATH\Config\Routes.php(13): CodeIgniter\Router\RouteCollection->match([...], 'login', 'AuthController::login', [...])
 3 SYSTEMPATH\Router\RouteCollection.php(340): require('C:\\xampp\\htdocs\\ci4-g4a\\app\\Config\\Routes.php')
 4 SYSTEMPATH\CodeIgniter.php(823): CodeIgniter\Router\RouteCollection->loadRoutes()
 5 SYSTEMPATH\CodeIgniter.php(457): CodeIgniter\CodeIgniter->tryToRouteIt(null)
 6 SYSTEMPATH\CodeIgniter.php(355): CodeIgniter\CodeIgniter->handleRequest(null, Object(Config\Cache), false)
 7 SYSTEMPATH\Boot.php(312): CodeIgniter\CodeIgniter->run()
 8 SYSTEMPATH\Boot.php(67): CodeIgniter\Boot::runCodeIgniter(Object(CodeIgniter\CodeIgniter))
 9 FCPATH\index.php(56): CodeIgniter\Boot::bootWeb(Object(Config\Paths))
10 SYSTEMPATH\Commands\Server\rewrite.php(49): require_once('C:\\xampp\\htdocs\\ci4-g4a\\public\\index.php')
WARNING - 2024-05-04 12:54:44 --> [DEPRECATED] Passing lowercase HTTP method "get" is deprecated. Use uppercase HTTP method like "GET". in SYSTEMPATH\Router\RouteCollection.php on line 1027.
 1 SYSTEMPATH\Router\RouteCollection.php(1027): trigger_error('Passing lowercase HTTP method "get" is deprecated. Use uppercase HTTP method like "GET".', 16384)
 2 APPPATH\Config\Routes.php(14): CodeIgniter\Router\RouteCollection->match([...], 'register', 'AuthController::register', [...])
 3 SYSTEMPATH\Router\RouteCollection.php(340): require('C:\\xampp\\htdocs\\ci4-g4a\\app\\Config\\Routes.php')
 4 SYSTEMPATH\CodeIgniter.php(823): CodeIgniter\Router\RouteCollection->loadRoutes()
 5 SYSTEMPATH\CodeIgniter.php(457): CodeIgniter\CodeIgniter->tryToRouteIt(null)
 6 SYSTEMPATH\CodeIgniter.php(355): CodeIgniter\CodeIgniter->handleRequest(null, Object(Config\Cache), false)
 7 SYSTEMPATH\Boot.php(312): CodeIgniter\CodeIgniter->run()
 8 SYSTEMPATH\Boot.php(67): CodeIgniter\Boot::runCodeIgniter(Object(CodeIgniter\CodeIgniter))
 9 FCPATH\index.php(56): CodeIgniter\Boot::bootWeb(Object(Config\Paths))
10 SYSTEMPATH\Commands\Server\rewrite.php(49): require_once('C:\\xampp\\htdocs\\ci4-g4a\\public\\index.php')
WARNING - 2024-05-04 12:54:44 --> [DEPRECATED] Passing lowercase HTTP method "post" is deprecated. Use uppercase HTTP method like "POST". in SYSTEMPATH\Router\RouteCollection.php on line 1027.
 1 SYSTEMPATH\Router\RouteCollection.php(1027): trigger_error('Passing lowercase HTTP method "post" is deprecated. Use uppercase HTTP method like "POST".', 16384)
 2 APPPATH\Config\Routes.php(14): CodeIgniter\Router\RouteCollection->match([...], 'register', 'AuthController::register', [...])
 3 SYSTEMPATH\Router\RouteCollection.php(340): require('C:\\xampp\\htdocs\\ci4-g4a\\app\\Config\\Routes.php')
 4 SYSTEMPATH\CodeIgniter.php(823): CodeIgniter\Router\RouteCollection->loadRoutes()
 5 SYSTEMPATH\CodeIgniter.php(457): CodeIgniter\CodeIgniter->tryToRouteIt(null)
 6 SYSTEMPATH\CodeIgniter.php(355): CodeIgniter\CodeIgniter->handleRequest(null, Object(Config\Cache), false)
 7 SYSTEMPATH\Boot.php(312): CodeIgniter\CodeIgniter->run()
 8 SYSTEMPATH\Boot.php(67): CodeIgniter\Boot::runCodeIgniter(Object(CodeIgniter\CodeIgniter))
 9 FCPATH\index.php(56): CodeIgniter\Boot::bootWeb(Object(Config\Paths))
10 SYSTEMPATH\Commands\Server\rewrite.php(49): require_once('C:\\xampp\\htdocs\\ci4-g4a\\public\\index.php')
WARNING - 2024-05-04 12:54:54 --> [DEPRECATED] Passing lowercase HTTP method "get" is deprecated. Use uppercase HTTP method like "GET". in SYSTEMPATH\Router\RouteCollection.php on line 1027.
 1 SYSTEMPATH\Router\RouteCollection.php(1027): trigger_error('Passing lowercase HTTP method "get" is deprecated. Use uppercase HTTP method like "GET".', 16384)
 2 APPPATH\Config\Routes.php(13): CodeIgniter\Router\RouteCollection->match([...], 'login', 'AuthController::login', [...])
 3 SYSTEMPATH\Router\RouteCollection.php(340): require('C:\\xampp\\htdocs\\ci4-g4a\\app\\Config\\Routes.php')
 4 SYSTEMPATH\CodeIgniter.php(823): CodeIgniter\Router\RouteCollection->loadRoutes()
 5 SYSTEMPATH\CodeIgniter.php(457): CodeIgniter\CodeIgniter->tryToRouteIt(null)
 6 SYSTEMPATH\CodeIgniter.php(355): CodeIgniter\CodeIgniter->handleRequest(null, Object(Config\Cache), false)
 7 SYSTEMPATH\Boot.php(312): CodeIgniter\CodeIgniter->run()
 8 SYSTEMPATH\Boot.php(67): CodeIgniter\Boot::runCodeIgniter(Object(CodeIgniter\CodeIgniter))
 9 FCPATH\index.php(56): CodeIgniter\Boot::bootWeb(Object(Config\Paths))
10 SYSTEMPATH\Commands\Server\rewrite.php(49): require_once('C:\\xampp\\htdocs\\ci4-g4a\\public\\index.php')
WARNING - 2024-05-04 12:54:54 --> [DEPRECATED] Passing lowercase HTTP method "post" is deprecated. Use uppercase HTTP method like "POST". in SYSTEMPATH\Router\RouteCollection.php on line 1027.
 1 SYSTEMPATH\Router\RouteCollection.php(1027): trigger_error('Passing lowercase HTTP method "post" is deprecated. Use uppercase HTTP method like "POST".', 16384)
 2 APPPATH\Config\Routes.php(13): CodeIgniter\Router\RouteCollection->match([...], 'login', 'AuthController::login', [...])
 3 SYSTEMPATH\Router\RouteCollection.php(340): require('C:\\xampp\\htdocs\\ci4-g4a\\app\\Config\\Routes.php')
 4 SYSTEMPATH\CodeIgniter.php(823): CodeIgniter\Router\RouteCollection->loadRoutes()
 5 SYSTEMPATH\CodeIgniter.php(457): CodeIgniter\CodeIgniter->tryToRouteIt(null)
 6 SYSTEMPATH\CodeIgniter.php(355): CodeIgniter\CodeIgniter->handleRequest(null, Object(Config\Cache), false)
 7 SYSTEMPATH\Boot.php(312): CodeIgniter\CodeIgniter->run()
 8 SYSTEMPATH\Boot.php(67): CodeIgniter\Boot::runCodeIgniter(Object(CodeIgniter\CodeIgniter))
 9 FCPATH\index.php(56): CodeIgniter\Boot::bootWeb(Object(Config\Paths))
10 SYSTEMPATH\Commands\Server\rewrite.php(49): require_once('C:\\xampp\\htdocs\\ci4-g4a\\public\\index.php')
WARNING - 2024-05-04 12:54:54 --> [DEPRECATED] Passing lowercase HTTP method "get" is deprecated. Use uppercase HTTP method like "GET". in SYSTEMPATH\Router\RouteCollection.php on line 1027.
 1 SYSTEMPATH\Router\RouteCollection.php(1027): trigger_error('Passing lowercase HTTP method "get" is deprecated. Use uppercase HTTP method like "GET".', 16384)
 2 APPPATH\Config\Routes.php(14): CodeIgniter\Router\RouteCollection->match([...], 'register', 'AuthController::register', [...])
 3 SYSTEMPATH\Router\RouteCollection.php(340): require('C:\\xampp\\htdocs\\ci4-g4a\\app\\Config\\Routes.php')
 4 SYSTEMPATH\CodeIgniter.php(823): CodeIgniter\Router\RouteCollection->loadRoutes()
 5 SYSTEMPATH\CodeIgniter.php(457): CodeIgniter\CodeIgniter->tryToRouteIt(null)
 6 SYSTEMPATH\CodeIgniter.php(355): CodeIgniter\CodeIgniter->handleRequest(null, Object(Config\Cache), false)
 7 SYSTEMPATH\Boot.php(312): CodeIgniter\CodeIgniter->run()
 8 SYSTEMPATH\Boot.php(67): CodeIgniter\Boot::runCodeIgniter(Object(CodeIgniter\CodeIgniter))
 9 FCPATH\index.php(56): CodeIgniter\Boot::bootWeb(Object(Config\Paths))
10 SYSTEMPATH\Commands\Server\rewrite.php(49): require_once('C:\\xampp\\htdocs\\ci4-g4a\\public\\index.php')
WARNING - 2024-05-04 12:54:54 --> [DEPRECATED] Passing lowercase HTTP method "post" is deprecated. Use uppercase HTTP method like "POST". in SYSTEMPATH\Router\RouteCollection.php on line 1027.
 1 SYSTEMPATH\Router\RouteCollection.php(1027): trigger_error('Passing lowercase HTTP method "post" is deprecated. Use uppercase HTTP method like "POST".', 16384)
 2 APPPATH\Config\Routes.php(14): CodeIgniter\Router\RouteCollection->match([...], 'register', 'AuthController::register', [...])
 3 SYSTEMPATH\Router\RouteCollection.php(340): require('C:\\xampp\\htdocs\\ci4-g4a\\app\\Config\\Routes.php')
 4 SYSTEMPATH\CodeIgniter.php(823): CodeIgniter\Router\RouteCollection->loadRoutes()
 5 SYSTEMPATH\CodeIgniter.php(457): CodeIgniter\CodeIgniter->tryToRouteIt(null)
 6 SYSTEMPATH\CodeIgniter.php(355): CodeIgniter\CodeIgniter->handleRequest(null, Object(Config\Cache), false)
 7 SYSTEMPATH\Boot.php(312): CodeIgniter\CodeIgniter->run()
 8 SYSTEMPATH\Boot.php(67): CodeIgniter\Boot::runCodeIgniter(Object(CodeIgniter\CodeIgniter))
 9 FCPATH\index.php(56): CodeIgniter\Boot::bootWeb(Object(Config\Paths))
10 SYSTEMPATH\Commands\Server\rewrite.php(49): require_once('C:\\xampp\\htdocs\\ci4-g4a\\public\\index.php')
INFO - 2024-05-04 12:54:54 --> Session: Class initialized using 'CodeIgniter\Session\Handlers\FileHandler' driver.
WARNING - 2024-05-04 12:55:16 --> [DEPRECATED] Passing lowercase HTTP method "get" is deprecated. Use uppercase HTTP method like "GET". in SYSTEMPATH\Router\RouteCollection.php on line 1027.
 1 SYSTEMPATH\Router\RouteCollection.php(1027): trigger_error('Passing lowercase HTTP method "get" is deprecated. Use uppercase HTTP method like "GET".', 16384)
 2 APPPATH\Config\Routes.php(13): CodeIgniter\Router\RouteCollection->match([...], 'login', 'AuthController::login', [...])
 3 SYSTEMPATH\Router\RouteCollection.php(340): require('C:\\xampp\\htdocs\\ci4-g4a\\app\\Config\\Routes.php')
 4 SYSTEMPATH\CodeIgniter.php(823): CodeIgniter\Router\RouteCollection->loadRoutes()
 5 SYSTEMPATH\CodeIgniter.php(457): CodeIgniter\CodeIgniter->tryToRouteIt(null)
 6 SYSTEMPATH\CodeIgniter.php(355): CodeIgniter\CodeIgniter->handleRequest(null, Object(Config\Cache), false)
 7 SYSTEMPATH\Boot.php(312): CodeIgniter\CodeIgniter->run()
 8 SYSTEMPATH\Boot.php(67): CodeIgniter\Boot::runCodeIgniter(Object(CodeIgniter\CodeIgniter))
 9 FCPATH\index.php(56): CodeIgniter\Boot::bootWeb(Object(Config\Paths))
10 SYSTEMPATH\Commands\Server\rewrite.php(49): require_once('C:\\xampp\\htdocs\\ci4-g4a\\public\\index.php')
WARNING - 2024-05-04 12:55:16 --> [DEPRECATED] Passing lowercase HTTP method "post" is deprecated. Use uppercase HTTP method like "POST". in SYSTEMPATH\Router\RouteCollection.php on line 1027.
 1 SYSTEMPATH\Router\RouteCollection.php(1027): trigger_error('Passing lowercase HTTP method "post" is deprecated. Use uppercase HTTP method like "POST".', 16384)
 2 APPPATH\Config\Routes.php(13): CodeIgniter\Router\RouteCollection->match([...], 'login', 'AuthController::login', [...])
 3 SYSTEMPATH\Router\RouteCollection.php(340): require('C:\\xampp\\htdocs\\ci4-g4a\\app\\Config\\Routes.php')
 4 SYSTEMPATH\CodeIgniter.php(823): CodeIgniter\Router\RouteCollection->loadRoutes()
 5 SYSTEMPATH\CodeIgniter.php(457): CodeIgniter\CodeIgniter->tryToRouteIt(null)
 6 SYSTEMPATH\CodeIgniter.php(355): CodeIgniter\CodeIgniter->handleRequest(null, Object(Config\Cache), false)
 7 SYSTEMPATH\Boot.php(312): CodeIgniter\CodeIgniter->run()
 8 SYSTEMPATH\Boot.php(67): CodeIgniter\Boot::runCodeIgniter(Object(CodeIgniter\CodeIgniter))
 9 FCPATH\index.php(56): CodeIgniter\Boot::bootWeb(Object(Config\Paths))
10 SYSTEMPATH\Commands\Server\rewrite.php(49): require_once('C:\\xampp\\htdocs\\ci4-g4a\\public\\index.php')
WARNING - 2024-05-04 12:55:16 --> [DEPRECATED] Passing lowercase HTTP method "get" is deprecated. Use uppercase HTTP method like "GET". in SYSTEMPATH\Router\RouteCollection.php on line 1027.
 1 SYSTEMPATH\Router\RouteCollection.php(1027): trigger_error('Passing lowercase HTTP method "get" is deprecated. Use uppercase HTTP method like "GET".', 16384)
 2 APPPATH\Config\Routes.php(14): CodeIgniter\Router\RouteCollection->match([...], 'register', 'AuthController::register', [...])
 3 SYSTEMPATH\Router\RouteCollection.php(340): require('C:\\xampp\\htdocs\\ci4-g4a\\app\\Config\\Routes.php')
 4 SYSTEMPATH\CodeIgniter.php(823): CodeIgniter\Router\RouteCollection->loadRoutes()
 5 SYSTEMPATH\CodeIgniter.php(457): CodeIgniter\CodeIgniter->tryToRouteIt(null)
 6 SYSTEMPATH\CodeIgniter.php(355): CodeIgniter\CodeIgniter->handleRequest(null, Object(Config\Cache), false)
 7 SYSTEMPATH\Boot.php(312): CodeIgniter\CodeIgniter->run()
 8 SYSTEMPATH\Boot.php(67): CodeIgniter\Boot::runCodeIgniter(Object(CodeIgniter\CodeIgniter))
 9 FCPATH\index.php(56): CodeIgniter\Boot::bootWeb(Object(Config\Paths))
10 SYSTEMPATH\Commands\Server\rewrite.php(49): require_once('C:\\xampp\\htdocs\\ci4-g4a\\public\\index.php')
WARNING - 2024-05-04 12:55:16 --> [DEPRECATED] Passing lowercase HTTP method "post" is deprecated. Use uppercase HTTP method like "POST". in SYSTEMPATH\Router\RouteCollection.php on line 1027.
 1 SYSTEMPATH\Router\RouteCollection.php(1027): trigger_error('Passing lowercase HTTP method "post" is deprecated. Use uppercase HTTP method like "POST".', 16384)
 2 APPPATH\Config\Routes.php(14): CodeIgniter\Router\RouteCollection->match([...], 'register', 'AuthController::register', [...])
 3 SYSTEMPATH\Router\RouteCollection.php(340): require('C:\\xampp\\htdocs\\ci4-g4a\\app\\Config\\Routes.php')
 4 SYSTEMPATH\CodeIgniter.php(823): CodeIgniter\Router\RouteCollection->loadRoutes()
 5 SYSTEMPATH\CodeIgniter.php(457): CodeIgniter\CodeIgniter->tryToRouteIt(null)
 6 SYSTEMPATH\CodeIgniter.php(355): CodeIgniter\CodeIgniter->handleRequest(null, Object(Config\Cache), false)
 7 SYSTEMPATH\Boot.php(312): CodeIgniter\CodeIgniter->run()
 8 SYSTEMPATH\Boot.php(67): CodeIgniter\Boot::runCodeIgniter(Object(CodeIgniter\CodeIgniter))
 9 FCPATH\index.php(56): CodeIgniter\Boot::bootWeb(Object(Config\Paths))
10 SYSTEMPATH\Commands\Server\rewrite.php(49): require_once('C:\\xampp\\htdocs\\ci4-g4a\\public\\index.php')
WARNING - 2024-05-04 12:55:16 --> [DEPRECATED] Passing lowercase HTTP method "get" is deprecated. Use uppercase HTTP method like "GET". in SYSTEMPATH\Router\RouteCollection.php on line 1027.
 1 SYSTEMPATH\Router\RouteCollection.php(1027): trigger_error('Passing lowercase HTTP method "get" is deprecated. Use uppercase HTTP method like "GET".', 16384)
 2 APPPATH\Config\Routes.php(13): CodeIgniter\Router\RouteCollection->match([...], 'login', 'AuthController::login', [...])
 3 SYSTEMPATH\Router\RouteCollection.php(340): require('C:\\xampp\\htdocs\\ci4-g4a\\app\\Config\\Routes.php')
 4 SYSTEMPATH\CodeIgniter.php(823): CodeIgniter\Router\RouteCollection->loadRoutes()
 5 SYSTEMPATH\CodeIgniter.php(457): CodeIgniter\CodeIgniter->tryToRouteIt(null)
 6 SYSTEMPATH\CodeIgniter.php(355): CodeIgniter\CodeIgniter->handleRequest(null, Object(Config\Cache), false)
 7 SYSTEMPATH\Boot.php(312): CodeIgniter\CodeIgniter->run()
 8 SYSTEMPATH\Boot.php(67): CodeIgniter\Boot::runCodeIgniter(Object(CodeIgniter\CodeIgniter))
 9 FCPATH\index.php(56): CodeIgniter\Boot::bootWeb(Object(Config\Paths))
10 SYSTEMPATH\Commands\Server\rewrite.php(49): require_once('C:\\xampp\\htdocs\\ci4-g4a\\public\\index.php')
WARNING - 2024-05-04 12:55:16 --> [DEPRECATED] Passing lowercase HTTP method "post" is deprecated. Use uppercase HTTP method like "POST". in SYSTEMPATH\Router\RouteCollection.php on line 1027.
 1 SYSTEMPATH\Router\RouteCollection.php(1027): trigger_error('Passing lowercase HTTP method "post" is deprecated. Use uppercase HTTP method like "POST".', 16384)
 2 APPPATH\Config\Routes.php(13): CodeIgniter\Router\RouteCollection->match([...], 'login', 'AuthController::login', [...])
 3 SYSTEMPATH\Router\RouteCollection.php(340): require('C:\\xampp\\htdocs\\ci4-g4a\\app\\Config\\Routes.php')
 4 SYSTEMPATH\CodeIgniter.php(823): CodeIgniter\Router\RouteCollection->loadRoutes()
 5 SYSTEMPATH\CodeIgniter.php(457): CodeIgniter\CodeIgniter->tryToRouteIt(null)
 6 SYSTEMPATH\CodeIgniter.php(355): CodeIgniter\CodeIgniter->handleRequest(null, Object(Config\Cache), false)
 7 SYSTEMPATH\Boot.php(312): CodeIgniter\CodeIgniter->run()
 8 SYSTEMPATH\Boot.php(67): CodeIgniter\Boot::runCodeIgniter(Object(CodeIgniter\CodeIgniter))
 9 FCPATH\index.php(56): CodeIgniter\Boot::bootWeb(Object(Config\Paths))
10 SYSTEMPATH\Commands\Server\rewrite.php(49): require_once('C:\\xampp\\htdocs\\ci4-g4a\\public\\index.php')
WARNING - 2024-05-04 12:55:16 --> [DEPRECATED] Passing lowercase HTTP method "get" is deprecated. Use uppercase HTTP method like "GET". in SYSTEMPATH\Router\RouteCollection.php on line 1027.
 1 SYSTEMPATH\Router\RouteCollection.php(1027): trigger_error('Passing lowercase HTTP method "get" is deprecated. Use uppercase HTTP method like "GET".', 16384)
 2 APPPATH\Config\Routes.php(14): CodeIgniter\Router\RouteCollection->match([...], 'register', 'AuthController::register', [...])
 3 SYSTEMPATH\Router\RouteCollection.php(340): require('C:\\xampp\\htdocs\\ci4-g4a\\app\\Config\\Routes.php')
 4 SYSTEMPATH\CodeIgniter.php(823): CodeIgniter\Router\RouteCollection->loadRoutes()
 5 SYSTEMPATH\CodeIgniter.php(457): CodeIgniter\CodeIgniter->tryToRouteIt(null)
 6 SYSTEMPATH\CodeIgniter.php(355): CodeIgniter\CodeIgniter->handleRequest(null, Object(Config\Cache), false)
 7 SYSTEMPATH\Boot.php(312): CodeIgniter\CodeIgniter->run()
 8 SYSTEMPATH\Boot.php(67): CodeIgniter\Boot::runCodeIgniter(Object(CodeIgniter\CodeIgniter))
 9 FCPATH\index.php(56): CodeIgniter\Boot::bootWeb(Object(Config\Paths))
10 SYSTEMPATH\Commands\Server\rewrite.php(49): require_once('C:\\xampp\\htdocs\\ci4-g4a\\public\\index.php')
WARNING - 2024-05-04 12:55:16 --> [DEPRECATED] Passing lowercase HTTP method "post" is deprecated. Use uppercase HTTP method like "POST". in SYSTEMPATH\Router\RouteCollection.php on line 1027.
 1 SYSTEMPATH\Router\RouteCollection.php(1027): trigger_error('Passing lowercase HTTP method "post" is deprecated. Use uppercase HTTP method like "POST".', 16384)
 2 APPPATH\Config\Routes.php(14): CodeIgniter\Router\RouteCollection->match([...], 'register', 'AuthController::register', [...])
 3 SYSTEMPATH\Router\RouteCollection.php(340): require('C:\\xampp\\htdocs\\ci4-g4a\\app\\Config\\Routes.php')
 4 SYSTEMPATH\CodeIgniter.php(823): CodeIgniter\Router\RouteCollection->loadRoutes()
 5 SYSTEMPATH\CodeIgniter.php(457): CodeIgniter\CodeIgniter->tryToRouteIt(null)
 6 SYSTEMPATH\CodeIgniter.php(355): CodeIgniter\CodeIgniter->handleRequest(null, Object(Config\Cache), false)
 7 SYSTEMPATH\Boot.php(312): CodeIgniter\CodeIgniter->run()
 8 SYSTEMPATH\Boot.php(67): CodeIgniter\Boot::runCodeIgniter(Object(CodeIgniter\CodeIgniter))
 9 FCPATH\index.php(56): CodeIgniter\Boot::bootWeb(Object(Config\Paths))
10 SYSTEMPATH\Commands\Server\rewrite.php(49): require_once('C:\\xampp\\htdocs\\ci4-g4a\\public\\index.php')
WARNING - 2024-05-04 12:55:18 --> [DEPRECATED] Passing lowercase HTTP method "get" is deprecated. Use uppercase HTTP method like "GET". in SYSTEMPATH\Router\RouteCollection.php on line 1027.
 1 SYSTEMPATH\Router\RouteCollection.php(1027): trigger_error('Passing lowercase HTTP method "get" is deprecated. Use uppercase HTTP method like "GET".', 16384)
 2 APPPATH\Config\Routes.php(13): CodeIgniter\Router\RouteCollection->match([...], 'login', 'AuthController::login', [...])
 3 SYSTEMPATH\Router\RouteCollection.php(340): require('C:\\xampp\\htdocs\\ci4-g4a\\app\\Config\\Routes.php')
 4 SYSTEMPATH\CodeIgniter.php(823): CodeIgniter\Router\RouteCollection->loadRoutes()
 5 SYSTEMPATH\CodeIgniter.php(457): CodeIgniter\CodeIgniter->tryToRouteIt(null)
 6 SYSTEMPATH\CodeIgniter.php(355): CodeIgniter\CodeIgniter->handleRequest(null, Object(Config\Cache), false)
 7 SYSTEMPATH\Boot.php(312): CodeIgniter\CodeIgniter->run()
 8 SYSTEMPATH\Boot.php(67): CodeIgniter\Boot::runCodeIgniter(Object(CodeIgniter\CodeIgniter))
 9 FCPATH\index.php(56): CodeIgniter\Boot::bootWeb(Object(Config\Paths))
10 SYSTEMPATH\Commands\Server\rewrite.php(49): require_once('C:\\xampp\\htdocs\\ci4-g4a\\public\\index.php')
WARNING - 2024-05-04 12:55:18 --> [DEPRECATED] Passing lowercase HTTP method "post" is deprecated. Use uppercase HTTP method like "POST". in SYSTEMPATH\Router\RouteCollection.php on line 1027.
 1 SYSTEMPATH\Router\RouteCollection.php(1027): trigger_error('Passing lowercase HTTP method "post" is deprecated. Use uppercase HTTP method like "POST".', 16384)
 2 APPPATH\Config\Routes.php(13): CodeIgniter\Router\RouteCollection->match([...], 'login', 'AuthController::login', [...])
 3 SYSTEMPATH\Router\RouteCollection.php(340): require('C:\\xampp\\htdocs\\ci4-g4a\\app\\Config\\Routes.php')
 4 SYSTEMPATH\CodeIgniter.php(823): CodeIgniter\Router\RouteCollection->loadRoutes()
 5 SYSTEMPATH\CodeIgniter.php(457): CodeIgniter\CodeIgniter->tryToRouteIt(null)
 6 SYSTEMPATH\CodeIgniter.php(355): CodeIgniter\CodeIgniter->handleRequest(null, Object(Config\Cache), false)
 7 SYSTEMPATH\Boot.php(312): CodeIgniter\CodeIgniter->run()
 8 SYSTEMPATH\Boot.php(67): CodeIgniter\Boot::runCodeIgniter(Object(CodeIgniter\CodeIgniter))
 9 FCPATH\index.php(56): CodeIgniter\Boot::bootWeb(Object(Config\Paths))
10 SYSTEMPATH\Commands\Server\rewrite.php(49): require_once('C:\\xampp\\htdocs\\ci4-g4a\\public\\index.php')
WARNING - 2024-05-04 12:55:18 --> [DEPRECATED] Passing lowercase HTTP method "get" is deprecated. Use uppercase HTTP method like "GET". in SYSTEMPATH\Router\RouteCollection.php on line 1027.
 1 SYSTEMPATH\Router\RouteCollection.php(1027): trigger_error('Passing lowercase HTTP method "get" is deprecated. Use uppercase HTTP method like "GET".', 16384)
 2 APPPATH\Config\Routes.php(14): CodeIgniter\Router\RouteCollection->match([...], 'register', 'AuthController::register', [...])
 3 SYSTEMPATH\Router\RouteCollection.php(340): require('C:\\xampp\\htdocs\\ci4-g4a\\app\\Config\\Routes.php')
 4 SYSTEMPATH\CodeIgniter.php(823): CodeIgniter\Router\RouteCollection->loadRoutes()
 5 SYSTEMPATH\CodeIgniter.php(457): CodeIgniter\CodeIgniter->tryToRouteIt(null)
 6 SYSTEMPATH\CodeIgniter.php(355): CodeIgniter\CodeIgniter->handleRequest(null, Object(Config\Cache), false)
 7 SYSTEMPATH\Boot.php(312): CodeIgniter\CodeIgniter->run()
 8 SYSTEMPATH\Boot.php(67): CodeIgniter\Boot::runCodeIgniter(Object(CodeIgniter\CodeIgniter))
 9 FCPATH\index.php(56): CodeIgniter\Boot::bootWeb(Object(Config\Paths))
10 SYSTEMPATH\Commands\Server\rewrite.php(49): require_once('C:\\xampp\\htdocs\\ci4-g4a\\public\\index.php')
WARNING - 2024-05-04 12:55:18 --> [DEPRECATED] Passing lowercase HTTP method "post" is deprecated. Use uppercase HTTP method like "POST". in SYSTEMPATH\Router\RouteCollection.php on line 1027.
 1 SYSTEMPATH\Router\RouteCollection.php(1027): trigger_error('Passing lowercase HTTP method "post" is deprecated. Use uppercase HTTP method like "POST".', 16384)
 2 APPPATH\Config\Routes.php(14): CodeIgniter\Router\RouteCollection->match([...], 'register', 'AuthController::register', [...])
 3 SYSTEMPATH\Router\RouteCollection.php(340): require('C:\\xampp\\htdocs\\ci4-g4a\\app\\Config\\Routes.php')
 4 SYSTEMPATH\CodeIgniter.php(823): CodeIgniter\Router\RouteCollection->loadRoutes()
 5 SYSTEMPATH\CodeIgniter.php(457): CodeIgniter\CodeIgniter->tryToRouteIt(null)
 6 SYSTEMPATH\CodeIgniter.php(355): CodeIgniter\CodeIgniter->handleRequest(null, Object(Config\Cache), false)
 7 SYSTEMPATH\Boot.php(312): CodeIgniter\CodeIgniter->run()
 8 SYSTEMPATH\Boot.php(67): CodeIgniter\Boot::runCodeIgniter(Object(CodeIgniter\CodeIgniter))
 9 FCPATH\index.php(56): CodeIgniter\Boot::bootWeb(Object(Config\Paths))
10 SYSTEMPATH\Commands\Server\rewrite.php(49): require_once('C:\\xampp\\htdocs\\ci4-g4a\\public\\index.php')
INFO - 2024-05-04 12:55:18 --> Session: Class initialized using 'CodeIgniter\Session\Handlers\FileHandler' driver.
WARNING - 2024-05-04 13:00:38 --> [DEPRECATED] Passing lowercase HTTP method "get" is deprecated. Use uppercase HTTP method like "GET". in SYSTEMPATH\Router\RouteCollection.php on line 1027.
 1 SYSTEMPATH\Router\RouteCollection.php(1027): trigger_error('Passing lowercase HTTP method "get" is deprecated. Use uppercase HTTP method like "GET".', 16384)
 2 APPPATH\Config\Routes.php(13): CodeIgniter\Router\RouteCollection->match([...], 'login', 'AuthController::login', [...])
 3 SYSTEMPATH\Router\RouteCollection.php(340): require('C:\\xampp\\htdocs\\ci4-g4a\\app\\Config\\Routes.php')
 4 SYSTEMPATH\CodeIgniter.php(823): CodeIgniter\Router\RouteCollection->loadRoutes()
 5 SYSTEMPATH\CodeIgniter.php(457): CodeIgniter\CodeIgniter->tryToRouteIt(null)
 6 SYSTEMPATH\CodeIgniter.php(355): CodeIgniter\CodeIgniter->handleRequest(null, Object(Config\Cache), false)
 7 SYSTEMPATH\Boot.php(312): CodeIgniter\CodeIgniter->run()
 8 SYSTEMPATH\Boot.php(67): CodeIgniter\Boot::runCodeIgniter(Object(CodeIgniter\CodeIgniter))
 9 FCPATH\index.php(56): CodeIgniter\Boot::bootWeb(Object(Config\Paths))
10 SYSTEMPATH\Commands\Server\rewrite.php(49): require_once('C:\\xampp\\htdocs\\ci4-g4a\\public\\index.php')
WARNING - 2024-05-04 13:00:38 --> [DEPRECATED] Passing lowercase HTTP method "post" is deprecated. Use uppercase HTTP method like "POST". in SYSTEMPATH\Router\RouteCollection.php on line 1027.
 1 SYSTEMPATH\Router\RouteCollection.php(1027): trigger_error('Passing lowercase HTTP method "post" is deprecated. Use uppercase HTTP method like "POST".', 16384)
 2 APPPATH\Config\Routes.php(13): CodeIgniter\Router\RouteCollection->match([...], 'login', 'AuthController::login', [...])
 3 SYSTEMPATH\Router\RouteCollection.php(340): require('C:\\xampp\\htdocs\\ci4-g4a\\app\\Config\\Routes.php')
 4 SYSTEMPATH\CodeIgniter.php(823): CodeIgniter\Router\RouteCollection->loadRoutes()
 5 SYSTEMPATH\CodeIgniter.php(457): CodeIgniter\CodeIgniter->tryToRouteIt(null)
 6 SYSTEMPATH\CodeIgniter.php(355): CodeIgniter\CodeIgniter->handleRequest(null, Object(Config\Cache), false)
 7 SYSTEMPATH\Boot.php(312): CodeIgniter\CodeIgniter->run()
 8 SYSTEMPATH\Boot.php(67): CodeIgniter\Boot::runCodeIgniter(Object(CodeIgniter\CodeIgniter))
 9 FCPATH\index.php(56): CodeIgniter\Boot::bootWeb(Object(Config\Paths))
10 SYSTEMPATH\Commands\Server\rewrite.php(49): require_once('C:\\xampp\\htdocs\\ci4-g4a\\public\\index.php')
WARNING - 2024-05-04 13:00:38 --> [DEPRECATED] Passing lowercase HTTP method "get" is deprecated. Use uppercase HTTP method like "GET". in SYSTEMPATH\Router\RouteCollection.php on line 1027.
 1 SYSTEMPATH\Router\RouteCollection.php(1027): trigger_error('Passing lowercase HTTP method "get" is deprecated. Use uppercase HTTP method like "GET".', 16384)
 2 APPPATH\Config\Routes.php(14): CodeIgniter\Router\RouteCollection->match([...], 'register', 'AuthController::register', [...])
 3 SYSTEMPATH\Router\RouteCollection.php(340): require('C:\\xampp\\htdocs\\ci4-g4a\\app\\Config\\Routes.php')
 4 SYSTEMPATH\CodeIgniter.php(823): CodeIgniter\Router\RouteCollection->loadRoutes()
 5 SYSTEMPATH\CodeIgniter.php(457): CodeIgniter\CodeIgniter->tryToRouteIt(null)
 6 SYSTEMPATH\CodeIgniter.php(355): CodeIgniter\CodeIgniter->handleRequest(null, Object(Config\Cache), false)
 7 SYSTEMPATH\Boot.php(312): CodeIgniter\CodeIgniter->run()
 8 SYSTEMPATH\Boot.php(67): CodeIgniter\Boot::runCodeIgniter(Object(CodeIgniter\CodeIgniter))
 9 FCPATH\index.php(56): CodeIgniter\Boot::bootWeb(Object(Config\Paths))
10 SYSTEMPATH\Commands\Server\rewrite.php(49): require_once('C:\\xampp\\htdocs\\ci4-g4a\\public\\index.php')
WARNING - 2024-05-04 13:00:38 --> [DEPRECATED] Passing lowercase HTTP method "post" is deprecated. Use uppercase HTTP method like "POST". in SYSTEMPATH\Router\RouteCollection.php on line 1027.
 1 SYSTEMPATH\Router\RouteCollection.php(1027): trigger_error('Passing lowercase HTTP method "post" is deprecated. Use uppercase HTTP method like "POST".', 16384)
 2 APPPATH\Config\Routes.php(14): CodeIgniter\Router\RouteCollection->match([...], 'register', 'AuthController::register', [...])
 3 SYSTEMPATH\Router\RouteCollection.php(340): require('C:\\xampp\\htdocs\\ci4-g4a\\app\\Config\\Routes.php')
 4 SYSTEMPATH\CodeIgniter.php(823): CodeIgniter\Router\RouteCollection->loadRoutes()
 5 SYSTEMPATH\CodeIgniter.php(457): CodeIgniter\CodeIgniter->tryToRouteIt(null)
 6 SYSTEMPATH\CodeIgniter.php(355): CodeIgniter\CodeIgniter->handleRequest(null, Object(Config\Cache), false)
 7 SYSTEMPATH\Boot.php(312): CodeIgniter\CodeIgniter->run()
 8 SYSTEMPATH\Boot.php(67): CodeIgniter\Boot::runCodeIgniter(Object(CodeIgniter\CodeIgniter))
 9 FCPATH\index.php(56): CodeIgniter\Boot::bootWeb(Object(Config\Paths))
10 SYSTEMPATH\Commands\Server\rewrite.php(49): require_once('C:\\xampp\\htdocs\\ci4-g4a\\public\\index.php')
INFO - 2024-05-04 13:00:38 --> Session: Class initialized using 'CodeIgniter\Session\Handlers\FileHandler' driver.
WARNING - 2024-05-04 13:40:56 --> [DEPRECATED] Passing lowercase HTTP method "get" is deprecated. Use uppercase HTTP method like "GET". in SYSTEMPATH\Router\RouteCollection.php on line 1027.
 1 SYSTEMPATH\Router\RouteCollection.php(1027): trigger_error('Passing lowercase HTTP method "get" is deprecated. Use uppercase HTTP method like "GET".', 16384)
 2 APPPATH\Config\Routes.php(13): CodeIgniter\Router\RouteCollection->match([...], 'login', 'AuthController::login', [...])
 3 SYSTEMPATH\Router\RouteCollection.php(340): require('C:\\xampp\\htdocs\\ci4-g4a\\app\\Config\\Routes.php')
 4 SYSTEMPATH\CodeIgniter.php(823): CodeIgniter\Router\RouteCollection->loadRoutes()
 5 SYSTEMPATH\CodeIgniter.php(457): CodeIgniter\CodeIgniter->tryToRouteIt(null)
 6 SYSTEMPATH\CodeIgniter.php(355): CodeIgniter\CodeIgniter->handleRequest(null, Object(Config\Cache), false)
 7 SYSTEMPATH\Boot.php(312): CodeIgniter\CodeIgniter->run()
 8 SYSTEMPATH\Boot.php(67): CodeIgniter\Boot::runCodeIgniter(Object(CodeIgniter\CodeIgniter))
 9 FCPATH\index.php(56): CodeIgniter\Boot::bootWeb(Object(Config\Paths))
10 SYSTEMPATH\Commands\Server\rewrite.php(49): require_once('C:\\xampp\\htdocs\\ci4-g4a\\public\\index.php')
WARNING - 2024-05-04 13:40:56 --> [DEPRECATED] Passing lowercase HTTP method "post" is deprecated. Use uppercase HTTP method like "POST". in SYSTEMPATH\Router\RouteCollection.php on line 1027.
 1 SYSTEMPATH\Router\RouteCollection.php(1027): trigger_error('Passing lowercase HTTP method "post" is deprecated. Use uppercase HTTP method like "POST".', 16384)
 2 APPPATH\Config\Routes.php(13): CodeIgniter\Router\RouteCollection->match([...], 'login', 'AuthController::login', [...])
 3 SYSTEMPATH\Router\RouteCollection.php(340): require('C:\\xampp\\htdocs\\ci4-g4a\\app\\Config\\Routes.php')
 4 SYSTEMPATH\CodeIgniter.php(823): CodeIgniter\Router\RouteCollection->loadRoutes()
 5 SYSTEMPATH\CodeIgniter.php(457): CodeIgniter\CodeIgniter->tryToRouteIt(null)
 6 SYSTEMPATH\CodeIgniter.php(355): CodeIgniter\CodeIgniter->handleRequest(null, Object(Config\Cache), false)
 7 SYSTEMPATH\Boot.php(312): CodeIgniter\CodeIgniter->run()
 8 SYSTEMPATH\Boot.php(67): CodeIgniter\Boot::runCodeIgniter(Object(CodeIgniter\CodeIgniter))
 9 FCPATH\index.php(56): CodeIgniter\Boot::bootWeb(Object(Config\Paths))
10 SYSTEMPATH\Commands\Server\rewrite.php(49): require_once('C:\\xampp\\htdocs\\ci4-g4a\\public\\index.php')
WARNING - 2024-05-04 13:40:56 --> [DEPRECATED] Passing lowercase HTTP method "get" is deprecated. Use uppercase HTTP method like "GET". in SYSTEMPATH\Router\RouteCollection.php on line 1027.
 1 SYSTEMPATH\Router\RouteCollection.php(1027): trigger_error('Passing lowercase HTTP method "get" is deprecated. Use uppercase HTTP method like "GET".', 16384)
 2 APPPATH\Config\Routes.php(14): CodeIgniter\Router\RouteCollection->match([...], 'register', 'AuthController::register', [...])
 3 SYSTEMPATH\Router\RouteCollection.php(340): require('C:\\xampp\\htdocs\\ci4-g4a\\app\\Config\\Routes.php')
 4 SYSTEMPATH\CodeIgniter.php(823): CodeIgniter\Router\RouteCollection->loadRoutes()
 5 SYSTEMPATH\CodeIgniter.php(457): CodeIgniter\CodeIgniter->tryToRouteIt(null)
 6 SYSTEMPATH\CodeIgniter.php(355): CodeIgniter\CodeIgniter->handleRequest(null, Object(Config\Cache), false)
 7 SYSTEMPATH\Boot.php(312): CodeIgniter\CodeIgniter->run()
 8 SYSTEMPATH\Boot.php(67): CodeIgniter\Boot::runCodeIgniter(Object(CodeIgniter\CodeIgniter))
 9 FCPATH\index.php(56): CodeIgniter\Boot::bootWeb(Object(Config\Paths))
10 SYSTEMPATH\Commands\Server\rewrite.php(49): require_once('C:\\xampp\\htdocs\\ci4-g4a\\public\\index.php')
WARNING - 2024-05-04 13:40:56 --> [DEPRECATED] Passing lowercase HTTP method "post" is deprecated. Use uppercase HTTP method like "POST". in SYSTEMPATH\Router\RouteCollection.php on line 1027.
 1 SYSTEMPATH\Router\RouteCollection.php(1027): trigger_error('Passing lowercase HTTP method "post" is deprecated. Use uppercase HTTP method like "POST".', 16384)
 2 APPPATH\Config\Routes.php(14): CodeIgniter\Router\RouteCollection->match([...], 'register', 'AuthController::register', [...])
 3 SYSTEMPATH\Router\RouteCollection.php(340): require('C:\\xampp\\htdocs\\ci4-g4a\\app\\Config\\Routes.php')
 4 SYSTEMPATH\CodeIgniter.php(823): CodeIgniter\Router\RouteCollection->loadRoutes()
 5 SYSTEMPATH\CodeIgniter.php(457): CodeIgniter\CodeIgniter->tryToRouteIt(null)
 6 SYSTEMPATH\CodeIgniter.php(355): CodeIgniter\CodeIgniter->handleRequest(null, Object(Config\Cache), false)
 7 SYSTEMPATH\Boot.php(312): CodeIgniter\CodeIgniter->run()
 8 SYSTEMPATH\Boot.php(67): CodeIgniter\Boot::runCodeIgniter(Object(CodeIgniter\CodeIgniter))
 9 FCPATH\index.php(56): CodeIgniter\Boot::bootWeb(Object(Config\Paths))
10 SYSTEMPATH\Commands\Server\rewrite.php(49): require_once('C:\\xampp\\htdocs\\ci4-g4a\\public\\index.php')
WARNING - 2024-05-04 13:40:56 --> [DEPRECATED] Passing lowercase HTTP method "get" is deprecated. Use uppercase HTTP method like "GET". in SYSTEMPATH\Router\RouteCollection.php on line 1027.
 1 SYSTEMPATH\Router\RouteCollection.php(1027): trigger_error('Passing lowercase HTTP method "get" is deprecated. Use uppercase HTTP method like "GET".', 16384)
 2 APPPATH\Config\Routes.php(13): CodeIgniter\Router\RouteCollection->match([...], 'login', 'AuthController::login', [...])
 3 SYSTEMPATH\Router\RouteCollection.php(340): require('C:\\xampp\\htdocs\\ci4-g4a\\app\\Config\\Routes.php')
 4 SYSTEMPATH\CodeIgniter.php(823): CodeIgniter\Router\RouteCollection->loadRoutes()
 5 SYSTEMPATH\CodeIgniter.php(457): CodeIgniter\CodeIgniter->tryToRouteIt(null)
 6 SYSTEMPATH\CodeIgniter.php(355): CodeIgniter\CodeIgniter->handleRequest(null, Object(Config\Cache), false)
 7 SYSTEMPATH\Boot.php(312): CodeIgniter\CodeIgniter->run()
 8 SYSTEMPATH\Boot.php(67): CodeIgniter\Boot::runCodeIgniter(Object(CodeIgniter\CodeIgniter))
 9 FCPATH\index.php(56): CodeIgniter\Boot::bootWeb(Object(Config\Paths))
10 SYSTEMPATH\Commands\Server\rewrite.php(49): require_once('C:\\xampp\\htdocs\\ci4-g4a\\public\\index.php')
WARNING - 2024-05-04 13:40:56 --> [DEPRECATED] Passing lowercase HTTP method "post" is deprecated. Use uppercase HTTP method like "POST". in SYSTEMPATH\Router\RouteCollection.php on line 1027.
 1 SYSTEMPATH\Router\RouteCollection.php(1027): trigger_error('Passing lowercase HTTP method "post" is deprecated. Use uppercase HTTP method like "POST".', 16384)
 2 APPPATH\Config\Routes.php(13): CodeIgniter\Router\RouteCollection->match([...], 'login', 'AuthController::login', [...])
 3 SYSTEMPATH\Router\RouteCollection.php(340): require('C:\\xampp\\htdocs\\ci4-g4a\\app\\Config\\Routes.php')
 4 SYSTEMPATH\CodeIgniter.php(823): CodeIgniter\Router\RouteCollection->loadRoutes()
 5 SYSTEMPATH\CodeIgniter.php(457): CodeIgniter\CodeIgniter->tryToRouteIt(null)
 6 SYSTEMPATH\CodeIgniter.php(355): CodeIgniter\CodeIgniter->handleRequest(null, Object(Config\Cache), false)
 7 SYSTEMPATH\Boot.php(312): CodeIgniter\CodeIgniter->run()
 8 SYSTEMPATH\Boot.php(67): CodeIgniter\Boot::runCodeIgniter(Object(CodeIgniter\CodeIgniter))
 9 FCPATH\index.php(56): CodeIgniter\Boot::bootWeb(Object(Config\Paths))
10 SYSTEMPATH\Commands\Server\rewrite.php(49): require_once('C:\\xampp\\htdocs\\ci4-g4a\\public\\index.php')
WARNING - 2024-05-04 13:40:56 --> [DEPRECATED] Passing lowercase HTTP method "get" is deprecated. Use uppercase HTTP method like "GET". in SYSTEMPATH\Router\RouteCollection.php on line 1027.
 1 SYSTEMPATH\Router\RouteCollection.php(1027): trigger_error('Passing lowercase HTTP method "get" is deprecated. Use uppercase HTTP method like "GET".', 16384)
 2 APPPATH\Config\Routes.php(14): CodeIgniter\Router\RouteCollection->match([...], 'register', 'AuthController::register', [...])
 3 SYSTEMPATH\Router\RouteCollection.php(340): require('C:\\xampp\\htdocs\\ci4-g4a\\app\\Config\\Routes.php')
 4 SYSTEMPATH\CodeIgniter.php(823): CodeIgniter\Router\RouteCollection->loadRoutes()
 5 SYSTEMPATH\CodeIgniter.php(457): CodeIgniter\CodeIgniter->tryToRouteIt(null)
 6 SYSTEMPATH\CodeIgniter.php(355): CodeIgniter\CodeIgniter->handleRequest(null, Object(Config\Cache), false)
 7 SYSTEMPATH\Boot.php(312): CodeIgniter\CodeIgniter->run()
 8 SYSTEMPATH\Boot.php(67): CodeIgniter\Boot::runCodeIgniter(Object(CodeIgniter\CodeIgniter))
 9 FCPATH\index.php(56): CodeIgniter\Boot::bootWeb(Object(Config\Paths))
10 SYSTEMPATH\Commands\Server\rewrite.php(49): require_once('C:\\xampp\\htdocs\\ci4-g4a\\public\\index.php')
WARNING - 2024-05-04 13:40:56 --> [DEPRECATED] Passing lowercase HTTP method "post" is deprecated. Use uppercase HTTP method like "POST". in SYSTEMPATH\Router\RouteCollection.php on line 1027.
 1 SYSTEMPATH\Router\RouteCollection.php(1027): trigger_error('Passing lowercase HTTP method "post" is deprecated. Use uppercase HTTP method like "POST".', 16384)
 2 APPPATH\Config\Routes.php(14): CodeIgniter\Router\RouteCollection->match([...], 'register', 'AuthController::register', [...])
 3 SYSTEMPATH\Router\RouteCollection.php(340): require('C:\\xampp\\htdocs\\ci4-g4a\\app\\Config\\Routes.php')
 4 SYSTEMPATH\CodeIgniter.php(823): CodeIgniter\Router\RouteCollection->loadRoutes()
 5 SYSTEMPATH\CodeIgniter.php(457): CodeIgniter\CodeIgniter->tryToRouteIt(null)
 6 SYSTEMPATH\CodeIgniter.php(355): CodeIgniter\CodeIgniter->handleRequest(null, Object(Config\Cache), false)
 7 SYSTEMPATH\Boot.php(312): CodeIgniter\CodeIgniter->run()
 8 SYSTEMPATH\Boot.php(67): CodeIgniter\Boot::runCodeIgniter(Object(CodeIgniter\CodeIgniter))
 9 FCPATH\index.php(56): CodeIgniter\Boot::bootWeb(Object(Config\Paths))
10 SYSTEMPATH\Commands\Server\rewrite.php(49): require_once('C:\\xampp\\htdocs\\ci4-g4a\\public\\index.php')
WARNING - 2024-05-04 13:40:57 --> [DEPRECATED] Passing lowercase HTTP method "get" is deprecated. Use uppercase HTTP method like "GET". in SYSTEMPATH\Router\RouteCollection.php on line 1027.
 1 SYSTEMPATH\Router\RouteCollection.php(1027): trigger_error('Passing lowercase HTTP method "get" is deprecated. Use uppercase HTTP method like "GET".', 16384)
 2 APPPATH\Config\Routes.php(13): CodeIgniter\Router\RouteCollection->match([...], 'login', 'AuthController::login', [...])
 3 SYSTEMPATH\Router\RouteCollection.php(340): require('C:\\xampp\\htdocs\\ci4-g4a\\app\\Config\\Routes.php')
 4 SYSTEMPATH\CodeIgniter.php(823): CodeIgniter\Router\RouteCollection->loadRoutes()
 5 SYSTEMPATH\CodeIgniter.php(457): CodeIgniter\CodeIgniter->tryToRouteIt(null)
 6 SYSTEMPATH\CodeIgniter.php(355): CodeIgniter\CodeIgniter->handleRequest(null, Object(Config\Cache), false)
 7 SYSTEMPATH\Boot.php(312): CodeIgniter\CodeIgniter->run()
 8 SYSTEMPATH\Boot.php(67): CodeIgniter\Boot::runCodeIgniter(Object(CodeIgniter\CodeIgniter))
 9 FCPATH\index.php(56): CodeIgniter\Boot::bootWeb(Object(Config\Paths))
10 SYSTEMPATH\Commands\Server\rewrite.php(49): require_once('C:\\xampp\\htdocs\\ci4-g4a\\public\\index.php')
WARNING - 2024-05-04 13:40:57 --> [DEPRECATED] Passing lowercase HTTP method "post" is deprecated. Use uppercase HTTP method like "POST". in SYSTEMPATH\Router\RouteCollection.php on line 1027.
 1 SYSTEMPATH\Router\RouteCollection.php(1027): trigger_error('Passing lowercase HTTP method "post" is deprecated. Use uppercase HTTP method like "POST".', 16384)
 2 APPPATH\Config\Routes.php(13): CodeIgniter\Router\RouteCollection->match([...], 'login', 'AuthController::login', [...])
 3 SYSTEMPATH\Router\RouteCollection.php(340): require('C:\\xampp\\htdocs\\ci4-g4a\\app\\Config\\Routes.php')
 4 SYSTEMPATH\CodeIgniter.php(823): CodeIgniter\Router\RouteCollection->loadRoutes()
 5 SYSTEMPATH\CodeIgniter.php(457): CodeIgniter\CodeIgniter->tryToRouteIt(null)
 6 SYSTEMPATH\CodeIgniter.php(355): CodeIgniter\CodeIgniter->handleRequest(null, Object(Config\Cache), false)
 7 SYSTEMPATH\Boot.php(312): CodeIgniter\CodeIgniter->run()
 8 SYSTEMPATH\Boot.php(67): CodeIgniter\Boot::runCodeIgniter(Object(CodeIgniter\CodeIgniter))
 9 FCPATH\index.php(56): CodeIgniter\Boot::bootWeb(Object(Config\Paths))
10 SYSTEMPATH\Commands\Server\rewrite.php(49): require_once('C:\\xampp\\htdocs\\ci4-g4a\\public\\index.php')
WARNING - 2024-05-04 13:40:57 --> [DEPRECATED] Passing lowercase HTTP method "get" is deprecated. Use uppercase HTTP method like "GET". in SYSTEMPATH\Router\RouteCollection.php on line 1027.
 1 SYSTEMPATH\Router\RouteCollection.php(1027): trigger_error('Passing lowercase HTTP method "get" is deprecated. Use uppercase HTTP method like "GET".', 16384)
 2 APPPATH\Config\Routes.php(14): CodeIgniter\Router\RouteCollection->match([...], 'register', 'AuthController::register', [...])
 3 SYSTEMPATH\Router\RouteCollection.php(340): require('C:\\xampp\\htdocs\\ci4-g4a\\app\\Config\\Routes.php')
 4 SYSTEMPATH\CodeIgniter.php(823): CodeIgniter\Router\RouteCollection->loadRoutes()
 5 SYSTEMPATH\CodeIgniter.php(457): CodeIgniter\CodeIgniter->tryToRouteIt(null)
 6 SYSTEMPATH\CodeIgniter.php(355): CodeIgniter\CodeIgniter->handleRequest(null, Object(Config\Cache), false)
 7 SYSTEMPATH\Boot.php(312): CodeIgniter\CodeIgniter->run()
 8 SYSTEMPATH\Boot.php(67): CodeIgniter\Boot::runCodeIgniter(Object(CodeIgniter\CodeIgniter))
 9 FCPATH\index.php(56): CodeIgniter\Boot::bootWeb(Object(Config\Paths))
10 SYSTEMPATH\Commands\Server\rewrite.php(49): require_once('C:\\xampp\\htdocs\\ci4-g4a\\public\\index.php')
WARNING - 2024-05-04 13:40:57 --> [DEPRECATED] Passing lowercase HTTP method "post" is deprecated. Use uppercase HTTP method like "POST". in SYSTEMPATH\Router\RouteCollection.php on line 1027.
 1 SYSTEMPATH\Router\RouteCollection.php(1027): trigger_error('Passing lowercase HTTP method "post" is deprecated. Use uppercase HTTP method like "POST".', 16384)
 2 APPPATH\Config\Routes.php(14): CodeIgniter\Router\RouteCollection->match([...], 'register', 'AuthController::register', [...])
 3 SYSTEMPATH\Router\RouteCollection.php(340): require('C:\\xampp\\htdocs\\ci4-g4a\\app\\Config\\Routes.php')
 4 SYSTEMPATH\CodeIgniter.php(823): CodeIgniter\Router\RouteCollection->loadRoutes()
 5 SYSTEMPATH\CodeIgniter.php(457): CodeIgniter\CodeIgniter->tryToRouteIt(null)
 6 SYSTEMPATH\CodeIgniter.php(355): CodeIgniter\CodeIgniter->handleRequest(null, Object(Config\Cache), false)
 7 SYSTEMPATH\Boot.php(312): CodeIgniter\CodeIgniter->run()
 8 SYSTEMPATH\Boot.php(67): CodeIgniter\Boot::runCodeIgniter(Object(CodeIgniter\CodeIgniter))
 9 FCPATH\index.php(56): CodeIgniter\Boot::bootWeb(Object(Config\Paths))
10 SYSTEMPATH\Commands\Server\rewrite.php(49): require_once('C:\\xampp\\htdocs\\ci4-g4a\\public\\index.php')
INFO - 2024-05-04 13:40:57 --> Session: Class initialized using 'CodeIgniter\Session\Handlers\FileHandler' driver.
WARNING - 2024-05-04 13:41:02 --> [DEPRECATED] Passing lowercase HTTP method "get" is deprecated. Use uppercase HTTP method like "GET". in SYSTEMPATH\Router\RouteCollection.php on line 1027.
 1 SYSTEMPATH\Router\RouteCollection.php(1027): trigger_error('Passing lowercase HTTP method "get" is deprecated. Use uppercase HTTP method like "GET".', 16384)
 2 APPPATH\Config\Routes.php(13): CodeIgniter\Router\RouteCollection->match([...], 'login', 'AuthController::login', [...])
 3 SYSTEMPATH\Router\RouteCollection.php(340): require('C:\\xampp\\htdocs\\ci4-g4a\\app\\Config\\Routes.php')
 4 SYSTEMPATH\CodeIgniter.php(823): CodeIgniter\Router\RouteCollection->loadRoutes()
 5 SYSTEMPATH\CodeIgniter.php(457): CodeIgniter\CodeIgniter->tryToRouteIt(null)
 6 SYSTEMPATH\CodeIgniter.php(355): CodeIgniter\CodeIgniter->handleRequest(null, Object(Config\Cache), false)
 7 SYSTEMPATH\Boot.php(312): CodeIgniter\CodeIgniter->run()
 8 SYSTEMPATH\Boot.php(67): CodeIgniter\Boot::runCodeIgniter(Object(CodeIgniter\CodeIgniter))
 9 FCPATH\index.php(56): CodeIgniter\Boot::bootWeb(Object(Config\Paths))
10 SYSTEMPATH\Commands\Server\rewrite.php(49): require_once('C:\\xampp\\htdocs\\ci4-g4a\\public\\index.php')
WARNING - 2024-05-04 13:41:02 --> [DEPRECATED] Passing lowercase HTTP method "post" is deprecated. Use uppercase HTTP method like "POST". in SYSTEMPATH\Router\RouteCollection.php on line 1027.
 1 SYSTEMPATH\Router\RouteCollection.php(1027): trigger_error('Passing lowercase HTTP method "post" is deprecated. Use uppercase HTTP method like "POST".', 16384)
 2 APPPATH\Config\Routes.php(13): CodeIgniter\Router\RouteCollection->match([...], 'login', 'AuthController::login', [...])
 3 SYSTEMPATH\Router\RouteCollection.php(340): require('C:\\xampp\\htdocs\\ci4-g4a\\app\\Config\\Routes.php')
 4 SYSTEMPATH\CodeIgniter.php(823): CodeIgniter\Router\RouteCollection->loadRoutes()
 5 SYSTEMPATH\CodeIgniter.php(457): CodeIgniter\CodeIgniter->tryToRouteIt(null)
 6 SYSTEMPATH\CodeIgniter.php(355): CodeIgniter\CodeIgniter->handleRequest(null, Object(Config\Cache), false)
 7 SYSTEMPATH\Boot.php(312): CodeIgniter\CodeIgniter->run()
 8 SYSTEMPATH\Boot.php(67): CodeIgniter\Boot::runCodeIgniter(Object(CodeIgniter\CodeIgniter))
 9 FCPATH\index.php(56): CodeIgniter\Boot::bootWeb(Object(Config\Paths))
10 SYSTEMPATH\Commands\Server\rewrite.php(49): require_once('C:\\xampp\\htdocs\\ci4-g4a\\public\\index.php')
WARNING - 2024-05-04 13:41:02 --> [DEPRECATED] Passing lowercase HTTP method "get" is deprecated. Use uppercase HTTP method like "GET". in SYSTEMPATH\Router\RouteCollection.php on line 1027.
 1 SYSTEMPATH\Router\RouteCollection.php(1027): trigger_error('Passing lowercase HTTP method "get" is deprecated. Use uppercase HTTP method like "GET".', 16384)
 2 APPPATH\Config\Routes.php(14): CodeIgniter\Router\RouteCollection->match([...], 'register', 'AuthController::register', [...])
 3 SYSTEMPATH\Router\RouteCollection.php(340): require('C:\\xampp\\htdocs\\ci4-g4a\\app\\Config\\Routes.php')
 4 SYSTEMPATH\CodeIgniter.php(823): CodeIgniter\Router\RouteCollection->loadRoutes()
 5 SYSTEMPATH\CodeIgniter.php(457): CodeIgniter\CodeIgniter->tryToRouteIt(null)
 6 SYSTEMPATH\CodeIgniter.php(355): CodeIgniter\CodeIgniter->handleRequest(null, Object(Config\Cache), false)
 7 SYSTEMPATH\Boot.php(312): CodeIgniter\CodeIgniter->run()
 8 SYSTEMPATH\Boot.php(67): CodeIgniter\Boot::runCodeIgniter(Object(CodeIgniter\CodeIgniter))
 9 FCPATH\index.php(56): CodeIgniter\Boot::bootWeb(Object(Config\Paths))
10 SYSTEMPATH\Commands\Server\rewrite.php(49): require_once('C:\\xampp\\htdocs\\ci4-g4a\\public\\index.php')
WARNING - 2024-05-04 13:41:02 --> [DEPRECATED] Passing lowercase HTTP method "post" is deprecated. Use uppercase HTTP method like "POST". in SYSTEMPATH\Router\RouteCollection.php on line 1027.
 1 SYSTEMPATH\Router\RouteCollection.php(1027): trigger_error('Passing lowercase HTTP method "post" is deprecated. Use uppercase HTTP method like "POST".', 16384)
 2 APPPATH\Config\Routes.php(14): CodeIgniter\Router\RouteCollection->match([...], 'register', 'AuthController::register', [...])
 3 SYSTEMPATH\Router\RouteCollection.php(340): require('C:\\xampp\\htdocs\\ci4-g4a\\app\\Config\\Routes.php')
 4 SYSTEMPATH\CodeIgniter.php(823): CodeIgniter\Router\RouteCollection->loadRoutes()
 5 SYSTEMPATH\CodeIgniter.php(457): CodeIgniter\CodeIgniter->tryToRouteIt(null)
 6 SYSTEMPATH\CodeIgniter.php(355): CodeIgniter\CodeIgniter->handleRequest(null, Object(Config\Cache), false)
 7 SYSTEMPATH\Boot.php(312): CodeIgniter\CodeIgniter->run()
 8 SYSTEMPATH\Boot.php(67): CodeIgniter\Boot::runCodeIgniter(Object(CodeIgniter\CodeIgniter))
 9 FCPATH\index.php(56): CodeIgniter\Boot::bootWeb(Object(Config\Paths))
10 SYSTEMPATH\Commands\Server\rewrite.php(49): require_once('C:\\xampp\\htdocs\\ci4-g4a\\public\\index.php')
INFO - 2024-05-04 13:41:02 --> Session: Class initialized using 'CodeIgniter\Session\Handlers\FileHandler' driver.
WARNING - 2024-05-04 13:41:25 --> [DEPRECATED] Passing lowercase HTTP method "get" is deprecated. Use uppercase HTTP method like "GET". in SYSTEMPATH\Router\RouteCollection.php on line 1027.
 1 SYSTEMPATH\Router\RouteCollection.php(1027): trigger_error('Passing lowercase HTTP method "get" is deprecated. Use uppercase HTTP method like "GET".', 16384)
 2 APPPATH\Config\Routes.php(13): CodeIgniter\Router\RouteCollection->match([...], 'login', 'AuthController::login', [...])
 3 SYSTEMPATH\Router\RouteCollection.php(340): require('C:\\xampp\\htdocs\\ci4-g4a\\app\\Config\\Routes.php')
 4 SYSTEMPATH\CodeIgniter.php(823): CodeIgniter\Router\RouteCollection->loadRoutes()
 5 SYSTEMPATH\CodeIgniter.php(457): CodeIgniter\CodeIgniter->tryToRouteIt(null)
 6 SYSTEMPATH\CodeIgniter.php(355): CodeIgniter\CodeIgniter->handleRequest(null, Object(Config\Cache), false)
 7 SYSTEMPATH\Boot.php(312): CodeIgniter\CodeIgniter->run()
 8 SYSTEMPATH\Boot.php(67): CodeIgniter\Boot::runCodeIgniter(Object(CodeIgniter\CodeIgniter))
 9 FCPATH\index.php(56): CodeIgniter\Boot::bootWeb(Object(Config\Paths))
10 SYSTEMPATH\Commands\Server\rewrite.php(49): require_once('C:\\xampp\\htdocs\\ci4-g4a\\public\\index.php')
WARNING - 2024-05-04 13:41:25 --> [DEPRECATED] Passing lowercase HTTP method "post" is deprecated. Use uppercase HTTP method like "POST". in SYSTEMPATH\Router\RouteCollection.php on line 1027.
 1 SYSTEMPATH\Router\RouteCollection.php(1027): trigger_error('Passing lowercase HTTP method "post" is deprecated. Use uppercase HTTP method like "POST".', 16384)
 2 APPPATH\Config\Routes.php(13): CodeIgniter\Router\RouteCollection->match([...], 'login', 'AuthController::login', [...])
 3 SYSTEMPATH\Router\RouteCollection.php(340): require('C:\\xampp\\htdocs\\ci4-g4a\\app\\Config\\Routes.php')
 4 SYSTEMPATH\CodeIgniter.php(823): CodeIgniter\Router\RouteCollection->loadRoutes()
 5 SYSTEMPATH\CodeIgniter.php(457): CodeIgniter\CodeIgniter->tryToRouteIt(null)
 6 SYSTEMPATH\CodeIgniter.php(355): CodeIgniter\CodeIgniter->handleRequest(null, Object(Config\Cache), false)
 7 SYSTEMPATH\Boot.php(312): CodeIgniter\CodeIgniter->run()
 8 SYSTEMPATH\Boot.php(67): CodeIgniter\Boot::runCodeIgniter(Object(CodeIgniter\CodeIgniter))
 9 FCPATH\index.php(56): CodeIgniter\Boot::bootWeb(Object(Config\Paths))
10 SYSTEMPATH\Commands\Server\rewrite.php(49): require_once('C:\\xampp\\htdocs\\ci4-g4a\\public\\index.php')
WARNING - 2024-05-04 13:41:25 --> [DEPRECATED] Passing lowercase HTTP method "get" is deprecated. Use uppercase HTTP method like "GET". in SYSTEMPATH\Router\RouteCollection.php on line 1027.
 1 SYSTEMPATH\Router\RouteCollection.php(1027): trigger_error('Passing lowercase HTTP method "get" is deprecated. Use uppercase HTTP method like "GET".', 16384)
 2 APPPATH\Config\Routes.php(14): CodeIgniter\Router\RouteCollection->match([...], 'register', 'AuthController::register', [...])
 3 SYSTEMPATH\Router\RouteCollection.php(340): require('C:\\xampp\\htdocs\\ci4-g4a\\app\\Config\\Routes.php')
 4 SYSTEMPATH\CodeIgniter.php(823): CodeIgniter\Router\RouteCollection->loadRoutes()
 5 SYSTEMPATH\CodeIgniter.php(457): CodeIgniter\CodeIgniter->tryToRouteIt(null)
 6 SYSTEMPATH\CodeIgniter.php(355): CodeIgniter\CodeIgniter->handleRequest(null, Object(Config\Cache), false)
 7 SYSTEMPATH\Boot.php(312): CodeIgniter\CodeIgniter->run()
 8 SYSTEMPATH\Boot.php(67): CodeIgniter\Boot::runCodeIgniter(Object(CodeIgniter\CodeIgniter))
 9 FCPATH\index.php(56): CodeIgniter\Boot::bootWeb(Object(Config\Paths))
10 SYSTEMPATH\Commands\Server\rewrite.php(49): require_once('C:\\xampp\\htdocs\\ci4-g4a\\public\\index.php')
WARNING - 2024-05-04 13:41:25 --> [DEPRECATED] Passing lowercase HTTP method "post" is deprecated. Use uppercase HTTP method like "POST". in SYSTEMPATH\Router\RouteCollection.php on line 1027.
 1 SYSTEMPATH\Router\RouteCollection.php(1027): trigger_error('Passing lowercase HTTP method "post" is deprecated. Use uppercase HTTP method like "POST".', 16384)
 2 APPPATH\Config\Routes.php(14): CodeIgniter\Router\RouteCollection->match([...], 'register', 'AuthController::register', [...])
 3 SYSTEMPATH\Router\RouteCollection.php(340): require('C:\\xampp\\htdocs\\ci4-g4a\\app\\Config\\Routes.php')
 4 SYSTEMPATH\CodeIgniter.php(823): CodeIgniter\Router\RouteCollection->loadRoutes()
 5 SYSTEMPATH\CodeIgniter.php(457): CodeIgniter\CodeIgniter->tryToRouteIt(null)
 6 SYSTEMPATH\CodeIgniter.php(355): CodeIgniter\CodeIgniter->handleRequest(null, Object(Config\Cache), false)
 7 SYSTEMPATH\Boot.php(312): CodeIgniter\CodeIgniter->run()
 8 SYSTEMPATH\Boot.php(67): CodeIgniter\Boot::runCodeIgniter(Object(CodeIgniter\CodeIgniter))
 9 FCPATH\index.php(56): CodeIgniter\Boot::bootWeb(Object(Config\Paths))
10 SYSTEMPATH\Commands\Server\rewrite.php(49): require_once('C:\\xampp\\htdocs\\ci4-g4a\\public\\index.php')
INFO - 2024-05-04 13:41:25 --> Session: Class initialized using 'CodeIgniter\Session\Handlers\FileHandler' driver.
WARNING - 2024-05-04 13:47:59 --> [DEPRECATED] Passing lowercase HTTP method "get" is deprecated. Use uppercase HTTP method like "GET". in SYSTEMPATH\Router\RouteCollection.php on line 1027.
 1 SYSTEMPATH\Router\RouteCollection.php(1027): trigger_error('Passing lowercase HTTP method "get" is deprecated. Use uppercase HTTP method like "GET".', 16384)
 2 APPPATH\Config\Routes.php(13): CodeIgniter\Router\RouteCollection->match([...], 'login', 'AuthController::login', [...])
 3 SYSTEMPATH\Router\RouteCollection.php(340): require('C:\\xampp\\htdocs\\ci4-g4a\\app\\Config\\Routes.php')
 4 SYSTEMPATH\CodeIgniter.php(823): CodeIgniter\Router\RouteCollection->loadRoutes()
 5 SYSTEMPATH\CodeIgniter.php(457): CodeIgniter\CodeIgniter->tryToRouteIt(null)
 6 SYSTEMPATH\CodeIgniter.php(355): CodeIgniter\CodeIgniter->handleRequest(null, Object(Config\Cache), false)
 7 SYSTEMPATH\Boot.php(312): CodeIgniter\CodeIgniter->run()
 8 SYSTEMPATH\Boot.php(67): CodeIgniter\Boot::runCodeIgniter(Object(CodeIgniter\CodeIgniter))
 9 FCPATH\index.php(56): CodeIgniter\Boot::bootWeb(Object(Config\Paths))
10 SYSTEMPATH\Commands\Server\rewrite.php(49): require_once('C:\\xampp\\htdocs\\ci4-g4a\\public\\index.php')
WARNING - 2024-05-04 13:47:59 --> [DEPRECATED] Passing lowercase HTTP method "post" is deprecated. Use uppercase HTTP method like "POST". in SYSTEMPATH\Router\RouteCollection.php on line 1027.
 1 SYSTEMPATH\Router\RouteCollection.php(1027): trigger_error('Passing lowercase HTTP method "post" is deprecated. Use uppercase HTTP method like "POST".', 16384)
 2 APPPATH\Config\Routes.php(13): CodeIgniter\Router\RouteCollection->match([...], 'login', 'AuthController::login', [...])
 3 SYSTEMPATH\Router\RouteCollection.php(340): require('C:\\xampp\\htdocs\\ci4-g4a\\app\\Config\\Routes.php')
 4 SYSTEMPATH\CodeIgniter.php(823): CodeIgniter\Router\RouteCollection->loadRoutes()
 5 SYSTEMPATH\CodeIgniter.php(457): CodeIgniter\CodeIgniter->tryToRouteIt(null)
 6 SYSTEMPATH\CodeIgniter.php(355): CodeIgniter\CodeIgniter->handleRequest(null, Object(Config\Cache), false)
 7 SYSTEMPATH\Boot.php(312): CodeIgniter\CodeIgniter->run()
 8 SYSTEMPATH\Boot.php(67): CodeIgniter\Boot::runCodeIgniter(Object(CodeIgniter\CodeIgniter))
 9 FCPATH\index.php(56): CodeIgniter\Boot::bootWeb(Object(Config\Paths))
10 SYSTEMPATH\Commands\Server\rewrite.php(49): require_once('C:\\xampp\\htdocs\\ci4-g4a\\public\\index.php')
WARNING - 2024-05-04 13:47:59 --> [DEPRECATED] Passing lowercase HTTP method "get" is deprecated. Use uppercase HTTP method like "GET". in SYSTEMPATH\Router\RouteCollection.php on line 1027.
 1 SYSTEMPATH\Router\RouteCollection.php(1027): trigger_error('Passing lowercase HTTP method "get" is deprecated. Use uppercase HTTP method like "GET".', 16384)
 2 APPPATH\Config\Routes.php(14): CodeIgniter\Router\RouteCollection->match([...], 'register', 'AuthController::register', [...])
 3 SYSTEMPATH\Router\RouteCollection.php(340): require('C:\\xampp\\htdocs\\ci4-g4a\\app\\Config\\Routes.php')
 4 SYSTEMPATH\CodeIgniter.php(823): CodeIgniter\Router\RouteCollection->loadRoutes()
 5 SYSTEMPATH\CodeIgniter.php(457): CodeIgniter\CodeIgniter->tryToRouteIt(null)
 6 SYSTEMPATH\CodeIgniter.php(355): CodeIgniter\CodeIgniter->handleRequest(null, Object(Config\Cache), false)
 7 SYSTEMPATH\Boot.php(312): CodeIgniter\CodeIgniter->run()
 8 SYSTEMPATH\Boot.php(67): CodeIgniter\Boot::runCodeIgniter(Object(CodeIgniter\CodeIgniter))
 9 FCPATH\index.php(56): CodeIgniter\Boot::bootWeb(Object(Config\Paths))
10 SYSTEMPATH\Commands\Server\rewrite.php(49): require_once('C:\\xampp\\htdocs\\ci4-g4a\\public\\index.php')
WARNING - 2024-05-04 13:47:59 --> [DEPRECATED] Passing lowercase HTTP method "post" is deprecated. Use uppercase HTTP method like "POST". in SYSTEMPATH\Router\RouteCollection.php on line 1027.
 1 SYSTEMPATH\Router\RouteCollection.php(1027): trigger_error('Passing lowercase HTTP method "post" is deprecated. Use uppercase HTTP method like "POST".', 16384)
 2 APPPATH\Config\Routes.php(14): CodeIgniter\Router\RouteCollection->match([...], 'register', 'AuthController::register', [...])
 3 SYSTEMPATH\Router\RouteCollection.php(340): require('C:\\xampp\\htdocs\\ci4-g4a\\app\\Config\\Routes.php')
 4 SYSTEMPATH\CodeIgniter.php(823): CodeIgniter\Router\RouteCollection->loadRoutes()
 5 SYSTEMPATH\CodeIgniter.php(457): CodeIgniter\CodeIgniter->tryToRouteIt(null)
 6 SYSTEMPATH\CodeIgniter.php(355): CodeIgniter\CodeIgniter->handleRequest(null, Object(Config\Cache), false)
 7 SYSTEMPATH\Boot.php(312): CodeIgniter\CodeIgniter->run()
 8 SYSTEMPATH\Boot.php(67): CodeIgniter\Boot::runCodeIgniter(Object(CodeIgniter\CodeIgniter))
 9 FCPATH\index.php(56): CodeIgniter\Boot::bootWeb(Object(Config\Paths))
10 SYSTEMPATH\Commands\Server\rewrite.php(49): require_once('C:\\xampp\\htdocs\\ci4-g4a\\public\\index.php')
WARNING - 2024-05-04 13:47:59 --> [DEPRECATED] Passing lowercase HTTP method "get" is deprecated. Use uppercase HTTP method like "GET". in SYSTEMPATH\Router\RouteCollection.php on line 1027.
 1 SYSTEMPATH\Router\RouteCollection.php(1027): trigger_error('Passing lowercase HTTP method "get" is deprecated. Use uppercase HTTP method like "GET".', 16384)
 2 APPPATH\Config\Routes.php(13): CodeIgniter\Router\RouteCollection->match([...], 'login', 'AuthController::login', [...])
 3 SYSTEMPATH\Router\RouteCollection.php(340): require('C:\\xampp\\htdocs\\ci4-g4a\\app\\Config\\Routes.php')
 4 SYSTEMPATH\CodeIgniter.php(823): CodeIgniter\Router\RouteCollection->loadRoutes()
 5 SYSTEMPATH\CodeIgniter.php(457): CodeIgniter\CodeIgniter->tryToRouteIt(null)
 6 SYSTEMPATH\CodeIgniter.php(355): CodeIgniter\CodeIgniter->handleRequest(null, Object(Config\Cache), false)
 7 SYSTEMPATH\Boot.php(312): CodeIgniter\CodeIgniter->run()
 8 SYSTEMPATH\Boot.php(67): CodeIgniter\Boot::runCodeIgniter(Object(CodeIgniter\CodeIgniter))
 9 FCPATH\index.php(56): CodeIgniter\Boot::bootWeb(Object(Config\Paths))
10 SYSTEMPATH\Commands\Server\rewrite.php(49): require_once('C:\\xampp\\htdocs\\ci4-g4a\\public\\index.php')
WARNING - 2024-05-04 13:47:59 --> [DEPRECATED] Passing lowercase HTTP method "post" is deprecated. Use uppercase HTTP method like "POST". in SYSTEMPATH\Router\RouteCollection.php on line 1027.
 1 SYSTEMPATH\Router\RouteCollection.php(1027): trigger_error('Passing lowercase HTTP method "post" is deprecated. Use uppercase HTTP method like "POST".', 16384)
 2 APPPATH\Config\Routes.php(13): CodeIgniter\Router\RouteCollection->match([...], 'login', 'AuthController::login', [...])
 3 SYSTEMPATH\Router\RouteCollection.php(340): require('C:\\xampp\\htdocs\\ci4-g4a\\app\\Config\\Routes.php')
 4 SYSTEMPATH\CodeIgniter.php(823): CodeIgniter\Router\RouteCollection->loadRoutes()
 5 SYSTEMPATH\CodeIgniter.php(457): CodeIgniter\CodeIgniter->tryToRouteIt(null)
 6 SYSTEMPATH\CodeIgniter.php(355): CodeIgniter\CodeIgniter->handleRequest(null, Object(Config\Cache), false)
 7 SYSTEMPATH\Boot.php(312): CodeIgniter\CodeIgniter->run()
 8 SYSTEMPATH\Boot.php(67): CodeIgniter\Boot::runCodeIgniter(Object(CodeIgniter\CodeIgniter))
 9 FCPATH\index.php(56): CodeIgniter\Boot::bootWeb(Object(Config\Paths))
10 SYSTEMPATH\Commands\Server\rewrite.php(49): require_once('C:\\xampp\\htdocs\\ci4-g4a\\public\\index.php')
WARNING - 2024-05-04 13:47:59 --> [DEPRECATED] Passing lowercase HTTP method "get" is deprecated. Use uppercase HTTP method like "GET". in SYSTEMPATH\Router\RouteCollection.php on line 1027.
 1 SYSTEMPATH\Router\RouteCollection.php(1027): trigger_error('Passing lowercase HTTP method "get" is deprecated. Use uppercase HTTP method like "GET".', 16384)
 2 APPPATH\Config\Routes.php(14): CodeIgniter\Router\RouteCollection->match([...], 'register', 'AuthController::register', [...])
 3 SYSTEMPATH\Router\RouteCollection.php(340): require('C:\\xampp\\htdocs\\ci4-g4a\\app\\Config\\Routes.php')
 4 SYSTEMPATH\CodeIgniter.php(823): CodeIgniter\Router\RouteCollection->loadRoutes()
 5 SYSTEMPATH\CodeIgniter.php(457): CodeIgniter\CodeIgniter->tryToRouteIt(null)
 6 SYSTEMPATH\CodeIgniter.php(355): CodeIgniter\CodeIgniter->handleRequest(null, Object(Config\Cache), false)
 7 SYSTEMPATH\Boot.php(312): CodeIgniter\CodeIgniter->run()
 8 SYSTEMPATH\Boot.php(67): CodeIgniter\Boot::runCodeIgniter(Object(CodeIgniter\CodeIgniter))
 9 FCPATH\index.php(56): CodeIgniter\Boot::bootWeb(Object(Config\Paths))
10 SYSTEMPATH\Commands\Server\rewrite.php(49): require_once('C:\\xampp\\htdocs\\ci4-g4a\\public\\index.php')
WARNING - 2024-05-04 13:47:59 --> [DEPRECATED] Passing lowercase HTTP method "post" is deprecated. Use uppercase HTTP method like "POST". in SYSTEMPATH\Router\RouteCollection.php on line 1027.
 1 SYSTEMPATH\Router\RouteCollection.php(1027): trigger_error('Passing lowercase HTTP method "post" is deprecated. Use uppercase HTTP method like "POST".', 16384)
 2 APPPATH\Config\Routes.php(14): CodeIgniter\Router\RouteCollection->match([...], 'register', 'AuthController::register', [...])
 3 SYSTEMPATH\Router\RouteCollection.php(340): require('C:\\xampp\\htdocs\\ci4-g4a\\app\\Config\\Routes.php')
 4 SYSTEMPATH\CodeIgniter.php(823): CodeIgniter\Router\RouteCollection->loadRoutes()
 5 SYSTEMPATH\CodeIgniter.php(457): CodeIgniter\CodeIgniter->tryToRouteIt(null)
 6 SYSTEMPATH\CodeIgniter.php(355): CodeIgniter\CodeIgniter->handleRequest(null, Object(Config\Cache), false)
 7 SYSTEMPATH\Boot.php(312): CodeIgniter\CodeIgniter->run()
 8 SYSTEMPATH\Boot.php(67): CodeIgniter\Boot::runCodeIgniter(Object(CodeIgniter\CodeIgniter))
 9 FCPATH\index.php(56): CodeIgniter\Boot::bootWeb(Object(Config\Paths))
10 SYSTEMPATH\Commands\Server\rewrite.php(49): require_once('C:\\xampp\\htdocs\\ci4-g4a\\public\\index.php')
WARNING - 2024-05-04 13:48:40 --> [DEPRECATED] Passing lowercase HTTP method "get" is deprecated. Use uppercase HTTP method like "GET". in SYSTEMPATH\Router\RouteCollection.php on line 1027.
 1 SYSTEMPATH\Router\RouteCollection.php(1027): trigger_error('Passing lowercase HTTP method "get" is deprecated. Use uppercase HTTP method like "GET".', 16384)
 2 APPPATH\Config\Routes.php(13): CodeIgniter\Router\RouteCollection->match([...], 'login', 'AuthController::login', [...])
 3 SYSTEMPATH\Router\RouteCollection.php(340): require('C:\\xampp\\htdocs\\ci4-g4a\\app\\Config\\Routes.php')
 4 SYSTEMPATH\CodeIgniter.php(823): CodeIgniter\Router\RouteCollection->loadRoutes()
 5 SYSTEMPATH\CodeIgniter.php(457): CodeIgniter\CodeIgniter->tryToRouteIt(null)
 6 SYSTEMPATH\CodeIgniter.php(355): CodeIgniter\CodeIgniter->handleRequest(null, Object(Config\Cache), false)
 7 SYSTEMPATH\Boot.php(312): CodeIgniter\CodeIgniter->run()
 8 SYSTEMPATH\Boot.php(67): CodeIgniter\Boot::runCodeIgniter(Object(CodeIgniter\CodeIgniter))
 9 FCPATH\index.php(56): CodeIgniter\Boot::bootWeb(Object(Config\Paths))
10 SYSTEMPATH\Commands\Server\rewrite.php(49): require_once('C:\\xampp\\htdocs\\ci4-g4a\\public\\index.php')
WARNING - 2024-05-04 13:48:40 --> [DEPRECATED] Passing lowercase HTTP method "post" is deprecated. Use uppercase HTTP method like "POST". in SYSTEMPATH\Router\RouteCollection.php on line 1027.
 1 SYSTEMPATH\Router\RouteCollection.php(1027): trigger_error('Passing lowercase HTTP method "post" is deprecated. Use uppercase HTTP method like "POST".', 16384)
 2 APPPATH\Config\Routes.php(13): CodeIgniter\Router\RouteCollection->match([...], 'login', 'AuthController::login', [...])
 3 SYSTEMPATH\Router\RouteCollection.php(340): require('C:\\xampp\\htdocs\\ci4-g4a\\app\\Config\\Routes.php')
 4 SYSTEMPATH\CodeIgniter.php(823): CodeIgniter\Router\RouteCollection->loadRoutes()
 5 SYSTEMPATH\CodeIgniter.php(457): CodeIgniter\CodeIgniter->tryToRouteIt(null)
 6 SYSTEMPATH\CodeIgniter.php(355): CodeIgniter\CodeIgniter->handleRequest(null, Object(Config\Cache), false)
 7 SYSTEMPATH\Boot.php(312): CodeIgniter\CodeIgniter->run()
 8 SYSTEMPATH\Boot.php(67): CodeIgniter\Boot::runCodeIgniter(Object(CodeIgniter\CodeIgniter))
 9 FCPATH\index.php(56): CodeIgniter\Boot::bootWeb(Object(Config\Paths))
10 SYSTEMPATH\Commands\Server\rewrite.php(49): require_once('C:\\xampp\\htdocs\\ci4-g4a\\public\\index.php')
WARNING - 2024-05-04 13:48:40 --> [DEPRECATED] Passing lowercase HTTP method "get" is deprecated. Use uppercase HTTP method like "GET". in SYSTEMPATH\Router\RouteCollection.php on line 1027.
 1 SYSTEMPATH\Router\RouteCollection.php(1027): trigger_error('Passing lowercase HTTP method "get" is deprecated. Use uppercase HTTP method like "GET".', 16384)
 2 APPPATH\Config\Routes.php(14): CodeIgniter\Router\RouteCollection->match([...], 'register', 'AuthController::register', [...])
 3 SYSTEMPATH\Router\RouteCollection.php(340): require('C:\\xampp\\htdocs\\ci4-g4a\\app\\Config\\Routes.php')
 4 SYSTEMPATH\CodeIgniter.php(823): CodeIgniter\Router\RouteCollection->loadRoutes()
 5 SYSTEMPATH\CodeIgniter.php(457): CodeIgniter\CodeIgniter->tryToRouteIt(null)
 6 SYSTEMPATH\CodeIgniter.php(355): CodeIgniter\CodeIgniter->handleRequest(null, Object(Config\Cache), false)
 7 SYSTEMPATH\Boot.php(312): CodeIgniter\CodeIgniter->run()
 8 SYSTEMPATH\Boot.php(67): CodeIgniter\Boot::runCodeIgniter(Object(CodeIgniter\CodeIgniter))
 9 FCPATH\index.php(56): CodeIgniter\Boot::bootWeb(Object(Config\Paths))
10 SYSTEMPATH\Commands\Server\rewrite.php(49): require_once('C:\\xampp\\htdocs\\ci4-g4a\\public\\index.php')
WARNING - 2024-05-04 13:48:40 --> [DEPRECATED] Passing lowercase HTTP method "post" is deprecated. Use uppercase HTTP method like "POST". in SYSTEMPATH\Router\RouteCollection.php on line 1027.
 1 SYSTEMPATH\Router\RouteCollection.php(1027): trigger_error('Passing lowercase HTTP method "post" is deprecated. Use uppercase HTTP method like "POST".', 16384)
 2 APPPATH\Config\Routes.php(14): CodeIgniter\Router\RouteCollection->match([...], 'register', 'AuthController::register', [...])
 3 SYSTEMPATH\Router\RouteCollection.php(340): require('C:\\xampp\\htdocs\\ci4-g4a\\app\\Config\\Routes.php')
 4 SYSTEMPATH\CodeIgniter.php(823): CodeIgniter\Router\RouteCollection->loadRoutes()
 5 SYSTEMPATH\CodeIgniter.php(457): CodeIgniter\CodeIgniter->tryToRouteIt(null)
 6 SYSTEMPATH\CodeIgniter.php(355): CodeIgniter\CodeIgniter->handleRequest(null, Object(Config\Cache), false)
 7 SYSTEMPATH\Boot.php(312): CodeIgniter\CodeIgniter->run()
 8 SYSTEMPATH\Boot.php(67): CodeIgniter\Boot::runCodeIgniter(Object(CodeIgniter\CodeIgniter))
 9 FCPATH\index.php(56): CodeIgniter\Boot::bootWeb(Object(Config\Paths))
10 SYSTEMPATH\Commands\Server\rewrite.php(49): require_once('C:\\xampp\\htdocs\\ci4-g4a\\public\\index.php')
WARNING - 2024-05-04 13:48:40 --> [DEPRECATED] Passing lowercase HTTP method "get" is deprecated. Use uppercase HTTP method like "GET". in SYSTEMPATH\Router\RouteCollection.php on line 1027.
 1 SYSTEMPATH\Router\RouteCollection.php(1027): trigger_error('Passing lowercase HTTP method "get" is deprecated. Use uppercase HTTP method like "GET".', 16384)
 2 APPPATH\Config\Routes.php(13): CodeIgniter\Router\RouteCollection->match([...], 'login', 'AuthController::login', [...])
 3 SYSTEMPATH\Router\RouteCollection.php(340): require('C:\\xampp\\htdocs\\ci4-g4a\\app\\Config\\Routes.php')
 4 SYSTEMPATH\CodeIgniter.php(823): CodeIgniter\Router\RouteCollection->loadRoutes()
 5 SYSTEMPATH\CodeIgniter.php(457): CodeIgniter\CodeIgniter->tryToRouteIt(null)
 6 SYSTEMPATH\CodeIgniter.php(355): CodeIgniter\CodeIgniter->handleRequest(null, Object(Config\Cache), false)
 7 SYSTEMPATH\Boot.php(312): CodeIgniter\CodeIgniter->run()
 8 SYSTEMPATH\Boot.php(67): CodeIgniter\Boot::runCodeIgniter(Object(CodeIgniter\CodeIgniter))
 9 FCPATH\index.php(56): CodeIgniter\Boot::bootWeb(Object(Config\Paths))
10 SYSTEMPATH\Commands\Server\rewrite.php(49): require_once('C:\\xampp\\htdocs\\ci4-g4a\\public\\index.php')
WARNING - 2024-05-04 13:48:40 --> [DEPRECATED] Passing lowercase HTTP method "post" is deprecated. Use uppercase HTTP method like "POST". in SYSTEMPATH\Router\RouteCollection.php on line 1027.
 1 SYSTEMPATH\Router\RouteCollection.php(1027): trigger_error('Passing lowercase HTTP method "post" is deprecated. Use uppercase HTTP method like "POST".', 16384)
 2 APPPATH\Config\Routes.php(13): CodeIgniter\Router\RouteCollection->match([...], 'login', 'AuthController::login', [...])
 3 SYSTEMPATH\Router\RouteCollection.php(340): require('C:\\xampp\\htdocs\\ci4-g4a\\app\\Config\\Routes.php')
 4 SYSTEMPATH\CodeIgniter.php(823): CodeIgniter\Router\RouteCollection->loadRoutes()
 5 SYSTEMPATH\CodeIgniter.php(457): CodeIgniter\CodeIgniter->tryToRouteIt(null)
 6 SYSTEMPATH\CodeIgniter.php(355): CodeIgniter\CodeIgniter->handleRequest(null, Object(Config\Cache), false)
 7 SYSTEMPATH\Boot.php(312): CodeIgniter\CodeIgniter->run()
 8 SYSTEMPATH\Boot.php(67): CodeIgniter\Boot::runCodeIgniter(Object(CodeIgniter\CodeIgniter))
 9 FCPATH\index.php(56): CodeIgniter\Boot::bootWeb(Object(Config\Paths))
10 SYSTEMPATH\Commands\Server\rewrite.php(49): require_once('C:\\xampp\\htdocs\\ci4-g4a\\public\\index.php')
WARNING - 2024-05-04 13:48:40 --> [DEPRECATED] Passing lowercase HTTP method "get" is deprecated. Use uppercase HTTP method like "GET". in SYSTEMPATH\Router\RouteCollection.php on line 1027.
 1 SYSTEMPATH\Router\RouteCollection.php(1027): trigger_error('Passing lowercase HTTP method "get" is deprecated. Use uppercase HTTP method like "GET".', 16384)
 2 APPPATH\Config\Routes.php(14): CodeIgniter\Router\RouteCollection->match([...], 'register', 'AuthController::register', [...])
 3 SYSTEMPATH\Router\RouteCollection.php(340): require('C:\\xampp\\htdocs\\ci4-g4a\\app\\Config\\Routes.php')
 4 SYSTEMPATH\CodeIgniter.php(823): CodeIgniter\Router\RouteCollection->loadRoutes()
 5 SYSTEMPATH\CodeIgniter.php(457): CodeIgniter\CodeIgniter->tryToRouteIt(null)
 6 SYSTEMPATH\CodeIgniter.php(355): CodeIgniter\CodeIgniter->handleRequest(null, Object(Config\Cache), false)
 7 SYSTEMPATH\Boot.php(312): CodeIgniter\CodeIgniter->run()
 8 SYSTEMPATH\Boot.php(67): CodeIgniter\Boot::runCodeIgniter(Object(CodeIgniter\CodeIgniter))
 9 FCPATH\index.php(56): CodeIgniter\Boot::bootWeb(Object(Config\Paths))
10 SYSTEMPATH\Commands\Server\rewrite.php(49): require_once('C:\\xampp\\htdocs\\ci4-g4a\\public\\index.php')
WARNING - 2024-05-04 13:48:40 --> [DEPRECATED] Passing lowercase HTTP method "post" is deprecated. Use uppercase HTTP method like "POST". in SYSTEMPATH\Router\RouteCollection.php on line 1027.
 1 SYSTEMPATH\Router\RouteCollection.php(1027): trigger_error('Passing lowercase HTTP method "post" is deprecated. Use uppercase HTTP method like "POST".', 16384)
 2 APPPATH\Config\Routes.php(14): CodeIgniter\Router\RouteCollection->match([...], 'register', 'AuthController::register', [...])
 3 SYSTEMPATH\Router\RouteCollection.php(340): require('C:\\xampp\\htdocs\\ci4-g4a\\app\\Config\\Routes.php')
 4 SYSTEMPATH\CodeIgniter.php(823): CodeIgniter\Router\RouteCollection->loadRoutes()
 5 SYSTEMPATH\CodeIgniter.php(457): CodeIgniter\CodeIgniter->tryToRouteIt(null)
 6 SYSTEMPATH\CodeIgniter.php(355): CodeIgniter\CodeIgniter->handleRequest(null, Object(Config\Cache), false)
 7 SYSTEMPATH\Boot.php(312): CodeIgniter\CodeIgniter->run()
 8 SYSTEMPATH\Boot.php(67): CodeIgniter\Boot::runCodeIgniter(Object(CodeIgniter\CodeIgniter))
 9 FCPATH\index.php(56): CodeIgniter\Boot::bootWeb(Object(Config\Paths))
10 SYSTEMPATH\Commands\Server\rewrite.php(49): require_once('C:\\xampp\\htdocs\\ci4-g4a\\public\\index.php')
WARNING - 2024-05-04 13:55:41 --> [DEPRECATED] Passing lowercase HTTP method "get" is deprecated. Use uppercase HTTP method like "GET". in SYSTEMPATH\Router\RouteCollection.php on line 1027.
 1 SYSTEMPATH\Router\RouteCollection.php(1027): trigger_error('Passing lowercase HTTP method "get" is deprecated. Use uppercase HTTP method like "GET".', 16384)
 2 APPPATH\Config\Routes.php(13): CodeIgniter\Router\RouteCollection->match([...], 'login', 'AuthController::login', [...])
 3 SYSTEMPATH\Router\RouteCollection.php(340): require('C:\\xampp\\htdocs\\ci4-g4a\\app\\Config\\Routes.php')
 4 SYSTEMPATH\CodeIgniter.php(823): CodeIgniter\Router\RouteCollection->loadRoutes()
 5 SYSTEMPATH\CodeIgniter.php(457): CodeIgniter\CodeIgniter->tryToRouteIt(null)
 6 SYSTEMPATH\CodeIgniter.php(355): CodeIgniter\CodeIgniter->handleRequest(null, Object(Config\Cache), false)
 7 SYSTEMPATH\Boot.php(312): CodeIgniter\CodeIgniter->run()
 8 SYSTEMPATH\Boot.php(67): CodeIgniter\Boot::runCodeIgniter(Object(CodeIgniter\CodeIgniter))
 9 FCPATH\index.php(56): CodeIgniter\Boot::bootWeb(Object(Config\Paths))
10 SYSTEMPATH\Commands\Server\rewrite.php(49): require_once('C:\\xampp\\htdocs\\ci4-g4a\\public\\index.php')
WARNING - 2024-05-04 13:55:41 --> [DEPRECATED] Passing lowercase HTTP method "post" is deprecated. Use uppercase HTTP method like "POST". in SYSTEMPATH\Router\RouteCollection.php on line 1027.
 1 SYSTEMPATH\Router\RouteCollection.php(1027): trigger_error('Passing lowercase HTTP method "post" is deprecated. Use uppercase HTTP method like "POST".', 16384)
 2 APPPATH\Config\Routes.php(13): CodeIgniter\Router\RouteCollection->match([...], 'login', 'AuthController::login', [...])
 3 SYSTEMPATH\Router\RouteCollection.php(340): require('C:\\xampp\\htdocs\\ci4-g4a\\app\\Config\\Routes.php')
 4 SYSTEMPATH\CodeIgniter.php(823): CodeIgniter\Router\RouteCollection->loadRoutes()
 5 SYSTEMPATH\CodeIgniter.php(457): CodeIgniter\CodeIgniter->tryToRouteIt(null)
 6 SYSTEMPATH\CodeIgniter.php(355): CodeIgniter\CodeIgniter->handleRequest(null, Object(Config\Cache), false)
 7 SYSTEMPATH\Boot.php(312): CodeIgniter\CodeIgniter->run()
 8 SYSTEMPATH\Boot.php(67): CodeIgniter\Boot::runCodeIgniter(Object(CodeIgniter\CodeIgniter))
 9 FCPATH\index.php(56): CodeIgniter\Boot::bootWeb(Object(Config\Paths))
10 SYSTEMPATH\Commands\Server\rewrite.php(49): require_once('C:\\xampp\\htdocs\\ci4-g4a\\public\\index.php')
WARNING - 2024-05-04 13:55:41 --> [DEPRECATED] Passing lowercase HTTP method "get" is deprecated. Use uppercase HTTP method like "GET". in SYSTEMPATH\Router\RouteCollection.php on line 1027.
 1 SYSTEMPATH\Router\RouteCollection.php(1027): trigger_error('Passing lowercase HTTP method "get" is deprecated. Use uppercase HTTP method like "GET".', 16384)
 2 APPPATH\Config\Routes.php(14): CodeIgniter\Router\RouteCollection->match([...], 'register', 'AuthController::register', [...])
 3 SYSTEMPATH\Router\RouteCollection.php(340): require('C:\\xampp\\htdocs\\ci4-g4a\\app\\Config\\Routes.php')
 4 SYSTEMPATH\CodeIgniter.php(823): CodeIgniter\Router\RouteCollection->loadRoutes()
 5 SYSTEMPATH\CodeIgniter.php(457): CodeIgniter\CodeIgniter->tryToRouteIt(null)
 6 SYSTEMPATH\CodeIgniter.php(355): CodeIgniter\CodeIgniter->handleRequest(null, Object(Config\Cache), false)
 7 SYSTEMPATH\Boot.php(312): CodeIgniter\CodeIgniter->run()
 8 SYSTEMPATH\Boot.php(67): CodeIgniter\Boot::runCodeIgniter(Object(CodeIgniter\CodeIgniter))
 9 FCPATH\index.php(56): CodeIgniter\Boot::bootWeb(Object(Config\Paths))
10 SYSTEMPATH\Commands\Server\rewrite.php(49): require_once('C:\\xampp\\htdocs\\ci4-g4a\\public\\index.php')
WARNING - 2024-05-04 13:55:41 --> [DEPRECATED] Passing lowercase HTTP method "post" is deprecated. Use uppercase HTTP method like "POST". in SYSTEMPATH\Router\RouteCollection.php on line 1027.
 1 SYSTEMPATH\Router\RouteCollection.php(1027): trigger_error('Passing lowercase HTTP method "post" is deprecated. Use uppercase HTTP method like "POST".', 16384)
 2 APPPATH\Config\Routes.php(14): CodeIgniter\Router\RouteCollection->match([...], 'register', 'AuthController::register', [...])
 3 SYSTEMPATH\Router\RouteCollection.php(340): require('C:\\xampp\\htdocs\\ci4-g4a\\app\\Config\\Routes.php')
 4 SYSTEMPATH\CodeIgniter.php(823): CodeIgniter\Router\RouteCollection->loadRoutes()
 5 SYSTEMPATH\CodeIgniter.php(457): CodeIgniter\CodeIgniter->tryToRouteIt(null)
 6 SYSTEMPATH\CodeIgniter.php(355): CodeIgniter\CodeIgniter->handleRequest(null, Object(Config\Cache), false)
 7 SYSTEMPATH\Boot.php(312): CodeIgniter\CodeIgniter->run()
 8 SYSTEMPATH\Boot.php(67): CodeIgniter\Boot::runCodeIgniter(Object(CodeIgniter\CodeIgniter))
 9 FCPATH\index.php(56): CodeIgniter\Boot::bootWeb(Object(Config\Paths))
10 SYSTEMPATH\Commands\Server\rewrite.php(49): require_once('C:\\xampp\\htdocs\\ci4-g4a\\public\\index.php')
INFO - 2024-05-04 13:55:41 --> Session: Class initialized using 'CodeIgniter\Session\Handlers\FileHandler' driver.
WARNING - 2024-05-04 13:55:47 --> [DEPRECATED] Passing lowercase HTTP method "get" is deprecated. Use uppercase HTTP method like "GET". in SYSTEMPATH\Router\RouteCollection.php on line 1027.
 1 SYSTEMPATH\Router\RouteCollection.php(1027): trigger_error('Passing lowercase HTTP method "get" is deprecated. Use uppercase HTTP method like "GET".', 16384)
 2 APPPATH\Config\Routes.php(13): CodeIgniter\Router\RouteCollection->match([...], 'login', 'AuthController::login', [...])
 3 SYSTEMPATH\Router\RouteCollection.php(340): require('C:\\xampp\\htdocs\\ci4-g4a\\app\\Config\\Routes.php')
 4 SYSTEMPATH\CodeIgniter.php(823): CodeIgniter\Router\RouteCollection->loadRoutes()
 5 SYSTEMPATH\CodeIgniter.php(457): CodeIgniter\CodeIgniter->tryToRouteIt(null)
 6 SYSTEMPATH\CodeIgniter.php(355): CodeIgniter\CodeIgniter->handleRequest(null, Object(Config\Cache), false)
 7 SYSTEMPATH\Boot.php(312): CodeIgniter\CodeIgniter->run()
 8 SYSTEMPATH\Boot.php(67): CodeIgniter\Boot::runCodeIgniter(Object(CodeIgniter\CodeIgniter))
 9 FCPATH\index.php(56): CodeIgniter\Boot::bootWeb(Object(Config\Paths))
10 SYSTEMPATH\Commands\Server\rewrite.php(49): require_once('C:\\xampp\\htdocs\\ci4-g4a\\public\\index.php')
WARNING - 2024-05-04 13:55:47 --> [DEPRECATED] Passing lowercase HTTP method "post" is deprecated. Use uppercase HTTP method like "POST". in SYSTEMPATH\Router\RouteCollection.php on line 1027.
 1 SYSTEMPATH\Router\RouteCollection.php(1027): trigger_error('Passing lowercase HTTP method "post" is deprecated. Use uppercase HTTP method like "POST".', 16384)
 2 APPPATH\Config\Routes.php(13): CodeIgniter\Router\RouteCollection->match([...], 'login', 'AuthController::login', [...])
 3 SYSTEMPATH\Router\RouteCollection.php(340): require('C:\\xampp\\htdocs\\ci4-g4a\\app\\Config\\Routes.php')
 4 SYSTEMPATH\CodeIgniter.php(823): CodeIgniter\Router\RouteCollection->loadRoutes()
 5 SYSTEMPATH\CodeIgniter.php(457): CodeIgniter\CodeIgniter->tryToRouteIt(null)
 6 SYSTEMPATH\CodeIgniter.php(355): CodeIgniter\CodeIgniter->handleRequest(null, Object(Config\Cache), false)
 7 SYSTEMPATH\Boot.php(312): CodeIgniter\CodeIgniter->run()
 8 SYSTEMPATH\Boot.php(67): CodeIgniter\Boot::runCodeIgniter(Object(CodeIgniter\CodeIgniter))
 9 FCPATH\index.php(56): CodeIgniter\Boot::bootWeb(Object(Config\Paths))
10 SYSTEMPATH\Commands\Server\rewrite.php(49): require_once('C:\\xampp\\htdocs\\ci4-g4a\\public\\index.php')
WARNING - 2024-05-04 13:55:47 --> [DEPRECATED] Passing lowercase HTTP method "get" is deprecated. Use uppercase HTTP method like "GET". in SYSTEMPATH\Router\RouteCollection.php on line 1027.
 1 SYSTEMPATH\Router\RouteCollection.php(1027): trigger_error('Passing lowercase HTTP method "get" is deprecated. Use uppercase HTTP method like "GET".', 16384)
 2 APPPATH\Config\Routes.php(14): CodeIgniter\Router\RouteCollection->match([...], 'register', 'AuthController::register', [...])
 3 SYSTEMPATH\Router\RouteCollection.php(340): require('C:\\xampp\\htdocs\\ci4-g4a\\app\\Config\\Routes.php')
 4 SYSTEMPATH\CodeIgniter.php(823): CodeIgniter\Router\RouteCollection->loadRoutes()
 5 SYSTEMPATH\CodeIgniter.php(457): CodeIgniter\CodeIgniter->tryToRouteIt(null)
 6 SYSTEMPATH\CodeIgniter.php(355): CodeIgniter\CodeIgniter->handleRequest(null, Object(Config\Cache), false)
 7 SYSTEMPATH\Boot.php(312): CodeIgniter\CodeIgniter->run()
 8 SYSTEMPATH\Boot.php(67): CodeIgniter\Boot::runCodeIgniter(Object(CodeIgniter\CodeIgniter))
 9 FCPATH\index.php(56): CodeIgniter\Boot::bootWeb(Object(Config\Paths))
10 SYSTEMPATH\Commands\Server\rewrite.php(49): require_once('C:\\xampp\\htdocs\\ci4-g4a\\public\\index.php')
WARNING - 2024-05-04 13:55:47 --> [DEPRECATED] Passing lowercase HTTP method "post" is deprecated. Use uppercase HTTP method like "POST". in SYSTEMPATH\Router\RouteCollection.php on line 1027.
 1 SYSTEMPATH\Router\RouteCollection.php(1027): trigger_error('Passing lowercase HTTP method "post" is deprecated. Use uppercase HTTP method like "POST".', 16384)
 2 APPPATH\Config\Routes.php(14): CodeIgniter\Router\RouteCollection->match([...], 'register', 'AuthController::register', [...])
 3 SYSTEMPATH\Router\RouteCollection.php(340): require('C:\\xampp\\htdocs\\ci4-g4a\\app\\Config\\Routes.php')
 4 SYSTEMPATH\CodeIgniter.php(823): CodeIgniter\Router\RouteCollection->loadRoutes()
 5 SYSTEMPATH\CodeIgniter.php(457): CodeIgniter\CodeIgniter->tryToRouteIt(null)
 6 SYSTEMPATH\CodeIgniter.php(355): CodeIgniter\CodeIgniter->handleRequest(null, Object(Config\Cache), false)
 7 SYSTEMPATH\Boot.php(312): CodeIgniter\CodeIgniter->run()
 8 SYSTEMPATH\Boot.php(67): CodeIgniter\Boot::runCodeIgniter(Object(CodeIgniter\CodeIgniter))
 9 FCPATH\index.php(56): CodeIgniter\Boot::bootWeb(Object(Config\Paths))
10 SYSTEMPATH\Commands\Server\rewrite.php(49): require_once('C:\\xampp\\htdocs\\ci4-g4a\\public\\index.php')
INFO - 2024-05-04 13:55:47 --> Session: Class initialized using 'CodeIgniter\Session\Handlers\FileHandler' driver.
WARNING - 2024-05-04 13:55:54 --> [DEPRECATED] Passing lowercase HTTP method "get" is deprecated. Use uppercase HTTP method like "GET". in SYSTEMPATH\Router\RouteCollection.php on line 1027.
 1 SYSTEMPATH\Router\RouteCollection.php(1027): trigger_error('Passing lowercase HTTP method "get" is deprecated. Use uppercase HTTP method like "GET".', 16384)
 2 APPPATH\Config\Routes.php(13): CodeIgniter\Router\RouteCollection->match([...], 'login', 'AuthController::login', [...])
 3 SYSTEMPATH\Router\RouteCollection.php(340): require('C:\\xampp\\htdocs\\ci4-g4a\\app\\Config\\Routes.php')
 4 SYSTEMPATH\CodeIgniter.php(823): CodeIgniter\Router\RouteCollection->loadRoutes()
 5 SYSTEMPATH\CodeIgniter.php(457): CodeIgniter\CodeIgniter->tryToRouteIt(null)
 6 SYSTEMPATH\CodeIgniter.php(355): CodeIgniter\CodeIgniter->handleRequest(null, Object(Config\Cache), false)
 7 SYSTEMPATH\Boot.php(312): CodeIgniter\CodeIgniter->run()
 8 SYSTEMPATH\Boot.php(67): CodeIgniter\Boot::runCodeIgniter(Object(CodeIgniter\CodeIgniter))
 9 FCPATH\index.php(56): CodeIgniter\Boot::bootWeb(Object(Config\Paths))
10 SYSTEMPATH\Commands\Server\rewrite.php(49): require_once('C:\\xampp\\htdocs\\ci4-g4a\\public\\index.php')
WARNING - 2024-05-04 13:55:54 --> [DEPRECATED] Passing lowercase HTTP method "post" is deprecated. Use uppercase HTTP method like "POST". in SYSTEMPATH\Router\RouteCollection.php on line 1027.
 1 SYSTEMPATH\Router\RouteCollection.php(1027): trigger_error('Passing lowercase HTTP method "post" is deprecated. Use uppercase HTTP method like "POST".', 16384)
 2 APPPATH\Config\Routes.php(13): CodeIgniter\Router\RouteCollection->match([...], 'login', 'AuthController::login', [...])
 3 SYSTEMPATH\Router\RouteCollection.php(340): require('C:\\xampp\\htdocs\\ci4-g4a\\app\\Config\\Routes.php')
 4 SYSTEMPATH\CodeIgniter.php(823): CodeIgniter\Router\RouteCollection->loadRoutes()
 5 SYSTEMPATH\CodeIgniter.php(457): CodeIgniter\CodeIgniter->tryToRouteIt(null)
 6 SYSTEMPATH\CodeIgniter.php(355): CodeIgniter\CodeIgniter->handleRequest(null, Object(Config\Cache), false)
 7 SYSTEMPATH\Boot.php(312): CodeIgniter\CodeIgniter->run()
 8 SYSTEMPATH\Boot.php(67): CodeIgniter\Boot::runCodeIgniter(Object(CodeIgniter\CodeIgniter))
 9 FCPATH\index.php(56): CodeIgniter\Boot::bootWeb(Object(Config\Paths))
10 SYSTEMPATH\Commands\Server\rewrite.php(49): require_once('C:\\xampp\\htdocs\\ci4-g4a\\public\\index.php')
WARNING - 2024-05-04 13:55:54 --> [DEPRECATED] Passing lowercase HTTP method "get" is deprecated. Use uppercase HTTP method like "GET". in SYSTEMPATH\Router\RouteCollection.php on line 1027.
 1 SYSTEMPATH\Router\RouteCollection.php(1027): trigger_error('Passing lowercase HTTP method "get" is deprecated. Use uppercase HTTP method like "GET".', 16384)
 2 APPPATH\Config\Routes.php(14): CodeIgniter\Router\RouteCollection->match([...], 'register', 'AuthController::register', [...])
 3 SYSTEMPATH\Router\RouteCollection.php(340): require('C:\\xampp\\htdocs\\ci4-g4a\\app\\Config\\Routes.php')
 4 SYSTEMPATH\CodeIgniter.php(823): CodeIgniter\Router\RouteCollection->loadRoutes()
 5 SYSTEMPATH\CodeIgniter.php(457): CodeIgniter\CodeIgniter->tryToRouteIt(null)
 6 SYSTEMPATH\CodeIgniter.php(355): CodeIgniter\CodeIgniter->handleRequest(null, Object(Config\Cache), false)
 7 SYSTEMPATH\Boot.php(312): CodeIgniter\CodeIgniter->run()
 8 SYSTEMPATH\Boot.php(67): CodeIgniter\Boot::runCodeIgniter(Object(CodeIgniter\CodeIgniter))
 9 FCPATH\index.php(56): CodeIgniter\Boot::bootWeb(Object(Config\Paths))
10 SYSTEMPATH\Commands\Server\rewrite.php(49): require_once('C:\\xampp\\htdocs\\ci4-g4a\\public\\index.php')
WARNING - 2024-05-04 13:55:54 --> [DEPRECATED] Passing lowercase HTTP method "post" is deprecated. Use uppercase HTTP method like "POST". in SYSTEMPATH\Router\RouteCollection.php on line 1027.
 1 SYSTEMPATH\Router\RouteCollection.php(1027): trigger_error('Passing lowercase HTTP method "post" is deprecated. Use uppercase HTTP method like "POST".', 16384)
 2 APPPATH\Config\Routes.php(14): CodeIgniter\Router\RouteCollection->match([...], 'register', 'AuthController::register', [...])
 3 SYSTEMPATH\Router\RouteCollection.php(340): require('C:\\xampp\\htdocs\\ci4-g4a\\app\\Config\\Routes.php')
 4 SYSTEMPATH\CodeIgniter.php(823): CodeIgniter\Router\RouteCollection->loadRoutes()
 5 SYSTEMPATH\CodeIgniter.php(457): CodeIgniter\CodeIgniter->tryToRouteIt(null)
 6 SYSTEMPATH\CodeIgniter.php(355): CodeIgniter\CodeIgniter->handleRequest(null, Object(Config\Cache), false)
 7 SYSTEMPATH\Boot.php(312): CodeIgniter\CodeIgniter->run()
 8 SYSTEMPATH\Boot.php(67): CodeIgniter\Boot::runCodeIgniter(Object(CodeIgniter\CodeIgniter))
 9 FCPATH\index.php(56): CodeIgniter\Boot::bootWeb(Object(Config\Paths))
10 SYSTEMPATH\Commands\Server\rewrite.php(49): require_once('C:\\xampp\\htdocs\\ci4-g4a\\public\\index.php')
INFO - 2024-05-04 13:55:54 --> Session: Class initialized using 'CodeIgniter\Session\Handlers\FileHandler' driver.
WARNING - 2024-05-04 13:56:22 --> [DEPRECATED] Passing lowercase HTTP method "get" is deprecated. Use uppercase HTTP method like "GET". in SYSTEMPATH\Router\RouteCollection.php on line 1027.
 1 SYSTEMPATH\Router\RouteCollection.php(1027): trigger_error('Passing lowercase HTTP method "get" is deprecated. Use uppercase HTTP method like "GET".', 16384)
 2 APPPATH\Config\Routes.php(13): CodeIgniter\Router\RouteCollection->match([...], 'login', 'AuthController::login', [...])
 3 SYSTEMPATH\Router\RouteCollection.php(340): require('C:\\xampp\\htdocs\\ci4-g4a\\app\\Config\\Routes.php')
 4 SYSTEMPATH\CodeIgniter.php(823): CodeIgniter\Router\RouteCollection->loadRoutes()
 5 SYSTEMPATH\CodeIgniter.php(457): CodeIgniter\CodeIgniter->tryToRouteIt(null)
 6 SYSTEMPATH\CodeIgniter.php(355): CodeIgniter\CodeIgniter->handleRequest(null, Object(Config\Cache), false)
 7 SYSTEMPATH\Boot.php(312): CodeIgniter\CodeIgniter->run()
 8 SYSTEMPATH\Boot.php(67): CodeIgniter\Boot::runCodeIgniter(Object(CodeIgniter\CodeIgniter))
 9 FCPATH\index.php(56): CodeIgniter\Boot::bootWeb(Object(Config\Paths))
10 SYSTEMPATH\Commands\Server\rewrite.php(49): require_once('C:\\xampp\\htdocs\\ci4-g4a\\public\\index.php')
WARNING - 2024-05-04 13:56:22 --> [DEPRECATED] Passing lowercase HTTP method "post" is deprecated. Use uppercase HTTP method like "POST". in SYSTEMPATH\Router\RouteCollection.php on line 1027.
 1 SYSTEMPATH\Router\RouteCollection.php(1027): trigger_error('Passing lowercase HTTP method "post" is deprecated. Use uppercase HTTP method like "POST".', 16384)
 2 APPPATH\Config\Routes.php(13): CodeIgniter\Router\RouteCollection->match([...], 'login', 'AuthController::login', [...])
 3 SYSTEMPATH\Router\RouteCollection.php(340): require('C:\\xampp\\htdocs\\ci4-g4a\\app\\Config\\Routes.php')
 4 SYSTEMPATH\CodeIgniter.php(823): CodeIgniter\Router\RouteCollection->loadRoutes()
 5 SYSTEMPATH\CodeIgniter.php(457): CodeIgniter\CodeIgniter->tryToRouteIt(null)
 6 SYSTEMPATH\CodeIgniter.php(355): CodeIgniter\CodeIgniter->handleRequest(null, Object(Config\Cache), false)
 7 SYSTEMPATH\Boot.php(312): CodeIgniter\CodeIgniter->run()
 8 SYSTEMPATH\Boot.php(67): CodeIgniter\Boot::runCodeIgniter(Object(CodeIgniter\CodeIgniter))
 9 FCPATH\index.php(56): CodeIgniter\Boot::bootWeb(Object(Config\Paths))
10 SYSTEMPATH\Commands\Server\rewrite.php(49): require_once('C:\\xampp\\htdocs\\ci4-g4a\\public\\index.php')
WARNING - 2024-05-04 13:56:22 --> [DEPRECATED] Passing lowercase HTTP method "get" is deprecated. Use uppercase HTTP method like "GET". in SYSTEMPATH\Router\RouteCollection.php on line 1027.
 1 SYSTEMPATH\Router\RouteCollection.php(1027): trigger_error('Passing lowercase HTTP method "get" is deprecated. Use uppercase HTTP method like "GET".', 16384)
 2 APPPATH\Config\Routes.php(14): CodeIgniter\Router\RouteCollection->match([...], 'register', 'AuthController::register', [...])
 3 SYSTEMPATH\Router\RouteCollection.php(340): require('C:\\xampp\\htdocs\\ci4-g4a\\app\\Config\\Routes.php')
 4 SYSTEMPATH\CodeIgniter.php(823): CodeIgniter\Router\RouteCollection->loadRoutes()
 5 SYSTEMPATH\CodeIgniter.php(457): CodeIgniter\CodeIgniter->tryToRouteIt(null)
 6 SYSTEMPATH\CodeIgniter.php(355): CodeIgniter\CodeIgniter->handleRequest(null, Object(Config\Cache), false)
 7 SYSTEMPATH\Boot.php(312): CodeIgniter\CodeIgniter->run()
 8 SYSTEMPATH\Boot.php(67): CodeIgniter\Boot::runCodeIgniter(Object(CodeIgniter\CodeIgniter))
 9 FCPATH\index.php(56): CodeIgniter\Boot::bootWeb(Object(Config\Paths))
10 SYSTEMPATH\Commands\Server\rewrite.php(49): require_once('C:\\xampp\\htdocs\\ci4-g4a\\public\\index.php')
WARNING - 2024-05-04 13:56:22 --> [DEPRECATED] Passing lowercase HTTP method "post" is deprecated. Use uppercase HTTP method like "POST". in SYSTEMPATH\Router\RouteCollection.php on line 1027.
 1 SYSTEMPATH\Router\RouteCollection.php(1027): trigger_error('Passing lowercase HTTP method "post" is deprecated. Use uppercase HTTP method like "POST".', 16384)
 2 APPPATH\Config\Routes.php(14): CodeIgniter\Router\RouteCollection->match([...], 'register', 'AuthController::register', [...])
 3 SYSTEMPATH\Router\RouteCollection.php(340): require('C:\\xampp\\htdocs\\ci4-g4a\\app\\Config\\Routes.php')
 4 SYSTEMPATH\CodeIgniter.php(823): CodeIgniter\Router\RouteCollection->loadRoutes()
 5 SYSTEMPATH\CodeIgniter.php(457): CodeIgniter\CodeIgniter->tryToRouteIt(null)
 6 SYSTEMPATH\CodeIgniter.php(355): CodeIgniter\CodeIgniter->handleRequest(null, Object(Config\Cache), false)
 7 SYSTEMPATH\Boot.php(312): CodeIgniter\CodeIgniter->run()
 8 SYSTEMPATH\Boot.php(67): CodeIgniter\Boot::runCodeIgniter(Object(CodeIgniter\CodeIgniter))
 9 FCPATH\index.php(56): CodeIgniter\Boot::bootWeb(Object(Config\Paths))
10 SYSTEMPATH\Commands\Server\rewrite.php(49): require_once('C:\\xampp\\htdocs\\ci4-g4a\\public\\index.php')
INFO - 2024-05-04 13:56:22 --> Session: Class initialized using 'CodeIgniter\Session\Handlers\FileHandler' driver.
WARNING - 2024-05-04 13:59:23 --> [DEPRECATED] Passing lowercase HTTP method "get" is deprecated. Use uppercase HTTP method like "GET". in SYSTEMPATH\Router\RouteCollection.php on line 1027.
 1 SYSTEMPATH\Router\RouteCollection.php(1027): trigger_error('Passing lowercase HTTP method "get" is deprecated. Use uppercase HTTP method like "GET".', 16384)
 2 APPPATH\Config\Routes.php(13): CodeIgniter\Router\RouteCollection->match([...], 'login', 'AuthController::login', [...])
 3 SYSTEMPATH\Router\RouteCollection.php(340): require('C:\\xampp\\htdocs\\ci4-g4a\\app\\Config\\Routes.php')
 4 SYSTEMPATH\CodeIgniter.php(823): CodeIgniter\Router\RouteCollection->loadRoutes()
 5 SYSTEMPATH\CodeIgniter.php(457): CodeIgniter\CodeIgniter->tryToRouteIt(null)
 6 SYSTEMPATH\CodeIgniter.php(355): CodeIgniter\CodeIgniter->handleRequest(null, Object(Config\Cache), false)
 7 SYSTEMPATH\Boot.php(312): CodeIgniter\CodeIgniter->run()
 8 SYSTEMPATH\Boot.php(67): CodeIgniter\Boot::runCodeIgniter(Object(CodeIgniter\CodeIgniter))
 9 FCPATH\index.php(56): CodeIgniter\Boot::bootWeb(Object(Config\Paths))
10 SYSTEMPATH\Commands\Server\rewrite.php(49): require_once('C:\\xampp\\htdocs\\ci4-g4a\\public\\index.php')
WARNING - 2024-05-04 13:59:23 --> [DEPRECATED] Passing lowercase HTTP method "post" is deprecated. Use uppercase HTTP method like "POST". in SYSTEMPATH\Router\RouteCollection.php on line 1027.
 1 SYSTEMPATH\Router\RouteCollection.php(1027): trigger_error('Passing lowercase HTTP method "post" is deprecated. Use uppercase HTTP method like "POST".', 16384)
 2 APPPATH\Config\Routes.php(13): CodeIgniter\Router\RouteCollection->match([...], 'login', 'AuthController::login', [...])
 3 SYSTEMPATH\Router\RouteCollection.php(340): require('C:\\xampp\\htdocs\\ci4-g4a\\app\\Config\\Routes.php')
 4 SYSTEMPATH\CodeIgniter.php(823): CodeIgniter\Router\RouteCollection->loadRoutes()
 5 SYSTEMPATH\CodeIgniter.php(457): CodeIgniter\CodeIgniter->tryToRouteIt(null)
 6 SYSTEMPATH\CodeIgniter.php(355): CodeIgniter\CodeIgniter->handleRequest(null, Object(Config\Cache), false)
 7 SYSTEMPATH\Boot.php(312): CodeIgniter\CodeIgniter->run()
 8 SYSTEMPATH\Boot.php(67): CodeIgniter\Boot::runCodeIgniter(Object(CodeIgniter\CodeIgniter))
 9 FCPATH\index.php(56): CodeIgniter\Boot::bootWeb(Object(Config\Paths))
10 SYSTEMPATH\Commands\Server\rewrite.php(49): require_once('C:\\xampp\\htdocs\\ci4-g4a\\public\\index.php')
WARNING - 2024-05-04 13:59:23 --> [DEPRECATED] Passing lowercase HTTP method "get" is deprecated. Use uppercase HTTP method like "GET". in SYSTEMPATH\Router\RouteCollection.php on line 1027.
 1 SYSTEMPATH\Router\RouteCollection.php(1027): trigger_error('Passing lowercase HTTP method "get" is deprecated. Use uppercase HTTP method like "GET".', 16384)
 2 APPPATH\Config\Routes.php(14): CodeIgniter\Router\RouteCollection->match([...], 'register', 'AuthController::register', [...])
 3 SYSTEMPATH\Router\RouteCollection.php(340): require('C:\\xampp\\htdocs\\ci4-g4a\\app\\Config\\Routes.php')
 4 SYSTEMPATH\CodeIgniter.php(823): CodeIgniter\Router\RouteCollection->loadRoutes()
 5 SYSTEMPATH\CodeIgniter.php(457): CodeIgniter\CodeIgniter->tryToRouteIt(null)
 6 SYSTEMPATH\CodeIgniter.php(355): CodeIgniter\CodeIgniter->handleRequest(null, Object(Config\Cache), false)
 7 SYSTEMPATH\Boot.php(312): CodeIgniter\CodeIgniter->run()
 8 SYSTEMPATH\Boot.php(67): CodeIgniter\Boot::runCodeIgniter(Object(CodeIgniter\CodeIgniter))
 9 FCPATH\index.php(56): CodeIgniter\Boot::bootWeb(Object(Config\Paths))
10 SYSTEMPATH\Commands\Server\rewrite.php(49): require_once('C:\\xampp\\htdocs\\ci4-g4a\\public\\index.php')
WARNING - 2024-05-04 13:59:23 --> [DEPRECATED] Passing lowercase HTTP method "post" is deprecated. Use uppercase HTTP method like "POST". in SYSTEMPATH\Router\RouteCollection.php on line 1027.
 1 SYSTEMPATH\Router\RouteCollection.php(1027): trigger_error('Passing lowercase HTTP method "post" is deprecated. Use uppercase HTTP method like "POST".', 16384)
 2 APPPATH\Config\Routes.php(14): CodeIgniter\Router\RouteCollection->match([...], 'register', 'AuthController::register', [...])
 3 SYSTEMPATH\Router\RouteCollection.php(340): require('C:\\xampp\\htdocs\\ci4-g4a\\app\\Config\\Routes.php')
 4 SYSTEMPATH\CodeIgniter.php(823): CodeIgniter\Router\RouteCollection->loadRoutes()
 5 SYSTEMPATH\CodeIgniter.php(457): CodeIgniter\CodeIgniter->tryToRouteIt(null)
 6 SYSTEMPATH\CodeIgniter.php(355): CodeIgniter\CodeIgniter->handleRequest(null, Object(Config\Cache), false)
 7 SYSTEMPATH\Boot.php(312): CodeIgniter\CodeIgniter->run()
 8 SYSTEMPATH\Boot.php(67): CodeIgniter\Boot::runCodeIgniter(Object(CodeIgniter\CodeIgniter))
 9 FCPATH\index.php(56): CodeIgniter\Boot::bootWeb(Object(Config\Paths))
10 SYSTEMPATH\Commands\Server\rewrite.php(49): require_once('C:\\xampp\\htdocs\\ci4-g4a\\public\\index.php')
INFO - 2024-05-04 13:59:23 --> Session: Class initialized using 'CodeIgniter\Session\Handlers\FileHandler' driver.
WARNING - 2024-05-04 13:59:32 --> [DEPRECATED] Passing lowercase HTTP method "get" is deprecated. Use uppercase HTTP method like "GET". in SYSTEMPATH\Router\RouteCollection.php on line 1027.
 1 SYSTEMPATH\Router\RouteCollection.php(1027): trigger_error('Passing lowercase HTTP method "get" is deprecated. Use uppercase HTTP method like "GET".', 16384)
 2 APPPATH\Config\Routes.php(13): CodeIgniter\Router\RouteCollection->match([...], 'login', 'AuthController::login', [...])
 3 SYSTEMPATH\Router\RouteCollection.php(340): require('C:\\xampp\\htdocs\\ci4-g4a\\app\\Config\\Routes.php')
 4 SYSTEMPATH\CodeIgniter.php(823): CodeIgniter\Router\RouteCollection->loadRoutes()
 5 SYSTEMPATH\CodeIgniter.php(457): CodeIgniter\CodeIgniter->tryToRouteIt(null)
 6 SYSTEMPATH\CodeIgniter.php(355): CodeIgniter\CodeIgniter->handleRequest(null, Object(Config\Cache), false)
 7 SYSTEMPATH\Boot.php(312): CodeIgniter\CodeIgniter->run()
 8 SYSTEMPATH\Boot.php(67): CodeIgniter\Boot::runCodeIgniter(Object(CodeIgniter\CodeIgniter))
 9 FCPATH\index.php(56): CodeIgniter\Boot::bootWeb(Object(Config\Paths))
10 SYSTEMPATH\Commands\Server\rewrite.php(49): require_once('C:\\xampp\\htdocs\\ci4-g4a\\public\\index.php')
WARNING - 2024-05-04 13:59:32 --> [DEPRECATED] Passing lowercase HTTP method "post" is deprecated. Use uppercase HTTP method like "POST". in SYSTEMPATH\Router\RouteCollection.php on line 1027.
 1 SYSTEMPATH\Router\RouteCollection.php(1027): trigger_error('Passing lowercase HTTP method "post" is deprecated. Use uppercase HTTP method like "POST".', 16384)
 2 APPPATH\Config\Routes.php(13): CodeIgniter\Router\RouteCollection->match([...], 'login', 'AuthController::login', [...])
 3 SYSTEMPATH\Router\RouteCollection.php(340): require('C:\\xampp\\htdocs\\ci4-g4a\\app\\Config\\Routes.php')
 4 SYSTEMPATH\CodeIgniter.php(823): CodeIgniter\Router\RouteCollection->loadRoutes()
 5 SYSTEMPATH\CodeIgniter.php(457): CodeIgniter\CodeIgniter->tryToRouteIt(null)
 6 SYSTEMPATH\CodeIgniter.php(355): CodeIgniter\CodeIgniter->handleRequest(null, Object(Config\Cache), false)
 7 SYSTEMPATH\Boot.php(312): CodeIgniter\CodeIgniter->run()
 8 SYSTEMPATH\Boot.php(67): CodeIgniter\Boot::runCodeIgniter(Object(CodeIgniter\CodeIgniter))
 9 FCPATH\index.php(56): CodeIgniter\Boot::bootWeb(Object(Config\Paths))
10 SYSTEMPATH\Commands\Server\rewrite.php(49): require_once('C:\\xampp\\htdocs\\ci4-g4a\\public\\index.php')
WARNING - 2024-05-04 13:59:32 --> [DEPRECATED] Passing lowercase HTTP method "get" is deprecated. Use uppercase HTTP method like "GET". in SYSTEMPATH\Router\RouteCollection.php on line 1027.
 1 SYSTEMPATH\Router\RouteCollection.php(1027): trigger_error('Passing lowercase HTTP method "get" is deprecated. Use uppercase HTTP method like "GET".', 16384)
 2 APPPATH\Config\Routes.php(14): CodeIgniter\Router\RouteCollection->match([...], 'register', 'AuthController::register', [...])
 3 SYSTEMPATH\Router\RouteCollection.php(340): require('C:\\xampp\\htdocs\\ci4-g4a\\app\\Config\\Routes.php')
 4 SYSTEMPATH\CodeIgniter.php(823): CodeIgniter\Router\RouteCollection->loadRoutes()
 5 SYSTEMPATH\CodeIgniter.php(457): CodeIgniter\CodeIgniter->tryToRouteIt(null)
 6 SYSTEMPATH\CodeIgniter.php(355): CodeIgniter\CodeIgniter->handleRequest(null, Object(Config\Cache), false)
 7 SYSTEMPATH\Boot.php(312): CodeIgniter\CodeIgniter->run()
 8 SYSTEMPATH\Boot.php(67): CodeIgniter\Boot::runCodeIgniter(Object(CodeIgniter\CodeIgniter))
 9 FCPATH\index.php(56): CodeIgniter\Boot::bootWeb(Object(Config\Paths))
10 SYSTEMPATH\Commands\Server\rewrite.php(49): require_once('C:\\xampp\\htdocs\\ci4-g4a\\public\\index.php')
WARNING - 2024-05-04 13:59:32 --> [DEPRECATED] Passing lowercase HTTP method "post" is deprecated. Use uppercase HTTP method like "POST". in SYSTEMPATH\Router\RouteCollection.php on line 1027.
 1 SYSTEMPATH\Router\RouteCollection.php(1027): trigger_error('Passing lowercase HTTP method "post" is deprecated. Use uppercase HTTP method like "POST".', 16384)
 2 APPPATH\Config\Routes.php(14): CodeIgniter\Router\RouteCollection->match([...], 'register', 'AuthController::register', [...])
 3 SYSTEMPATH\Router\RouteCollection.php(340): require('C:\\xampp\\htdocs\\ci4-g4a\\app\\Config\\Routes.php')
 4 SYSTEMPATH\CodeIgniter.php(823): CodeIgniter\Router\RouteCollection->loadRoutes()
 5 SYSTEMPATH\CodeIgniter.php(457): CodeIgniter\CodeIgniter->tryToRouteIt(null)
 6 SYSTEMPATH\CodeIgniter.php(355): CodeIgniter\CodeIgniter->handleRequest(null, Object(Config\Cache), false)
 7 SYSTEMPATH\Boot.php(312): CodeIgniter\CodeIgniter->run()
 8 SYSTEMPATH\Boot.php(67): CodeIgniter\Boot::runCodeIgniter(Object(CodeIgniter\CodeIgniter))
 9 FCPATH\index.php(56): CodeIgniter\Boot::bootWeb(Object(Config\Paths))
10 SYSTEMPATH\Commands\Server\rewrite.php(49): require_once('C:\\xampp\\htdocs\\ci4-g4a\\public\\index.php')
INFO - 2024-05-04 13:59:32 --> Session: Class initialized using 'CodeIgniter\Session\Handlers\FileHandler' driver.
WARNING - 2024-05-04 13:59:38 --> [DEPRECATED] Passing lowercase HTTP method "get" is deprecated. Use uppercase HTTP method like "GET". in SYSTEMPATH\Router\RouteCollection.php on line 1027.
 1 SYSTEMPATH\Router\RouteCollection.php(1027): trigger_error('Passing lowercase HTTP method "get" is deprecated. Use uppercase HTTP method like "GET".', 16384)
 2 APPPATH\Config\Routes.php(13): CodeIgniter\Router\RouteCollection->match([...], 'login', 'AuthController::login', [...])
 3 SYSTEMPATH\Router\RouteCollection.php(340): require('C:\\xampp\\htdocs\\ci4-g4a\\app\\Config\\Routes.php')
 4 SYSTEMPATH\CodeIgniter.php(823): CodeIgniter\Router\RouteCollection->loadRoutes()
 5 SYSTEMPATH\CodeIgniter.php(457): CodeIgniter\CodeIgniter->tryToRouteIt(null)
 6 SYSTEMPATH\CodeIgniter.php(355): CodeIgniter\CodeIgniter->handleRequest(null, Object(Config\Cache), false)
 7 SYSTEMPATH\Boot.php(312): CodeIgniter\CodeIgniter->run()
 8 SYSTEMPATH\Boot.php(67): CodeIgniter\Boot::runCodeIgniter(Object(CodeIgniter\CodeIgniter))
 9 FCPATH\index.php(56): CodeIgniter\Boot::bootWeb(Object(Config\Paths))
10 SYSTEMPATH\Commands\Server\rewrite.php(49): require_once('C:\\xampp\\htdocs\\ci4-g4a\\public\\index.php')
WARNING - 2024-05-04 13:59:38 --> [DEPRECATED] Passing lowercase HTTP method "post" is deprecated. Use uppercase HTTP method like "POST". in SYSTEMPATH\Router\RouteCollection.php on line 1027.
 1 SYSTEMPATH\Router\RouteCollection.php(1027): trigger_error('Passing lowercase HTTP method "post" is deprecated. Use uppercase HTTP method like "POST".', 16384)
 2 APPPATH\Config\Routes.php(13): CodeIgniter\Router\RouteCollection->match([...], 'login', 'AuthController::login', [...])
 3 SYSTEMPATH\Router\RouteCollection.php(340): require('C:\\xampp\\htdocs\\ci4-g4a\\app\\Config\\Routes.php')
 4 SYSTEMPATH\CodeIgniter.php(823): CodeIgniter\Router\RouteCollection->loadRoutes()
 5 SYSTEMPATH\CodeIgniter.php(457): CodeIgniter\CodeIgniter->tryToRouteIt(null)
 6 SYSTEMPATH\CodeIgniter.php(355): CodeIgniter\CodeIgniter->handleRequest(null, Object(Config\Cache), false)
 7 SYSTEMPATH\Boot.php(312): CodeIgniter\CodeIgniter->run()
 8 SYSTEMPATH\Boot.php(67): CodeIgniter\Boot::runCodeIgniter(Object(CodeIgniter\CodeIgniter))
 9 FCPATH\index.php(56): CodeIgniter\Boot::bootWeb(Object(Config\Paths))
10 SYSTEMPATH\Commands\Server\rewrite.php(49): require_once('C:\\xampp\\htdocs\\ci4-g4a\\public\\index.php')
WARNING - 2024-05-04 13:59:38 --> [DEPRECATED] Passing lowercase HTTP method "get" is deprecated. Use uppercase HTTP method like "GET". in SYSTEMPATH\Router\RouteCollection.php on line 1027.
 1 SYSTEMPATH\Router\RouteCollection.php(1027): trigger_error('Passing lowercase HTTP method "get" is deprecated. Use uppercase HTTP method like "GET".', 16384)
 2 APPPATH\Config\Routes.php(14): CodeIgniter\Router\RouteCollection->match([...], 'register', 'AuthController::register', [...])
 3 SYSTEMPATH\Router\RouteCollection.php(340): require('C:\\xampp\\htdocs\\ci4-g4a\\app\\Config\\Routes.php')
 4 SYSTEMPATH\CodeIgniter.php(823): CodeIgniter\Router\RouteCollection->loadRoutes()
 5 SYSTEMPATH\CodeIgniter.php(457): CodeIgniter\CodeIgniter->tryToRouteIt(null)
 6 SYSTEMPATH\CodeIgniter.php(355): CodeIgniter\CodeIgniter->handleRequest(null, Object(Config\Cache), false)
 7 SYSTEMPATH\Boot.php(312): CodeIgniter\CodeIgniter->run()
 8 SYSTEMPATH\Boot.php(67): CodeIgniter\Boot::runCodeIgniter(Object(CodeIgniter\CodeIgniter))
 9 FCPATH\index.php(56): CodeIgniter\Boot::bootWeb(Object(Config\Paths))
10 SYSTEMPATH\Commands\Server\rewrite.php(49): require_once('C:\\xampp\\htdocs\\ci4-g4a\\public\\index.php')
WARNING - 2024-05-04 13:59:38 --> [DEPRECATED] Passing lowercase HTTP method "post" is deprecated. Use uppercase HTTP method like "POST". in SYSTEMPATH\Router\RouteCollection.php on line 1027.
 1 SYSTEMPATH\Router\RouteCollection.php(1027): trigger_error('Passing lowercase HTTP method "post" is deprecated. Use uppercase HTTP method like "POST".', 16384)
 2 APPPATH\Config\Routes.php(14): CodeIgniter\Router\RouteCollection->match([...], 'register', 'AuthController::register', [...])
 3 SYSTEMPATH\Router\RouteCollection.php(340): require('C:\\xampp\\htdocs\\ci4-g4a\\app\\Config\\Routes.php')
 4 SYSTEMPATH\CodeIgniter.php(823): CodeIgniter\Router\RouteCollection->loadRoutes()
 5 SYSTEMPATH\CodeIgniter.php(457): CodeIgniter\CodeIgniter->tryToRouteIt(null)
 6 SYSTEMPATH\CodeIgniter.php(355): CodeIgniter\CodeIgniter->handleRequest(null, Object(Config\Cache), false)
 7 SYSTEMPATH\Boot.php(312): CodeIgniter\CodeIgniter->run()
 8 SYSTEMPATH\Boot.php(67): CodeIgniter\Boot::runCodeIgniter(Object(CodeIgniter\CodeIgniter))
 9 FCPATH\index.php(56): CodeIgniter\Boot::bootWeb(Object(Config\Paths))
10 SYSTEMPATH\Commands\Server\rewrite.php(49): require_once('C:\\xampp\\htdocs\\ci4-g4a\\public\\index.php')
WARNING - 2024-05-04 13:59:38 --> [DEPRECATED] Passing lowercase HTTP method "get" is deprecated. Use uppercase HTTP method like "GET". in SYSTEMPATH\Router\RouteCollection.php on line 1027.
 1 SYSTEMPATH\Router\RouteCollection.php(1027): trigger_error('Passing lowercase HTTP method "get" is deprecated. Use uppercase HTTP method like "GET".', 16384)
 2 APPPATH\Config\Routes.php(13): CodeIgniter\Router\RouteCollection->match([...], 'login', 'AuthController::login', [...])
 3 SYSTEMPATH\Router\RouteCollection.php(340): require('C:\\xampp\\htdocs\\ci4-g4a\\app\\Config\\Routes.php')
 4 SYSTEMPATH\CodeIgniter.php(823): CodeIgniter\Router\RouteCollection->loadRoutes()
 5 SYSTEMPATH\CodeIgniter.php(457): CodeIgniter\CodeIgniter->tryToRouteIt(null)
 6 SYSTEMPATH\CodeIgniter.php(355): CodeIgniter\CodeIgniter->handleRequest(null, Object(Config\Cache), false)
 7 SYSTEMPATH\Boot.php(312): CodeIgniter\CodeIgniter->run()
 8 SYSTEMPATH\Boot.php(67): CodeIgniter\Boot::runCodeIgniter(Object(CodeIgniter\CodeIgniter))
 9 FCPATH\index.php(56): CodeIgniter\Boot::bootWeb(Object(Config\Paths))
10 SYSTEMPATH\Commands\Server\rewrite.php(49): require_once('C:\\xampp\\htdocs\\ci4-g4a\\public\\index.php')
WARNING - 2024-05-04 13:59:38 --> [DEPRECATED] Passing lowercase HTTP method "post" is deprecated. Use uppercase HTTP method like "POST". in SYSTEMPATH\Router\RouteCollection.php on line 1027.
 1 SYSTEMPATH\Router\RouteCollection.php(1027): trigger_error('Passing lowercase HTTP method "post" is deprecated. Use uppercase HTTP method like "POST".', 16384)
 2 APPPATH\Config\Routes.php(13): CodeIgniter\Router\RouteCollection->match([...], 'login', 'AuthController::login', [...])
 3 SYSTEMPATH\Router\RouteCollection.php(340): require('C:\\xampp\\htdocs\\ci4-g4a\\app\\Config\\Routes.php')
 4 SYSTEMPATH\CodeIgniter.php(823): CodeIgniter\Router\RouteCollection->loadRoutes()
 5 SYSTEMPATH\CodeIgniter.php(457): CodeIgniter\CodeIgniter->tryToRouteIt(null)
 6 SYSTEMPATH\CodeIgniter.php(355): CodeIgniter\CodeIgniter->handleRequest(null, Object(Config\Cache), false)
 7 SYSTEMPATH\Boot.php(312): CodeIgniter\CodeIgniter->run()
 8 SYSTEMPATH\Boot.php(67): CodeIgniter\Boot::runCodeIgniter(Object(CodeIgniter\CodeIgniter))
 9 FCPATH\index.php(56): CodeIgniter\Boot::bootWeb(Object(Config\Paths))
10 SYSTEMPATH\Commands\Server\rewrite.php(49): require_once('C:\\xampp\\htdocs\\ci4-g4a\\public\\index.php')
WARNING - 2024-05-04 13:59:38 --> [DEPRECATED] Passing lowercase HTTP method "get" is deprecated. Use uppercase HTTP method like "GET". in SYSTEMPATH\Router\RouteCollection.php on line 1027.
 1 SYSTEMPATH\Router\RouteCollection.php(1027): trigger_error('Passing lowercase HTTP method "get" is deprecated. Use uppercase HTTP method like "GET".', 16384)
 2 APPPATH\Config\Routes.php(14): CodeIgniter\Router\RouteCollection->match([...], 'register', 'AuthController::register', [...])
 3 SYSTEMPATH\Router\RouteCollection.php(340): require('C:\\xampp\\htdocs\\ci4-g4a\\app\\Config\\Routes.php')
 4 SYSTEMPATH\CodeIgniter.php(823): CodeIgniter\Router\RouteCollection->loadRoutes()
 5 SYSTEMPATH\CodeIgniter.php(457): CodeIgniter\CodeIgniter->tryToRouteIt(null)
 6 SYSTEMPATH\CodeIgniter.php(355): CodeIgniter\CodeIgniter->handleRequest(null, Object(Config\Cache), false)
 7 SYSTEMPATH\Boot.php(312): CodeIgniter\CodeIgniter->run()
 8 SYSTEMPATH\Boot.php(67): CodeIgniter\Boot::runCodeIgniter(Object(CodeIgniter\CodeIgniter))
 9 FCPATH\index.php(56): CodeIgniter\Boot::bootWeb(Object(Config\Paths))
10 SYSTEMPATH\Commands\Server\rewrite.php(49): require_once('C:\\xampp\\htdocs\\ci4-g4a\\public\\index.php')
WARNING - 2024-05-04 13:59:38 --> [DEPRECATED] Passing lowercase HTTP method "post" is deprecated. Use uppercase HTTP method like "POST". in SYSTEMPATH\Router\RouteCollection.php on line 1027.
 1 SYSTEMPATH\Router\RouteCollection.php(1027): trigger_error('Passing lowercase HTTP method "post" is deprecated. Use uppercase HTTP method like "POST".', 16384)
 2 APPPATH\Config\Routes.php(14): CodeIgniter\Router\RouteCollection->match([...], 'register', 'AuthController::register', [...])
 3 SYSTEMPATH\Router\RouteCollection.php(340): require('C:\\xampp\\htdocs\\ci4-g4a\\app\\Config\\Routes.php')
 4 SYSTEMPATH\CodeIgniter.php(823): CodeIgniter\Router\RouteCollection->loadRoutes()
 5 SYSTEMPATH\CodeIgniter.php(457): CodeIgniter\CodeIgniter->tryToRouteIt(null)
 6 SYSTEMPATH\CodeIgniter.php(355): CodeIgniter\CodeIgniter->handleRequest(null, Object(Config\Cache), false)
 7 SYSTEMPATH\Boot.php(312): CodeIgniter\CodeIgniter->run()
 8 SYSTEMPATH\Boot.php(67): CodeIgniter\Boot::runCodeIgniter(Object(CodeIgniter\CodeIgniter))
 9 FCPATH\index.php(56): CodeIgniter\Boot::bootWeb(Object(Config\Paths))
10 SYSTEMPATH\Commands\Server\rewrite.php(49): require_once('C:\\xampp\\htdocs\\ci4-g4a\\public\\index.php')
WARNING - 2024-05-04 13:59:40 --> [DEPRECATED] Passing lowercase HTTP method "get" is deprecated. Use uppercase HTTP method like "GET". in SYSTEMPATH\Router\RouteCollection.php on line 1027.
 1 SYSTEMPATH\Router\RouteCollection.php(1027): trigger_error('Passing lowercase HTTP method "get" is deprecated. Use uppercase HTTP method like "GET".', 16384)
 2 APPPATH\Config\Routes.php(13): CodeIgniter\Router\RouteCollection->match([...], 'login', 'AuthController::login', [...])
 3 SYSTEMPATH\Router\RouteCollection.php(340): require('C:\\xampp\\htdocs\\ci4-g4a\\app\\Config\\Routes.php')
 4 SYSTEMPATH\CodeIgniter.php(823): CodeIgniter\Router\RouteCollection->loadRoutes()
 5 SYSTEMPATH\CodeIgniter.php(457): CodeIgniter\CodeIgniter->tryToRouteIt(null)
 6 SYSTEMPATH\CodeIgniter.php(355): CodeIgniter\CodeIgniter->handleRequest(null, Object(Config\Cache), false)
 7 SYSTEMPATH\Boot.php(312): CodeIgniter\CodeIgniter->run()
 8 SYSTEMPATH\Boot.php(67): CodeIgniter\Boot::runCodeIgniter(Object(CodeIgniter\CodeIgniter))
 9 FCPATH\index.php(56): CodeIgniter\Boot::bootWeb(Object(Config\Paths))
10 SYSTEMPATH\Commands\Server\rewrite.php(49): require_once('C:\\xampp\\htdocs\\ci4-g4a\\public\\index.php')
WARNING - 2024-05-04 13:59:40 --> [DEPRECATED] Passing lowercase HTTP method "post" is deprecated. Use uppercase HTTP method like "POST". in SYSTEMPATH\Router\RouteCollection.php on line 1027.
 1 SYSTEMPATH\Router\RouteCollection.php(1027): trigger_error('Passing lowercase HTTP method "post" is deprecated. Use uppercase HTTP method like "POST".', 16384)
 2 APPPATH\Config\Routes.php(13): CodeIgniter\Router\RouteCollection->match([...], 'login', 'AuthController::login', [...])
 3 SYSTEMPATH\Router\RouteCollection.php(340): require('C:\\xampp\\htdocs\\ci4-g4a\\app\\Config\\Routes.php')
 4 SYSTEMPATH\CodeIgniter.php(823): CodeIgniter\Router\RouteCollection->loadRoutes()
 5 SYSTEMPATH\CodeIgniter.php(457): CodeIgniter\CodeIgniter->tryToRouteIt(null)
 6 SYSTEMPATH\CodeIgniter.php(355): CodeIgniter\CodeIgniter->handleRequest(null, Object(Config\Cache), false)
 7 SYSTEMPATH\Boot.php(312): CodeIgniter\CodeIgniter->run()
 8 SYSTEMPATH\Boot.php(67): CodeIgniter\Boot::runCodeIgniter(Object(CodeIgniter\CodeIgniter))
 9 FCPATH\index.php(56): CodeIgniter\Boot::bootWeb(Object(Config\Paths))
10 SYSTEMPATH\Commands\Server\rewrite.php(49): require_once('C:\\xampp\\htdocs\\ci4-g4a\\public\\index.php')
WARNING - 2024-05-04 13:59:40 --> [DEPRECATED] Passing lowercase HTTP method "get" is deprecated. Use uppercase HTTP method like "GET". in SYSTEMPATH\Router\RouteCollection.php on line 1027.
 1 SYSTEMPATH\Router\RouteCollection.php(1027): trigger_error('Passing lowercase HTTP method "get" is deprecated. Use uppercase HTTP method like "GET".', 16384)
 2 APPPATH\Config\Routes.php(14): CodeIgniter\Router\RouteCollection->match([...], 'register', 'AuthController::register', [...])
 3 SYSTEMPATH\Router\RouteCollection.php(340): require('C:\\xampp\\htdocs\\ci4-g4a\\app\\Config\\Routes.php')
 4 SYSTEMPATH\CodeIgniter.php(823): CodeIgniter\Router\RouteCollection->loadRoutes()
 5 SYSTEMPATH\CodeIgniter.php(457): CodeIgniter\CodeIgniter->tryToRouteIt(null)
 6 SYSTEMPATH\CodeIgniter.php(355): CodeIgniter\CodeIgniter->handleRequest(null, Object(Config\Cache), false)
 7 SYSTEMPATH\Boot.php(312): CodeIgniter\CodeIgniter->run()
 8 SYSTEMPATH\Boot.php(67): CodeIgniter\Boot::runCodeIgniter(Object(CodeIgniter\CodeIgniter))
 9 FCPATH\index.php(56): CodeIgniter\Boot::bootWeb(Object(Config\Paths))
10 SYSTEMPATH\Commands\Server\rewrite.php(49): require_once('C:\\xampp\\htdocs\\ci4-g4a\\public\\index.php')
WARNING - 2024-05-04 13:59:40 --> [DEPRECATED] Passing lowercase HTTP method "post" is deprecated. Use uppercase HTTP method like "POST". in SYSTEMPATH\Router\RouteCollection.php on line 1027.
 1 SYSTEMPATH\Router\RouteCollection.php(1027): trigger_error('Passing lowercase HTTP method "post" is deprecated. Use uppercase HTTP method like "POST".', 16384)
 2 APPPATH\Config\Routes.php(14): CodeIgniter\Router\RouteCollection->match([...], 'register', 'AuthController::register', [...])
 3 SYSTEMPATH\Router\RouteCollection.php(340): require('C:\\xampp\\htdocs\\ci4-g4a\\app\\Config\\Routes.php')
 4 SYSTEMPATH\CodeIgniter.php(823): CodeIgniter\Router\RouteCollection->loadRoutes()
 5 SYSTEMPATH\CodeIgniter.php(457): CodeIgniter\CodeIgniter->tryToRouteIt(null)
 6 SYSTEMPATH\CodeIgniter.php(355): CodeIgniter\CodeIgniter->handleRequest(null, Object(Config\Cache), false)
 7 SYSTEMPATH\Boot.php(312): CodeIgniter\CodeIgniter->run()
 8 SYSTEMPATH\Boot.php(67): CodeIgniter\Boot::runCodeIgniter(Object(CodeIgniter\CodeIgniter))
 9 FCPATH\index.php(56): CodeIgniter\Boot::bootWeb(Object(Config\Paths))
10 SYSTEMPATH\Commands\Server\rewrite.php(49): require_once('C:\\xampp\\htdocs\\ci4-g4a\\public\\index.php')
INFO - 2024-05-04 13:59:40 --> Session: Class initialized using 'CodeIgniter\Session\Handlers\FileHandler' driver.
WARNING - 2024-05-04 13:59:45 --> [DEPRECATED] Passing lowercase HTTP method "get" is deprecated. Use uppercase HTTP method like "GET". in SYSTEMPATH\Router\RouteCollection.php on line 1027.
 1 SYSTEMPATH\Router\RouteCollection.php(1027): trigger_error('Passing lowercase HTTP method "get" is deprecated. Use uppercase HTTP method like "GET".', 16384)
 2 APPPATH\Config\Routes.php(13): CodeIgniter\Router\RouteCollection->match([...], 'login', 'AuthController::login', [...])
 3 SYSTEMPATH\Router\RouteCollection.php(340): require('C:\\xampp\\htdocs\\ci4-g4a\\app\\Config\\Routes.php')
 4 SYSTEMPATH\CodeIgniter.php(823): CodeIgniter\Router\RouteCollection->loadRoutes()
 5 SYSTEMPATH\CodeIgniter.php(457): CodeIgniter\CodeIgniter->tryToRouteIt(null)
 6 SYSTEMPATH\CodeIgniter.php(355): CodeIgniter\CodeIgniter->handleRequest(null, Object(Config\Cache), false)
 7 SYSTEMPATH\Boot.php(312): CodeIgniter\CodeIgniter->run()
 8 SYSTEMPATH\Boot.php(67): CodeIgniter\Boot::runCodeIgniter(Object(CodeIgniter\CodeIgniter))
 9 FCPATH\index.php(56): CodeIgniter\Boot::bootWeb(Object(Config\Paths))
10 SYSTEMPATH\Commands\Server\rewrite.php(49): require_once('C:\\xampp\\htdocs\\ci4-g4a\\public\\index.php')
WARNING - 2024-05-04 13:59:45 --> [DEPRECATED] Passing lowercase HTTP method "post" is deprecated. Use uppercase HTTP method like "POST". in SYSTEMPATH\Router\RouteCollection.php on line 1027.
 1 SYSTEMPATH\Router\RouteCollection.php(1027): trigger_error('Passing lowercase HTTP method "post" is deprecated. Use uppercase HTTP method like "POST".', 16384)
 2 APPPATH\Config\Routes.php(13): CodeIgniter\Router\RouteCollection->match([...], 'login', 'AuthController::login', [...])
 3 SYSTEMPATH\Router\RouteCollection.php(340): require('C:\\xampp\\htdocs\\ci4-g4a\\app\\Config\\Routes.php')
 4 SYSTEMPATH\CodeIgniter.php(823): CodeIgniter\Router\RouteCollection->loadRoutes()
 5 SYSTEMPATH\CodeIgniter.php(457): CodeIgniter\CodeIgniter->tryToRouteIt(null)
 6 SYSTEMPATH\CodeIgniter.php(355): CodeIgniter\CodeIgniter->handleRequest(null, Object(Config\Cache), false)
 7 SYSTEMPATH\Boot.php(312): CodeIgniter\CodeIgniter->run()
 8 SYSTEMPATH\Boot.php(67): CodeIgniter\Boot::runCodeIgniter(Object(CodeIgniter\CodeIgniter))
 9 FCPATH\index.php(56): CodeIgniter\Boot::bootWeb(Object(Config\Paths))
10 SYSTEMPATH\Commands\Server\rewrite.php(49): require_once('C:\\xampp\\htdocs\\ci4-g4a\\public\\index.php')
WARNING - 2024-05-04 13:59:45 --> [DEPRECATED] Passing lowercase HTTP method "get" is deprecated. Use uppercase HTTP method like "GET". in SYSTEMPATH\Router\RouteCollection.php on line 1027.
 1 SYSTEMPATH\Router\RouteCollection.php(1027): trigger_error('Passing lowercase HTTP method "get" is deprecated. Use uppercase HTTP method like "GET".', 16384)
 2 APPPATH\Config\Routes.php(14): CodeIgniter\Router\RouteCollection->match([...], 'register', 'AuthController::register', [...])
 3 SYSTEMPATH\Router\RouteCollection.php(340): require('C:\\xampp\\htdocs\\ci4-g4a\\app\\Config\\Routes.php')
 4 SYSTEMPATH\CodeIgniter.php(823): CodeIgniter\Router\RouteCollection->loadRoutes()
 5 SYSTEMPATH\CodeIgniter.php(457): CodeIgniter\CodeIgniter->tryToRouteIt(null)
 6 SYSTEMPATH\CodeIgniter.php(355): CodeIgniter\CodeIgniter->handleRequest(null, Object(Config\Cache), false)
 7 SYSTEMPATH\Boot.php(312): CodeIgniter\CodeIgniter->run()
 8 SYSTEMPATH\Boot.php(67): CodeIgniter\Boot::runCodeIgniter(Object(CodeIgniter\CodeIgniter))
 9 FCPATH\index.php(56): CodeIgniter\Boot::bootWeb(Object(Config\Paths))
10 SYSTEMPATH\Commands\Server\rewrite.php(49): require_once('C:\\xampp\\htdocs\\ci4-g4a\\public\\index.php')
WARNING - 2024-05-04 13:59:45 --> [DEPRECATED] Passing lowercase HTTP method "post" is deprecated. Use uppercase HTTP method like "POST". in SYSTEMPATH\Router\RouteCollection.php on line 1027.
 1 SYSTEMPATH\Router\RouteCollection.php(1027): trigger_error('Passing lowercase HTTP method "post" is deprecated. Use uppercase HTTP method like "POST".', 16384)
 2 APPPATH\Config\Routes.php(14): CodeIgniter\Router\RouteCollection->match([...], 'register', 'AuthController::register', [...])
 3 SYSTEMPATH\Router\RouteCollection.php(340): require('C:\\xampp\\htdocs\\ci4-g4a\\app\\Config\\Routes.php')
 4 SYSTEMPATH\CodeIgniter.php(823): CodeIgniter\Router\RouteCollection->loadRoutes()
 5 SYSTEMPATH\CodeIgniter.php(457): CodeIgniter\CodeIgniter->tryToRouteIt(null)
 6 SYSTEMPATH\CodeIgniter.php(355): CodeIgniter\CodeIgniter->handleRequest(null, Object(Config\Cache), false)
 7 SYSTEMPATH\Boot.php(312): CodeIgniter\CodeIgniter->run()
 8 SYSTEMPATH\Boot.php(67): CodeIgniter\Boot::runCodeIgniter(Object(CodeIgniter\CodeIgniter))
 9 FCPATH\index.php(56): CodeIgniter\Boot::bootWeb(Object(Config\Paths))
10 SYSTEMPATH\Commands\Server\rewrite.php(49): require_once('C:\\xampp\\htdocs\\ci4-g4a\\public\\index.php')
INFO - 2024-05-04 13:59:45 --> Session: Class initialized using 'CodeIgniter\Session\Handlers\FileHandler' driver.
WARNING - 2024-05-04 14:00:04 --> [DEPRECATED] Passing lowercase HTTP method "get" is deprecated. Use uppercase HTTP method like "GET". in SYSTEMPATH\Router\RouteCollection.php on line 1027.
 1 SYSTEMPATH\Router\RouteCollection.php(1027): trigger_error('Passing lowercase HTTP method "get" is deprecated. Use uppercase HTTP method like "GET".', 16384)
 2 APPPATH\Config\Routes.php(13): CodeIgniter\Router\RouteCollection->match([...], 'login', 'AuthController::login', [...])
 3 SYSTEMPATH\Router\RouteCollection.php(340): require('C:\\xampp\\htdocs\\ci4-g4a\\app\\Config\\Routes.php')
 4 SYSTEMPATH\CodeIgniter.php(823): CodeIgniter\Router\RouteCollection->loadRoutes()
 5 SYSTEMPATH\CodeIgniter.php(457): CodeIgniter\CodeIgniter->tryToRouteIt(null)
 6 SYSTEMPATH\CodeIgniter.php(355): CodeIgniter\CodeIgniter->handleRequest(null, Object(Config\Cache), false)
 7 SYSTEMPATH\Boot.php(312): CodeIgniter\CodeIgniter->run()
 8 SYSTEMPATH\Boot.php(67): CodeIgniter\Boot::runCodeIgniter(Object(CodeIgniter\CodeIgniter))
 9 FCPATH\index.php(56): CodeIgniter\Boot::bootWeb(Object(Config\Paths))
10 SYSTEMPATH\Commands\Server\rewrite.php(49): require_once('C:\\xampp\\htdocs\\ci4-g4a\\public\\index.php')
WARNING - 2024-05-04 14:00:04 --> [DEPRECATED] Passing lowercase HTTP method "post" is deprecated. Use uppercase HTTP method like "POST". in SYSTEMPATH\Router\RouteCollection.php on line 1027.
 1 SYSTEMPATH\Router\RouteCollection.php(1027): trigger_error('Passing lowercase HTTP method "post" is deprecated. Use uppercase HTTP method like "POST".', 16384)
 2 APPPATH\Config\Routes.php(13): CodeIgniter\Router\RouteCollection->match([...], 'login', 'AuthController::login', [...])
 3 SYSTEMPATH\Router\RouteCollection.php(340): require('C:\\xampp\\htdocs\\ci4-g4a\\app\\Config\\Routes.php')
 4 SYSTEMPATH\CodeIgniter.php(823): CodeIgniter\Router\RouteCollection->loadRoutes()
 5 SYSTEMPATH\CodeIgniter.php(457): CodeIgniter\CodeIgniter->tryToRouteIt(null)
 6 SYSTEMPATH\CodeIgniter.php(355): CodeIgniter\CodeIgniter->handleRequest(null, Object(Config\Cache), false)
 7 SYSTEMPATH\Boot.php(312): CodeIgniter\CodeIgniter->run()
 8 SYSTEMPATH\Boot.php(67): CodeIgniter\Boot::runCodeIgniter(Object(CodeIgniter\CodeIgniter))
 9 FCPATH\index.php(56): CodeIgniter\Boot::bootWeb(Object(Config\Paths))
10 SYSTEMPATH\Commands\Server\rewrite.php(49): require_once('C:\\xampp\\htdocs\\ci4-g4a\\public\\index.php')
WARNING - 2024-05-04 14:00:04 --> [DEPRECATED] Passing lowercase HTTP method "get" is deprecated. Use uppercase HTTP method like "GET". in SYSTEMPATH\Router\RouteCollection.php on line 1027.
 1 SYSTEMPATH\Router\RouteCollection.php(1027): trigger_error('Passing lowercase HTTP method "get" is deprecated. Use uppercase HTTP method like "GET".', 16384)
 2 APPPATH\Config\Routes.php(14): CodeIgniter\Router\RouteCollection->match([...], 'register', 'AuthController::register', [...])
 3 SYSTEMPATH\Router\RouteCollection.php(340): require('C:\\xampp\\htdocs\\ci4-g4a\\app\\Config\\Routes.php')
 4 SYSTEMPATH\CodeIgniter.php(823): CodeIgniter\Router\RouteCollection->loadRoutes()
 5 SYSTEMPATH\CodeIgniter.php(457): CodeIgniter\CodeIgniter->tryToRouteIt(null)
 6 SYSTEMPATH\CodeIgniter.php(355): CodeIgniter\CodeIgniter->handleRequest(null, Object(Config\Cache), false)
 7 SYSTEMPATH\Boot.php(312): CodeIgniter\CodeIgniter->run()
 8 SYSTEMPATH\Boot.php(67): CodeIgniter\Boot::runCodeIgniter(Object(CodeIgniter\CodeIgniter))
 9 FCPATH\index.php(56): CodeIgniter\Boot::bootWeb(Object(Config\Paths))
10 SYSTEMPATH\Commands\Server\rewrite.php(49): require_once('C:\\xampp\\htdocs\\ci4-g4a\\public\\index.php')
WARNING - 2024-05-04 14:00:04 --> [DEPRECATED] Passing lowercase HTTP method "post" is deprecated. Use uppercase HTTP method like "POST". in SYSTEMPATH\Router\RouteCollection.php on line 1027.
 1 SYSTEMPATH\Router\RouteCollection.php(1027): trigger_error('Passing lowercase HTTP method "post" is deprecated. Use uppercase HTTP method like "POST".', 16384)
 2 APPPATH\Config\Routes.php(14): CodeIgniter\Router\RouteCollection->match([...], 'register', 'AuthController::register', [...])
 3 SYSTEMPATH\Router\RouteCollection.php(340): require('C:\\xampp\\htdocs\\ci4-g4a\\app\\Config\\Routes.php')
 4 SYSTEMPATH\CodeIgniter.php(823): CodeIgniter\Router\RouteCollection->loadRoutes()
 5 SYSTEMPATH\CodeIgniter.php(457): CodeIgniter\CodeIgniter->tryToRouteIt(null)
 6 SYSTEMPATH\CodeIgniter.php(355): CodeIgniter\CodeIgniter->handleRequest(null, Object(Config\Cache), false)
 7 SYSTEMPATH\Boot.php(312): CodeIgniter\CodeIgniter->run()
 8 SYSTEMPATH\Boot.php(67): CodeIgniter\Boot::runCodeIgniter(Object(CodeIgniter\CodeIgniter))
 9 FCPATH\index.php(56): CodeIgniter\Boot::bootWeb(Object(Config\Paths))
10 SYSTEMPATH\Commands\Server\rewrite.php(49): require_once('C:\\xampp\\htdocs\\ci4-g4a\\public\\index.php')
INFO - 2024-05-04 14:00:04 --> Session: Class initialized using 'CodeIgniter\Session\Handlers\FileHandler' driver.
ERROR - 2024-05-04 14:19:07 --> mysqli_sql_exception: Table 'games4all.users' doesn't exist in C:\xampp\htdocs\ci4-g4a\system\Database\MySQLi\Connection.php:308
Stack trace:
#0 C:\xampp\htdocs\ci4-g4a\system\Database\MySQLi\Connection.php(308): mysqli->query('SELECT *\nFROM `...', 0)
#1 C:\xampp\htdocs\ci4-g4a\system\Database\BaseConnection.php(722): CodeIgniter\Database\MySQLi\Connection->execute('SELECT *\nFROM `...')
#2 C:\xampp\htdocs\ci4-g4a\system\Database\BaseConnection.php(636): CodeIgniter\Database\BaseConnection->simpleQuery('SELECT *\nFROM `...')
#3 C:\xampp\htdocs\ci4-g4a\system\Database\BaseBuilder.php(1629): CodeIgniter\Database\BaseConnection->query('SELECT *\nFROM `...', Array, false)
#4 C:\xampp\htdocs\ci4-g4a\system\Model.php(319): CodeIgniter\Database\BaseBuilder->get()
#5 C:\xampp\htdocs\ci4-g4a\system\BaseModel.php(714): CodeIgniter\Model->doFirst()
#6 C:\xampp\htdocs\ci4-g4a\vendor\myth\auth\src\Authentication\LocalAuthenticator.php(140): CodeIgniter\BaseModel->first()
#7 C:\xampp\htdocs\ci4-g4a\vendor\myth\auth\src\Authentication\LocalAuthenticator.php(19): Myth\Auth\Authentication\LocalAuthenticator->validate(Array, true)
#8 C:\xampp\htdocs\ci4-g4a\app\Controllers\AuthController.php(125): Myth\Auth\Authentication\LocalAuthenticator->attempt(Array, false)
#9 C:\xampp\htdocs\ci4-g4a\system\CodeIgniter.php(933): App\Controllers\AuthController->attemptLogin()
#10 C:\xampp\htdocs\ci4-g4a\system\CodeIgniter.php(509): CodeIgniter\CodeIgniter->runController(Object(App\Controllers\AuthController))
#11 C:\xampp\htdocs\ci4-g4a\system\CodeIgniter.php(355): CodeIgniter\CodeIgniter->handleRequest(NULL, Object(Config\Cache), false)
#12 C:\xampp\htdocs\ci4-g4a\system\Boot.php(312): CodeIgniter\CodeIgniter->run()
#13 C:\xampp\htdocs\ci4-g4a\system\Boot.php(67): CodeIgniter\Boot::runCodeIgniter(Object(CodeIgniter\CodeIgniter))
#14 C:\xampp\htdocs\ci4-g4a\public\index.php(56): CodeIgniter\Boot::bootWeb(Object(Config\Paths))
#15 C:\xampp\htdocs\ci4-g4a\system\Commands\Server\rewrite.php(49): require_once('C:\\xampp\\htdocs...')
#16 {main}
CRITICAL - 2024-05-04 14:19:07 --> CodeIgniter\Database\Exceptions\DatabaseException: Table 'games4all.users' doesn't exist
[Method: POST, Route: login]
in SYSTEMPATH\Database\BaseConnection.php on line 676.
 1 SYSTEMPATH\Database\BaseBuilder.php(1629): CodeIgniter\Database\BaseConnection->query('SELECT *
FROM `users`
WHERE `email` = :email:
AND `users`.`deleted_at` IS NULL
 LIMIT 1', [...], false)
 2 SYSTEMPATH\Model.php(319): CodeIgniter\Database\BaseBuilder->get()
 3 SYSTEMPATH\BaseModel.php(714): CodeIgniter\Model->doFirst()
 4 VENDORPATH\myth\auth\src\Authentication\LocalAuthenticator.php(140): CodeIgniter\BaseModel->first()
 5 VENDORPATH\myth\auth\src\Authentication\LocalAuthenticator.php(19): Myth\Auth\Authentication\LocalAuthenticator->validate([...], true)
 6 APPPATH\Controllers\AuthController.php(125): Myth\Auth\Authentication\LocalAuthenticator->attempt([...], false)
 7 SYSTEMPATH\CodeIgniter.php(933): App\Controllers\AuthController->attemptLogin()
 8 SYSTEMPATH\CodeIgniter.php(509): CodeIgniter\CodeIgniter->runController(Object(App\Controllers\AuthController))
 9 SYSTEMPATH\CodeIgniter.php(355): CodeIgniter\CodeIgniter->handleRequest(null, Object(Config\Cache), false)
10 SYSTEMPATH\Boot.php(312): CodeIgniter\CodeIgniter->run()
11 SYSTEMPATH\Boot.php(67): CodeIgniter\Boot::runCodeIgniter(Object(CodeIgniter\CodeIgniter))
12 FCPATH\index.php(56): CodeIgniter\Boot::bootWeb(Object(Config\Paths))
13 SYSTEMPATH\Commands\Server\rewrite.php(49): require_once('C:\\xampp\\htdocs\\ci4-g4a\\public\\index.php')
CRITICAL - 2024-05-04 14:19:07 --> [Caused by] CodeIgniter\Database\Exceptions\DatabaseException: Table 'games4all.users' doesn't exist
in SYSTEMPATH\Database\MySQLi\Connection.php on line 313.
 1 SYSTEMPATH\Database\BaseConnection.php(722): CodeIgniter\Database\MySQLi\Connection->execute('SELECT *
FROM `users`
WHERE `email` = \'admin\'
AND `users`.`deleted_at` IS NULL
 LIMIT 1')
 2 SYSTEMPATH\Database\BaseConnection.php(636): CodeIgniter\Database\BaseConnection->simpleQuery('SELECT *
FROM `users`
WHERE `email` = \'admin\'
AND `users`.`deleted_at` IS NULL
 LIMIT 1')
 3 SYSTEMPATH\Database\BaseBuilder.php(1629): CodeIgniter\Database\BaseConnection->query('SELECT *
FROM `users`
WHERE `email` = :email:
AND `users`.`deleted_at` IS NULL
 LIMIT 1', [...], false)
 4 SYSTEMPATH\Model.php(319): CodeIgniter\Database\BaseBuilder->get()
 5 SYSTEMPATH\BaseModel.php(714): CodeIgniter\Model->doFirst()
 6 VENDORPATH\myth\auth\src\Authentication\LocalAuthenticator.php(140): CodeIgniter\BaseModel->first()
 7 VENDORPATH\myth\auth\src\Authentication\LocalAuthenticator.php(19): Myth\Auth\Authentication\LocalAuthenticator->validate([...], true)
 8 APPPATH\Controllers\AuthController.php(125): Myth\Auth\Authentication\LocalAuthenticator->attempt([...], false)
 9 SYSTEMPATH\CodeIgniter.php(933): App\Controllers\AuthController->attemptLogin()
10 SYSTEMPATH\CodeIgniter.php(509): CodeIgniter\CodeIgniter->runController(Object(App\Controllers\AuthController))
11 SYSTEMPATH\CodeIgniter.php(355): CodeIgniter\CodeIgniter->handleRequest(null, Object(Config\Cache), false)
12 SYSTEMPATH\Boot.php(312): CodeIgniter\CodeIgniter->run()
13 SYSTEMPATH\Boot.php(67): CodeIgniter\Boot::runCodeIgniter(Object(CodeIgniter\CodeIgniter))
14 FCPATH\index.php(56): CodeIgniter\Boot::bootWeb(Object(Config\Paths))
15 SYSTEMPATH\Commands\Server\rewrite.php(49): require_once('C:\\xampp\\htdocs\\ci4-g4a\\public\\index.php')
CRITICAL - 2024-05-04 14:19:07 --> [Caused by] mysqli_sql_exception: Table 'games4all.users' doesn't exist
in SYSTEMPATH\Database\MySQLi\Connection.php on line 308.
 1 SYSTEMPATH\Database\MySQLi\Connection.php(308): mysqli->query('SELECT *
FROM `users`
WHERE `email` = \'admin\'
AND `users`.`deleted_at` IS NULL
 LIMIT 1', 0)
 2 SYSTEMPATH\Database\BaseConnection.php(722): CodeIgniter\Database\MySQLi\Connection->execute('SELECT *
FROM `users`
WHERE `email` = \'admin\'
AND `users`.`deleted_at` IS NULL
 LIMIT 1')
 3 SYSTEMPATH\Database\BaseConnection.php(636): CodeIgniter\Database\BaseConnection->simpleQuery('SELECT *
FROM `users`
WHERE `email` = \'admin\'
AND `users`.`deleted_at` IS NULL
 LIMIT 1')
 4 SYSTEMPATH\Database\BaseBuilder.php(1629): CodeIgniter\Database\BaseConnection->query('SELECT *
FROM `users`
WHERE `email` = :email:
AND `users`.`deleted_at` IS NULL
 LIMIT 1', [...], false)
 5 SYSTEMPATH\Model.php(319): CodeIgniter\Database\BaseBuilder->get()
 6 SYSTEMPATH\BaseModel.php(714): CodeIgniter\Model->doFirst()
 7 VENDORPATH\myth\auth\src\Authentication\LocalAuthenticator.php(140): CodeIgniter\BaseModel->first()
 8 VENDORPATH\myth\auth\src\Authentication\LocalAuthenticator.php(19): Myth\Auth\Authentication\LocalAuthenticator->validate([...], true)
 9 APPPATH\Controllers\AuthController.php(125): Myth\Auth\Authentication\LocalAuthenticator->attempt([...], false)
10 SYSTEMPATH\CodeIgniter.php(933): App\Controllers\AuthController->attemptLogin()
11 SYSTEMPATH\CodeIgniter.php(509): CodeIgniter\CodeIgniter->runController(Object(App\Controllers\AuthController))
12 SYSTEMPATH\CodeIgniter.php(355): CodeIgniter\CodeIgniter->handleRequest(null, Object(Config\Cache), false)
13 SYSTEMPATH\Boot.php(312): CodeIgniter\CodeIgniter->run()
14 SYSTEMPATH\Boot.php(67): CodeIgniter\Boot::runCodeIgniter(Object(CodeIgniter\CodeIgniter))
15 FCPATH\index.php(56): CodeIgniter\Boot::bootWeb(Object(Config\Paths))
16 SYSTEMPATH\Commands\Server\rewrite.php(49): require_once('C:\\xampp\\htdocs\\ci4-g4a\\public\\index.php')
ERROR - 2024-05-04 14:19:19 --> mysqli_sql_exception: Table 'games4all.users' doesn't exist in C:\xampp\htdocs\ci4-g4a\system\Database\MySQLi\Connection.php:308
Stack trace:
#0 C:\xampp\htdocs\ci4-g4a\system\Database\MySQLi\Connection.php(308): mysqli->query('SELECT *\nFROM `...', 0)
#1 C:\xampp\htdocs\ci4-g4a\system\Database\BaseConnection.php(722): CodeIgniter\Database\MySQLi\Connection->execute('SELECT *\nFROM `...')
#2 C:\xampp\htdocs\ci4-g4a\system\Database\BaseConnection.php(636): CodeIgniter\Database\BaseConnection->simpleQuery('SELECT *\nFROM `...')
#3 C:\xampp\htdocs\ci4-g4a\system\Database\BaseBuilder.php(1629): CodeIgniter\Database\BaseConnection->query('SELECT *\nFROM `...', Array, false)
#4 C:\xampp\htdocs\ci4-g4a\system\Model.php(319): CodeIgniter\Database\BaseBuilder->get()
#5 C:\xampp\htdocs\ci4-g4a\system\BaseModel.php(714): CodeIgniter\Model->doFirst()
#6 C:\xampp\htdocs\ci4-g4a\vendor\myth\auth\src\Authentication\LocalAuthenticator.php(140): CodeIgniter\BaseModel->first()
#7 C:\xampp\htdocs\ci4-g4a\vendor\myth\auth\src\Authentication\LocalAuthenticator.php(19): Myth\Auth\Authentication\LocalAuthenticator->validate(Array, true)
#8 C:\xampp\htdocs\ci4-g4a\app\Controllers\AuthController.php(125): Myth\Auth\Authentication\LocalAuthenticator->attempt(Array, false)
#9 C:\xampp\htdocs\ci4-g4a\system\CodeIgniter.php(933): App\Controllers\AuthController->attemptLogin()
#10 C:\xampp\htdocs\ci4-g4a\system\CodeIgniter.php(509): CodeIgniter\CodeIgniter->runController(Object(App\Controllers\AuthController))
#11 C:\xampp\htdocs\ci4-g4a\system\CodeIgniter.php(355): CodeIgniter\CodeIgniter->handleRequest(NULL, Object(Config\Cache), false)
#12 C:\xampp\htdocs\ci4-g4a\system\Boot.php(312): CodeIgniter\CodeIgniter->run()
#13 C:\xampp\htdocs\ci4-g4a\system\Boot.php(67): CodeIgniter\Boot::runCodeIgniter(Object(CodeIgniter\CodeIgniter))
#14 C:\xampp\htdocs\ci4-g4a\public\index.php(56): CodeIgniter\Boot::bootWeb(Object(Config\Paths))
#15 C:\xampp\htdocs\ci4-g4a\system\Commands\Server\rewrite.php(49): require_once('C:\\xampp\\htdocs...')
#16 {main}
CRITICAL - 2024-05-04 14:19:19 --> CodeIgniter\Database\Exceptions\DatabaseException: Table 'games4all.users' doesn't exist
[Method: POST, Route: login]
in SYSTEMPATH\Database\BaseConnection.php on line 676.
 1 SYSTEMPATH\Database\BaseBuilder.php(1629): CodeIgniter\Database\BaseConnection->query('SELECT *
FROM `users`
WHERE `email` = :email:
AND `users`.`deleted_at` IS NULL
 LIMIT 1', [...], false)
 2 SYSTEMPATH\Model.php(319): CodeIgniter\Database\BaseBuilder->get()
 3 SYSTEMPATH\BaseModel.php(714): CodeIgniter\Model->doFirst()
 4 VENDORPATH\myth\auth\src\Authentication\LocalAuthenticator.php(140): CodeIgniter\BaseModel->first()
 5 VENDORPATH\myth\auth\src\Authentication\LocalAuthenticator.php(19): Myth\Auth\Authentication\LocalAuthenticator->validate([...], true)
 6 APPPATH\Controllers\AuthController.php(125): Myth\Auth\Authentication\LocalAuthenticator->attempt([...], false)
 7 SYSTEMPATH\CodeIgniter.php(933): App\Controllers\AuthController->attemptLogin()
 8 SYSTEMPATH\CodeIgniter.php(509): CodeIgniter\CodeIgniter->runController(Object(App\Controllers\AuthController))
 9 SYSTEMPATH\CodeIgniter.php(355): CodeIgniter\CodeIgniter->handleRequest(null, Object(Config\Cache), false)
10 SYSTEMPATH\Boot.php(312): CodeIgniter\CodeIgniter->run()
11 SYSTEMPATH\Boot.php(67): CodeIgniter\Boot::runCodeIgniter(Object(CodeIgniter\CodeIgniter))
12 FCPATH\index.php(56): CodeIgniter\Boot::bootWeb(Object(Config\Paths))
13 SYSTEMPATH\Commands\Server\rewrite.php(49): require_once('C:\\xampp\\htdocs\\ci4-g4a\\public\\index.php')
CRITICAL - 2024-05-04 14:19:19 --> [Caused by] CodeIgniter\Database\Exceptions\DatabaseException: Table 'games4all.users' doesn't exist
in SYSTEMPATH\Database\MySQLi\Connection.php on line 313.
 1 SYSTEMPATH\Database\BaseConnection.php(722): CodeIgniter\Database\MySQLi\Connection->execute('SELECT *
FROM `users`
WHERE `email` = \'admin\'
AND `users`.`deleted_at` IS NULL
 LIMIT 1')
 2 SYSTEMPATH\Database\BaseConnection.php(636): CodeIgniter\Database\BaseConnection->simpleQuery('SELECT *
FROM `users`
WHERE `email` = \'admin\'
AND `users`.`deleted_at` IS NULL
 LIMIT 1')
 3 SYSTEMPATH\Database\BaseBuilder.php(1629): CodeIgniter\Database\BaseConnection->query('SELECT *
FROM `users`
WHERE `email` = :email:
AND `users`.`deleted_at` IS NULL
 LIMIT 1', [...], false)
 4 SYSTEMPATH\Model.php(319): CodeIgniter\Database\BaseBuilder->get()
 5 SYSTEMPATH\BaseModel.php(714): CodeIgniter\Model->doFirst()
 6 VENDORPATH\myth\auth\src\Authentication\LocalAuthenticator.php(140): CodeIgniter\BaseModel->first()
 7 VENDORPATH\myth\auth\src\Authentication\LocalAuthenticator.php(19): Myth\Auth\Authentication\LocalAuthenticator->validate([...], true)
 8 APPPATH\Controllers\AuthController.php(125): Myth\Auth\Authentication\LocalAuthenticator->attempt([...], false)
 9 SYSTEMPATH\CodeIgniter.php(933): App\Controllers\AuthController->attemptLogin()
10 SYSTEMPATH\CodeIgniter.php(509): CodeIgniter\CodeIgniter->runController(Object(App\Controllers\AuthController))
11 SYSTEMPATH\CodeIgniter.php(355): CodeIgniter\CodeIgniter->handleRequest(null, Object(Config\Cache), false)
12 SYSTEMPATH\Boot.php(312): CodeIgniter\CodeIgniter->run()
13 SYSTEMPATH\Boot.php(67): CodeIgniter\Boot::runCodeIgniter(Object(CodeIgniter\CodeIgniter))
14 FCPATH\index.php(56): CodeIgniter\Boot::bootWeb(Object(Config\Paths))
15 SYSTEMPATH\Commands\Server\rewrite.php(49): require_once('C:\\xampp\\htdocs\\ci4-g4a\\public\\index.php')
CRITICAL - 2024-05-04 14:19:19 --> [Caused by] mysqli_sql_exception: Table 'games4all.users' doesn't exist
in SYSTEMPATH\Database\MySQLi\Connection.php on line 308.
 1 SYSTEMPATH\Database\MySQLi\Connection.php(308): mysqli->query('SELECT *
FROM `users`
WHERE `email` = \'admin\'
AND `users`.`deleted_at` IS NULL
 LIMIT 1', 0)
 2 SYSTEMPATH\Database\BaseConnection.php(722): CodeIgniter\Database\MySQLi\Connection->execute('SELECT *
FROM `users`
WHERE `email` = \'admin\'
AND `users`.`deleted_at` IS NULL
 LIMIT 1')
 3 SYSTEMPATH\Database\BaseConnection.php(636): CodeIgniter\Database\BaseConnection->simpleQuery('SELECT *
FROM `users`
WHERE `email` = \'admin\'
AND `users`.`deleted_at` IS NULL
 LIMIT 1')
 4 SYSTEMPATH\Database\BaseBuilder.php(1629): CodeIgniter\Database\BaseConnection->query('SELECT *
FROM `users`
WHERE `email` = :email:
AND `users`.`deleted_at` IS NULL
 LIMIT 1', [...], false)
 5 SYSTEMPATH\Model.php(319): CodeIgniter\Database\BaseBuilder->get()
 6 SYSTEMPATH\BaseModel.php(714): CodeIgniter\Model->doFirst()
 7 VENDORPATH\myth\auth\src\Authentication\LocalAuthenticator.php(140): CodeIgniter\BaseModel->first()
 8 VENDORPATH\myth\auth\src\Authentication\LocalAuthenticator.php(19): Myth\Auth\Authentication\LocalAuthenticator->validate([...], true)
 9 APPPATH\Controllers\AuthController.php(125): Myth\Auth\Authentication\LocalAuthenticator->attempt([...], false)
10 SYSTEMPATH\CodeIgniter.php(933): App\Controllers\AuthController->attemptLogin()
11 SYSTEMPATH\CodeIgniter.php(509): CodeIgniter\CodeIgniter->runController(Object(App\Controllers\AuthController))
12 SYSTEMPATH\CodeIgniter.php(355): CodeIgniter\CodeIgniter->handleRequest(null, Object(Config\Cache), false)
13 SYSTEMPATH\Boot.php(312): CodeIgniter\CodeIgniter->run()
14 SYSTEMPATH\Boot.php(67): CodeIgniter\Boot::runCodeIgniter(Object(CodeIgniter\CodeIgniter))
15 FCPATH\index.php(56): CodeIgniter\Boot::bootWeb(Object(Config\Paths))
16 SYSTEMPATH\Commands\Server\rewrite.php(49): require_once('C:\\xampp\\htdocs\\ci4-g4a\\public\\index.php')
ERROR - 2024-05-04 14:19:39 --> mysqli_sql_exception: Table 'games4all.users' doesn't exist in C:\xampp\htdocs\ci4-g4a\system\Database\MySQLi\Connection.php:308
Stack trace:
#0 C:\xampp\htdocs\ci4-g4a\system\Database\MySQLi\Connection.php(308): mysqli->query('SELECT *\nFROM `...', 0)
#1 C:\xampp\htdocs\ci4-g4a\system\Database\BaseConnection.php(722): CodeIgniter\Database\MySQLi\Connection->execute('SELECT *\nFROM `...')
#2 C:\xampp\htdocs\ci4-g4a\system\Database\BaseConnection.php(636): CodeIgniter\Database\BaseConnection->simpleQuery('SELECT *\nFROM `...')
#3 C:\xampp\htdocs\ci4-g4a\system\Database\BaseBuilder.php(1629): CodeIgniter\Database\BaseConnection->query('SELECT *\nFROM `...', Array, false)
#4 C:\xampp\htdocs\ci4-g4a\system\Model.php(319): CodeIgniter\Database\BaseBuilder->get()
#5 C:\xampp\htdocs\ci4-g4a\system\BaseModel.php(714): CodeIgniter\Model->doFirst()
#6 C:\xampp\htdocs\ci4-g4a\vendor\myth\auth\src\Authentication\LocalAuthenticator.php(140): CodeIgniter\BaseModel->first()
#7 C:\xampp\htdocs\ci4-g4a\vendor\myth\auth\src\Authentication\LocalAuthenticator.php(19): Myth\Auth\Authentication\LocalAuthenticator->validate(Array, true)
#8 C:\xampp\htdocs\ci4-g4a\app\Controllers\AuthController.php(125): Myth\Auth\Authentication\LocalAuthenticator->attempt(Array, false)
#9 C:\xampp\htdocs\ci4-g4a\system\CodeIgniter.php(933): App\Controllers\AuthController->attemptLogin()
#10 C:\xampp\htdocs\ci4-g4a\system\CodeIgniter.php(509): CodeIgniter\CodeIgniter->runController(Object(App\Controllers\AuthController))
#11 C:\xampp\htdocs\ci4-g4a\system\CodeIgniter.php(355): CodeIgniter\CodeIgniter->handleRequest(NULL, Object(Config\Cache), false)
#12 C:\xampp\htdocs\ci4-g4a\system\Boot.php(312): CodeIgniter\CodeIgniter->run()
#13 C:\xampp\htdocs\ci4-g4a\system\Boot.php(67): CodeIgniter\Boot::runCodeIgniter(Object(CodeIgniter\CodeIgniter))
#14 C:\xampp\htdocs\ci4-g4a\public\index.php(56): CodeIgniter\Boot::bootWeb(Object(Config\Paths))
#15 C:\xampp\htdocs\ci4-g4a\system\Commands\Server\rewrite.php(49): require_once('C:\\xampp\\htdocs...')
#16 {main}
CRITICAL - 2024-05-04 14:19:39 --> CodeIgniter\Database\Exceptions\DatabaseException: Table 'games4all.users' doesn't exist
[Method: POST, Route: login]
in SYSTEMPATH\Database\BaseConnection.php on line 676.
 1 SYSTEMPATH\Database\BaseBuilder.php(1629): CodeIgniter\Database\BaseConnection->query('SELECT *
FROM `users`
WHERE `email` = :email:
AND `users`.`deleted_at` IS NULL
 LIMIT 1', [...], false)
 2 SYSTEMPATH\Model.php(319): CodeIgniter\Database\BaseBuilder->get()
 3 SYSTEMPATH\BaseModel.php(714): CodeIgniter\Model->doFirst()
 4 VENDORPATH\myth\auth\src\Authentication\LocalAuthenticator.php(140): CodeIgniter\BaseModel->first()
 5 VENDORPATH\myth\auth\src\Authentication\LocalAuthenticator.php(19): Myth\Auth\Authentication\LocalAuthenticator->validate([...], true)
 6 APPPATH\Controllers\AuthController.php(125): Myth\Auth\Authentication\LocalAuthenticator->attempt([...], false)
 7 SYSTEMPATH\CodeIgniter.php(933): App\Controllers\AuthController->attemptLogin()
 8 SYSTEMPATH\CodeIgniter.php(509): CodeIgniter\CodeIgniter->runController(Object(App\Controllers\AuthController))
 9 SYSTEMPATH\CodeIgniter.php(355): CodeIgniter\CodeIgniter->handleRequest(null, Object(Config\Cache), false)
10 SYSTEMPATH\Boot.php(312): CodeIgniter\CodeIgniter->run()
11 SYSTEMPATH\Boot.php(67): CodeIgniter\Boot::runCodeIgniter(Object(CodeIgniter\CodeIgniter))
12 FCPATH\index.php(56): CodeIgniter\Boot::bootWeb(Object(Config\Paths))
13 SYSTEMPATH\Commands\Server\rewrite.php(49): require_once('C:\\xampp\\htdocs\\ci4-g4a\\public\\index.php')
CRITICAL - 2024-05-04 14:19:39 --> [Caused by] CodeIgniter\Database\Exceptions\DatabaseException: Table 'games4all.users' doesn't exist
in SYSTEMPATH\Database\MySQLi\Connection.php on line 313.
 1 SYSTEMPATH\Database\BaseConnection.php(722): CodeIgniter\Database\MySQLi\Connection->execute('SELECT *
FROM `users`
WHERE `email` = \'admin\'
AND `users`.`deleted_at` IS NULL
 LIMIT 1')
 2 SYSTEMPATH\Database\BaseConnection.php(636): CodeIgniter\Database\BaseConnection->simpleQuery('SELECT *
FROM `users`
WHERE `email` = \'admin\'
AND `users`.`deleted_at` IS NULL
 LIMIT 1')
 3 SYSTEMPATH\Database\BaseBuilder.php(1629): CodeIgniter\Database\BaseConnection->query('SELECT *
FROM `users`
WHERE `email` = :email:
AND `users`.`deleted_at` IS NULL
 LIMIT 1', [...], false)
 4 SYSTEMPATH\Model.php(319): CodeIgniter\Database\BaseBuilder->get()
 5 SYSTEMPATH\BaseModel.php(714): CodeIgniter\Model->doFirst()
 6 VENDORPATH\myth\auth\src\Authentication\LocalAuthenticator.php(140): CodeIgniter\BaseModel->first()
 7 VENDORPATH\myth\auth\src\Authentication\LocalAuthenticator.php(19): Myth\Auth\Authentication\LocalAuthenticator->validate([...], true)
 8 APPPATH\Controllers\AuthController.php(125): Myth\Auth\Authentication\LocalAuthenticator->attempt([...], false)
 9 SYSTEMPATH\CodeIgniter.php(933): App\Controllers\AuthController->attemptLogin()
10 SYSTEMPATH\CodeIgniter.php(509): CodeIgniter\CodeIgniter->runController(Object(App\Controllers\AuthController))
11 SYSTEMPATH\CodeIgniter.php(355): CodeIgniter\CodeIgniter->handleRequest(null, Object(Config\Cache), false)
12 SYSTEMPATH\Boot.php(312): CodeIgniter\CodeIgniter->run()
13 SYSTEMPATH\Boot.php(67): CodeIgniter\Boot::runCodeIgniter(Object(CodeIgniter\CodeIgniter))
14 FCPATH\index.php(56): CodeIgniter\Boot::bootWeb(Object(Config\Paths))
15 SYSTEMPATH\Commands\Server\rewrite.php(49): require_once('C:\\xampp\\htdocs\\ci4-g4a\\public\\index.php')
CRITICAL - 2024-05-04 14:19:39 --> [Caused by] mysqli_sql_exception: Table 'games4all.users' doesn't exist
in SYSTEMPATH\Database\MySQLi\Connection.php on line 308.
 1 SYSTEMPATH\Database\MySQLi\Connection.php(308): mysqli->query('SELECT *
FROM `users`
WHERE `email` = \'admin\'
AND `users`.`deleted_at` IS NULL
 LIMIT 1', 0)
 2 SYSTEMPATH\Database\BaseConnection.php(722): CodeIgniter\Database\MySQLi\Connection->execute('SELECT *
FROM `users`
WHERE `email` = \'admin\'
AND `users`.`deleted_at` IS NULL
 LIMIT 1')
 3 SYSTEMPATH\Database\BaseConnection.php(636): CodeIgniter\Database\BaseConnection->simpleQuery('SELECT *
FROM `users`
WHERE `email` = \'admin\'
AND `users`.`deleted_at` IS NULL
 LIMIT 1')
 4 SYSTEMPATH\Database\BaseBuilder.php(1629): CodeIgniter\Database\BaseConnection->query('SELECT *
FROM `users`
WHERE `email` = :email:
AND `users`.`deleted_at` IS NULL
 LIMIT 1', [...], false)
 5 SYSTEMPATH\Model.php(319): CodeIgniter\Database\BaseBuilder->get()
 6 SYSTEMPATH\BaseModel.php(714): CodeIgniter\Model->doFirst()
 7 VENDORPATH\myth\auth\src\Authentication\LocalAuthenticator.php(140): CodeIgniter\BaseModel->first()
 8 VENDORPATH\myth\auth\src\Authentication\LocalAuthenticator.php(19): Myth\Auth\Authentication\LocalAuthenticator->validate([...], true)
 9 APPPATH\Controllers\AuthController.php(125): Myth\Auth\Authentication\LocalAuthenticator->attempt([...], false)
10 SYSTEMPATH\CodeIgniter.php(933): App\Controllers\AuthController->attemptLogin()
11 SYSTEMPATH\CodeIgniter.php(509): CodeIgniter\CodeIgniter->runController(Object(App\Controllers\AuthController))
12 SYSTEMPATH\CodeIgniter.php(355): CodeIgniter\CodeIgniter->handleRequest(null, Object(Config\Cache), false)
13 SYSTEMPATH\Boot.php(312): CodeIgniter\CodeIgniter->run()
14 SYSTEMPATH\Boot.php(67): CodeIgniter\Boot::runCodeIgniter(Object(CodeIgniter\CodeIgniter))
15 FCPATH\index.php(56): CodeIgniter\Boot::bootWeb(Object(Config\Paths))
16 SYSTEMPATH\Commands\Server\rewrite.php(49): require_once('C:\\xampp\\htdocs\\ci4-g4a\\public\\index.php')
ERROR - 2024-05-04 14:35:06 --> mysqli_sql_exception: Table 'games4all.users' doesn't exist in C:\xampp\htdocs\ci4-g4a\system\Database\MySQLi\Connection.php:308
Stack trace:
#0 C:\xampp\htdocs\ci4-g4a\system\Database\MySQLi\Connection.php(308): mysqli->query('SELECT *\nFROM `...', 0)
#1 C:\xampp\htdocs\ci4-g4a\system\Database\BaseConnection.php(722): CodeIgniter\Database\MySQLi\Connection->execute('SELECT *\nFROM `...')
#2 C:\xampp\htdocs\ci4-g4a\system\Database\BaseConnection.php(636): CodeIgniter\Database\BaseConnection->simpleQuery('SELECT *\nFROM `...')
#3 C:\xampp\htdocs\ci4-g4a\system\Database\BaseBuilder.php(1629): CodeIgniter\Database\BaseConnection->query('SELECT *\nFROM `...', Array, false)
#4 C:\xampp\htdocs\ci4-g4a\system\Model.php(319): CodeIgniter\Database\BaseBuilder->get()
#5 C:\xampp\htdocs\ci4-g4a\system\BaseModel.php(714): CodeIgniter\Model->doFirst()
#6 C:\xampp\htdocs\ci4-g4a\vendor\myth\auth\src\Authentication\LocalAuthenticator.php(140): CodeIgniter\BaseModel->first()
#7 C:\xampp\htdocs\ci4-g4a\vendor\myth\auth\src\Authentication\LocalAuthenticator.php(19): Myth\Auth\Authentication\LocalAuthenticator->validate(Array, true)
#8 C:\xampp\htdocs\ci4-g4a\app\Controllers\AuthController.php(125): Myth\Auth\Authentication\LocalAuthenticator->attempt(Array, false)
#9 C:\xampp\htdocs\ci4-g4a\system\CodeIgniter.php(933): App\Controllers\AuthController->attemptLogin()
#10 C:\xampp\htdocs\ci4-g4a\system\CodeIgniter.php(509): CodeIgniter\CodeIgniter->runController(Object(App\Controllers\AuthController))
#11 C:\xampp\htdocs\ci4-g4a\system\CodeIgniter.php(355): CodeIgniter\CodeIgniter->handleRequest(NULL, Object(Config\Cache), false)
#12 C:\xampp\htdocs\ci4-g4a\system\Boot.php(312): CodeIgniter\CodeIgniter->run()
#13 C:\xampp\htdocs\ci4-g4a\system\Boot.php(67): CodeIgniter\Boot::runCodeIgniter(Object(CodeIgniter\CodeIgniter))
#14 C:\xampp\htdocs\ci4-g4a\public\index.php(56): CodeIgniter\Boot::bootWeb(Object(Config\Paths))
#15 C:\xampp\htdocs\ci4-g4a\system\Commands\Server\rewrite.php(49): require_once('C:\\xampp\\htdocs...')
#16 {main}
CRITICAL - 2024-05-04 14:35:06 --> CodeIgniter\Database\Exceptions\DatabaseException: Table 'games4all.users' doesn't exist
[Method: POST, Route: login]
in SYSTEMPATH\Database\BaseConnection.php on line 676.
 1 SYSTEMPATH\Database\BaseBuilder.php(1629): CodeIgniter\Database\BaseConnection->query('SELECT *
FROM `users`
WHERE `email` = :email:
AND `users`.`deleted_at` IS NULL
 LIMIT 1', [...], false)
 2 SYSTEMPATH\Model.php(319): CodeIgniter\Database\BaseBuilder->get()
 3 SYSTEMPATH\BaseModel.php(714): CodeIgniter\Model->doFirst()
 4 VENDORPATH\myth\auth\src\Authentication\LocalAuthenticator.php(140): CodeIgniter\BaseModel->first()
 5 VENDORPATH\myth\auth\src\Authentication\LocalAuthenticator.php(19): Myth\Auth\Authentication\LocalAuthenticator->validate([...], true)
 6 APPPATH\Controllers\AuthController.php(125): Myth\Auth\Authentication\LocalAuthenticator->attempt([...], false)
 7 SYSTEMPATH\CodeIgniter.php(933): App\Controllers\AuthController->attemptLogin()
 8 SYSTEMPATH\CodeIgniter.php(509): CodeIgniter\CodeIgniter->runController(Object(App\Controllers\AuthController))
 9 SYSTEMPATH\CodeIgniter.php(355): CodeIgniter\CodeIgniter->handleRequest(null, Object(Config\Cache), false)
10 SYSTEMPATH\Boot.php(312): CodeIgniter\CodeIgniter->run()
11 SYSTEMPATH\Boot.php(67): CodeIgniter\Boot::runCodeIgniter(Object(CodeIgniter\CodeIgniter))
12 FCPATH\index.php(56): CodeIgniter\Boot::bootWeb(Object(Config\Paths))
13 SYSTEMPATH\Commands\Server\rewrite.php(49): require_once('C:\\xampp\\htdocs\\ci4-g4a\\public\\index.php')
CRITICAL - 2024-05-04 14:35:06 --> [Caused by] CodeIgniter\Database\Exceptions\DatabaseException: Table 'games4all.users' doesn't exist
in SYSTEMPATH\Database\MySQLi\Connection.php on line 313.
 1 SYSTEMPATH\Database\BaseConnection.php(722): CodeIgniter\Database\MySQLi\Connection->execute('SELECT *
FROM `users`
WHERE `email` = \'admin\'
AND `users`.`deleted_at` IS NULL
 LIMIT 1')
 2 SYSTEMPATH\Database\BaseConnection.php(636): CodeIgniter\Database\BaseConnection->simpleQuery('SELECT *
FROM `users`
WHERE `email` = \'admin\'
AND `users`.`deleted_at` IS NULL
 LIMIT 1')
 3 SYSTEMPATH\Database\BaseBuilder.php(1629): CodeIgniter\Database\BaseConnection->query('SELECT *
FROM `users`
WHERE `email` = :email:
AND `users`.`deleted_at` IS NULL
 LIMIT 1', [...], false)
 4 SYSTEMPATH\Model.php(319): CodeIgniter\Database\BaseBuilder->get()
 5 SYSTEMPATH\BaseModel.php(714): CodeIgniter\Model->doFirst()
 6 VENDORPATH\myth\auth\src\Authentication\LocalAuthenticator.php(140): CodeIgniter\BaseModel->first()
 7 VENDORPATH\myth\auth\src\Authentication\LocalAuthenticator.php(19): Myth\Auth\Authentication\LocalAuthenticator->validate([...], true)
 8 APPPATH\Controllers\AuthController.php(125): Myth\Auth\Authentication\LocalAuthenticator->attempt([...], false)
 9 SYSTEMPATH\CodeIgniter.php(933): App\Controllers\AuthController->attemptLogin()
10 SYSTEMPATH\CodeIgniter.php(509): CodeIgniter\CodeIgniter->runController(Object(App\Controllers\AuthController))
11 SYSTEMPATH\CodeIgniter.php(355): CodeIgniter\CodeIgniter->handleRequest(null, Object(Config\Cache), false)
12 SYSTEMPATH\Boot.php(312): CodeIgniter\CodeIgniter->run()
13 SYSTEMPATH\Boot.php(67): CodeIgniter\Boot::runCodeIgniter(Object(CodeIgniter\CodeIgniter))
14 FCPATH\index.php(56): CodeIgniter\Boot::bootWeb(Object(Config\Paths))
15 SYSTEMPATH\Commands\Server\rewrite.php(49): require_once('C:\\xampp\\htdocs\\ci4-g4a\\public\\index.php')
CRITICAL - 2024-05-04 14:35:06 --> [Caused by] mysqli_sql_exception: Table 'games4all.users' doesn't exist
in SYSTEMPATH\Database\MySQLi\Connection.php on line 308.
 1 SYSTEMPATH\Database\MySQLi\Connection.php(308): mysqli->query('SELECT *
FROM `users`
WHERE `email` = \'admin\'
AND `users`.`deleted_at` IS NULL
 LIMIT 1', 0)
 2 SYSTEMPATH\Database\BaseConnection.php(722): CodeIgniter\Database\MySQLi\Connection->execute('SELECT *
FROM `users`
WHERE `email` = \'admin\'
AND `users`.`deleted_at` IS NULL
 LIMIT 1')
 3 SYSTEMPATH\Database\BaseConnection.php(636): CodeIgniter\Database\BaseConnection->simpleQuery('SELECT *
FROM `users`
WHERE `email` = \'admin\'
AND `users`.`deleted_at` IS NULL
 LIMIT 1')
 4 SYSTEMPATH\Database\BaseBuilder.php(1629): CodeIgniter\Database\BaseConnection->query('SELECT *
FROM `users`
WHERE `email` = :email:
AND `users`.`deleted_at` IS NULL
 LIMIT 1', [...], false)
 5 SYSTEMPATH\Model.php(319): CodeIgniter\Database\BaseBuilder->get()
 6 SYSTEMPATH\BaseModel.php(714): CodeIgniter\Model->doFirst()
 7 VENDORPATH\myth\auth\src\Authentication\LocalAuthenticator.php(140): CodeIgniter\BaseModel->first()
 8 VENDORPATH\myth\auth\src\Authentication\LocalAuthenticator.php(19): Myth\Auth\Authentication\LocalAuthenticator->validate([...], true)
 9 APPPATH\Controllers\AuthController.php(125): Myth\Auth\Authentication\LocalAuthenticator->attempt([...], false)
10 SYSTEMPATH\CodeIgniter.php(933): App\Controllers\AuthController->attemptLogin()
11 SYSTEMPATH\CodeIgniter.php(509): CodeIgniter\CodeIgniter->runController(Object(App\Controllers\AuthController))
12 SYSTEMPATH\CodeIgniter.php(355): CodeIgniter\CodeIgniter->handleRequest(null, Object(Config\Cache), false)
13 SYSTEMPATH\Boot.php(312): CodeIgniter\CodeIgniter->run()
14 SYSTEMPATH\Boot.php(67): CodeIgniter\Boot::runCodeIgniter(Object(CodeIgniter\CodeIgniter))
15 FCPATH\index.php(56): CodeIgniter\Boot::bootWeb(Object(Config\Paths))
16 SYSTEMPATH\Commands\Server\rewrite.php(49): require_once('C:\\xampp\\htdocs\\ci4-g4a\\public\\index.php')
ERROR - 2024-05-04 14:35:12 --> mysqli_sql_exception: Table 'games4all.users' doesn't exist in C:\xampp\htdocs\ci4-g4a\system\Database\MySQLi\Connection.php:308
Stack trace:
#0 C:\xampp\htdocs\ci4-g4a\system\Database\MySQLi\Connection.php(308): mysqli->query('SELECT *\nFROM `...', 0)
#1 C:\xampp\htdocs\ci4-g4a\system\Database\BaseConnection.php(722): CodeIgniter\Database\MySQLi\Connection->execute('SELECT *\nFROM `...')
#2 C:\xampp\htdocs\ci4-g4a\system\Database\BaseConnection.php(636): CodeIgniter\Database\BaseConnection->simpleQuery('SELECT *\nFROM `...')
#3 C:\xampp\htdocs\ci4-g4a\system\Database\BaseBuilder.php(1629): CodeIgniter\Database\BaseConnection->query('SELECT *\nFROM `...', Array, false)
#4 C:\xampp\htdocs\ci4-g4a\system\Model.php(319): CodeIgniter\Database\BaseBuilder->get()
#5 C:\xampp\htdocs\ci4-g4a\system\BaseModel.php(714): CodeIgniter\Model->doFirst()
#6 C:\xampp\htdocs\ci4-g4a\vendor\myth\auth\src\Authentication\LocalAuthenticator.php(140): CodeIgniter\BaseModel->first()
#7 C:\xampp\htdocs\ci4-g4a\vendor\myth\auth\src\Authentication\LocalAuthenticator.php(19): Myth\Auth\Authentication\LocalAuthenticator->validate(Array, true)
#8 C:\xampp\htdocs\ci4-g4a\app\Controllers\AuthController.php(125): Myth\Auth\Authentication\LocalAuthenticator->attempt(Array, false)
#9 C:\xampp\htdocs\ci4-g4a\system\CodeIgniter.php(933): App\Controllers\AuthController->attemptLogin()
#10 C:\xampp\htdocs\ci4-g4a\system\CodeIgniter.php(509): CodeIgniter\CodeIgniter->runController(Object(App\Controllers\AuthController))
#11 C:\xampp\htdocs\ci4-g4a\system\CodeIgniter.php(355): CodeIgniter\CodeIgniter->handleRequest(NULL, Object(Config\Cache), false)
#12 C:\xampp\htdocs\ci4-g4a\system\Boot.php(312): CodeIgniter\CodeIgniter->run()
#13 C:\xampp\htdocs\ci4-g4a\system\Boot.php(67): CodeIgniter\Boot::runCodeIgniter(Object(CodeIgniter\CodeIgniter))
#14 C:\xampp\htdocs\ci4-g4a\public\index.php(56): CodeIgniter\Boot::bootWeb(Object(Config\Paths))
#15 C:\xampp\htdocs\ci4-g4a\system\Commands\Server\rewrite.php(49): require_once('C:\\xampp\\htdocs...')
#16 {main}
CRITICAL - 2024-05-04 14:35:12 --> CodeIgniter\Database\Exceptions\DatabaseException: Table 'games4all.users' doesn't exist
[Method: POST, Route: login]
in SYSTEMPATH\Database\BaseConnection.php on line 676.
 1 SYSTEMPATH\Database\BaseBuilder.php(1629): CodeIgniter\Database\BaseConnection->query('SELECT *
FROM `users`
WHERE `email` = :email:
AND `users`.`deleted_at` IS NULL
 LIMIT 1', [...], false)
 2 SYSTEMPATH\Model.php(319): CodeIgniter\Database\BaseBuilder->get()
 3 SYSTEMPATH\BaseModel.php(714): CodeIgniter\Model->doFirst()
 4 VENDORPATH\myth\auth\src\Authentication\LocalAuthenticator.php(140): CodeIgniter\BaseModel->first()
 5 VENDORPATH\myth\auth\src\Authentication\LocalAuthenticator.php(19): Myth\Auth\Authentication\LocalAuthenticator->validate([...], true)
 6 APPPATH\Controllers\AuthController.php(125): Myth\Auth\Authentication\LocalAuthenticator->attempt([...], false)
 7 SYSTEMPATH\CodeIgniter.php(933): App\Controllers\AuthController->attemptLogin()
 8 SYSTEMPATH\CodeIgniter.php(509): CodeIgniter\CodeIgniter->runController(Object(App\Controllers\AuthController))
 9 SYSTEMPATH\CodeIgniter.php(355): CodeIgniter\CodeIgniter->handleRequest(null, Object(Config\Cache), false)
10 SYSTEMPATH\Boot.php(312): CodeIgniter\CodeIgniter->run()
11 SYSTEMPATH\Boot.php(67): CodeIgniter\Boot::runCodeIgniter(Object(CodeIgniter\CodeIgniter))
12 FCPATH\index.php(56): CodeIgniter\Boot::bootWeb(Object(Config\Paths))
13 SYSTEMPATH\Commands\Server\rewrite.php(49): require_once('C:\\xampp\\htdocs\\ci4-g4a\\public\\index.php')
CRITICAL - 2024-05-04 14:35:12 --> [Caused by] CodeIgniter\Database\Exceptions\DatabaseException: Table 'games4all.users' doesn't exist
in SYSTEMPATH\Database\MySQLi\Connection.php on line 313.
 1 SYSTEMPATH\Database\BaseConnection.php(722): CodeIgniter\Database\MySQLi\Connection->execute('SELECT *
FROM `users`
WHERE `email` = \'admin\'
AND `users`.`deleted_at` IS NULL
 LIMIT 1')
 2 SYSTEMPATH\Database\BaseConnection.php(636): CodeIgniter\Database\BaseConnection->simpleQuery('SELECT *
FROM `users`
WHERE `email` = \'admin\'
AND `users`.`deleted_at` IS NULL
 LIMIT 1')
 3 SYSTEMPATH\Database\BaseBuilder.php(1629): CodeIgniter\Database\BaseConnection->query('SELECT *
FROM `users`
WHERE `email` = :email:
AND `users`.`deleted_at` IS NULL
 LIMIT 1', [...], false)
 4 SYSTEMPATH\Model.php(319): CodeIgniter\Database\BaseBuilder->get()
 5 SYSTEMPATH\BaseModel.php(714): CodeIgniter\Model->doFirst()
 6 VENDORPATH\myth\auth\src\Authentication\LocalAuthenticator.php(140): CodeIgniter\BaseModel->first()
 7 VENDORPATH\myth\auth\src\Authentication\LocalAuthenticator.php(19): Myth\Auth\Authentication\LocalAuthenticator->validate([...], true)
 8 APPPATH\Controllers\AuthController.php(125): Myth\Auth\Authentication\LocalAuthenticator->attempt([...], false)
 9 SYSTEMPATH\CodeIgniter.php(933): App\Controllers\AuthController->attemptLogin()
10 SYSTEMPATH\CodeIgniter.php(509): CodeIgniter\CodeIgniter->runController(Object(App\Controllers\AuthController))
11 SYSTEMPATH\CodeIgniter.php(355): CodeIgniter\CodeIgniter->handleRequest(null, Object(Config\Cache), false)
12 SYSTEMPATH\Boot.php(312): CodeIgniter\CodeIgniter->run()
13 SYSTEMPATH\Boot.php(67): CodeIgniter\Boot::runCodeIgniter(Object(CodeIgniter\CodeIgniter))
14 FCPATH\index.php(56): CodeIgniter\Boot::bootWeb(Object(Config\Paths))
15 SYSTEMPATH\Commands\Server\rewrite.php(49): require_once('C:\\xampp\\htdocs\\ci4-g4a\\public\\index.php')
CRITICAL - 2024-05-04 14:35:12 --> [Caused by] mysqli_sql_exception: Table 'games4all.users' doesn't exist
in SYSTEMPATH\Database\MySQLi\Connection.php on line 308.
 1 SYSTEMPATH\Database\MySQLi\Connection.php(308): mysqli->query('SELECT *
FROM `users`
WHERE `email` = \'admin\'
AND `users`.`deleted_at` IS NULL
 LIMIT 1', 0)
 2 SYSTEMPATH\Database\BaseConnection.php(722): CodeIgniter\Database\MySQLi\Connection->execute('SELECT *
FROM `users`
WHERE `email` = \'admin\'
AND `users`.`deleted_at` IS NULL
 LIMIT 1')
 3 SYSTEMPATH\Database\BaseConnection.php(636): CodeIgniter\Database\BaseConnection->simpleQuery('SELECT *
FROM `users`
WHERE `email` = \'admin\'
AND `users`.`deleted_at` IS NULL
 LIMIT 1')
 4 SYSTEMPATH\Database\BaseBuilder.php(1629): CodeIgniter\Database\BaseConnection->query('SELECT *
FROM `users`
WHERE `email` = :email:
AND `users`.`deleted_at` IS NULL
 LIMIT 1', [...], false)
 5 SYSTEMPATH\Model.php(319): CodeIgniter\Database\BaseBuilder->get()
 6 SYSTEMPATH\BaseModel.php(714): CodeIgniter\Model->doFirst()
 7 VENDORPATH\myth\auth\src\Authentication\LocalAuthenticator.php(140): CodeIgniter\BaseModel->first()
 8 VENDORPATH\myth\auth\src\Authentication\LocalAuthenticator.php(19): Myth\Auth\Authentication\LocalAuthenticator->validate([...], true)
 9 APPPATH\Controllers\AuthController.php(125): Myth\Auth\Authentication\LocalAuthenticator->attempt([...], false)
10 SYSTEMPATH\CodeIgniter.php(933): App\Controllers\AuthController->attemptLogin()
11 SYSTEMPATH\CodeIgniter.php(509): CodeIgniter\CodeIgniter->runController(Object(App\Controllers\AuthController))
12 SYSTEMPATH\CodeIgniter.php(355): CodeIgniter\CodeIgniter->handleRequest(null, Object(Config\Cache), false)
13 SYSTEMPATH\Boot.php(312): CodeIgniter\CodeIgniter->run()
14 SYSTEMPATH\Boot.php(67): CodeIgniter\Boot::runCodeIgniter(Object(CodeIgniter\CodeIgniter))
15 FCPATH\index.php(56): CodeIgniter\Boot::bootWeb(Object(Config\Paths))
16 SYSTEMPATH\Commands\Server\rewrite.php(49): require_once('C:\\xampp\\htdocs\\ci4-g4a\\public\\index.php')
CRITICAL - 2024-05-04 14:42:16 --> ErrorException: Cannot declare class Config\Auth, because the name is already in use
[Method: POST, Route: login]
in APPPATH\Config\Auth.php on line 7.
 1 [internal function]: CodeIgniter\Debug\Exceptions->shutdownHandler()
CRITICAL - 2024-05-04 14:50:15 --> ParseError: syntax error, unexpected token "public", expecting "," or ";"
[Method: POST, Route: login]
in APPPATH\Config\Auth.php on line 16.
 1 SYSTEMPATH\Autoloader\Autoloader.php(296): CodeIgniter\Autoloader\Autoloader->includeFile('C:\\xampp\\htdocs\\ci4-g4a\\app\\Config\\Auth.php')
 2 SYSTEMPATH\Autoloader\Autoloader.php(272): CodeIgniter\Autoloader\Autoloader->loadInNamespace('Config\\Auth')
 3 [internal function]: CodeIgniter\Autoloader\Autoloader->loadClass('Config\\Auth')
 4 SYSTEMPATH\Config\Factories.php(290): class_exists('Config\\Auth')
 5 SYSTEMPATH\Config\Factories.php(216): CodeIgniter\Config\Factories::locateClass([...], 'Auth')
 6 SYSTEMPATH\Config\Factories.php(159): CodeIgniter\Config\Factories::getDefinedInstance([...], 'Auth', [])
 7 SYSTEMPATH\Config\Factories.php(188): CodeIgniter\Config\Factories::__callStatic('config', [])
 8 SYSTEMPATH\Common.php(207): CodeIgniter\Config\Factories::get('config', 'Auth')
 9 APPPATH\Controllers\AuthController.php(31): config('Auth')
10 SYSTEMPATH\CodeIgniter.php(903): App\Controllers\AuthController->__construct()
11 SYSTEMPATH\CodeIgniter.php(500): CodeIgniter\CodeIgniter->createController()
12 SYSTEMPATH\CodeIgniter.php(355): CodeIgniter\CodeIgniter->handleRequest(null, Object(Config\Cache), false)
13 SYSTEMPATH\Boot.php(312): CodeIgniter\CodeIgniter->run()
14 SYSTEMPATH\Boot.php(67): CodeIgniter\Boot::runCodeIgniter(Object(CodeIgniter\CodeIgniter))
15 FCPATH\index.php(56): CodeIgniter\Boot::bootWeb(Object(Config\Paths))
16 SYSTEMPATH\Commands\Server\rewrite.php(49): require_once('C:\\xampp\\htdocs\\ci4-g4a\\public\\index.php')
CRITICAL - 2024-05-04 14:50:43 --> ParseError: syntax error, unexpected token "public", expecting "," or ";"
[Method: POST, Route: login]
in APPPATH\Config\Auth.php on line 16.
 1 SYSTEMPATH\Autoloader\Autoloader.php(296): CodeIgniter\Autoloader\Autoloader->includeFile('C:\\xampp\\htdocs\\ci4-g4a\\app\\Config\\Auth.php')
 2 SYSTEMPATH\Autoloader\Autoloader.php(272): CodeIgniter\Autoloader\Autoloader->loadInNamespace('Config\\Auth')
 3 [internal function]: CodeIgniter\Autoloader\Autoloader->loadClass('Config\\Auth')
 4 SYSTEMPATH\Config\Factories.php(290): class_exists('Config\\Auth')
 5 SYSTEMPATH\Config\Factories.php(216): CodeIgniter\Config\Factories::locateClass([...], 'Auth')
 6 SYSTEMPATH\Config\Factories.php(159): CodeIgniter\Config\Factories::getDefinedInstance([...], 'Auth', [])
 7 SYSTEMPATH\Config\Factories.php(188): CodeIgniter\Config\Factories::__callStatic('config', [])
 8 SYSTEMPATH\Common.php(207): CodeIgniter\Config\Factories::get('config', 'Auth')
 9 APPPATH\Controllers\AuthController.php(31): config('Auth')
10 SYSTEMPATH\CodeIgniter.php(903): App\Controllers\AuthController->__construct()
11 SYSTEMPATH\CodeIgniter.php(500): CodeIgniter\CodeIgniter->createController()
12 SYSTEMPATH\CodeIgniter.php(355): CodeIgniter\CodeIgniter->handleRequest(null, Object(Config\Cache), false)
13 SYSTEMPATH\Boot.php(312): CodeIgniter\CodeIgniter->run()
14 SYSTEMPATH\Boot.php(67): CodeIgniter\Boot::runCodeIgniter(Object(CodeIgniter\CodeIgniter))
15 FCPATH\index.php(56): CodeIgniter\Boot::bootWeb(Object(Config\Paths))
16 SYSTEMPATH\Commands\Server\rewrite.php(49): require_once('C:\\xampp\\htdocs\\ci4-g4a\\public\\index.php')
CRITICAL - 2024-05-04 14:51:00 --> ParseError: syntax error, unexpected token "public", expecting "," or ";"
[Method: POST, Route: login]
in APPPATH\Config\Auth.php on line 16.
 1 SYSTEMPATH\Autoloader\Autoloader.php(296): CodeIgniter\Autoloader\Autoloader->includeFile('C:\\xampp\\htdocs\\ci4-g4a\\app\\Config\\Auth.php')
 2 SYSTEMPATH\Autoloader\Autoloader.php(272): CodeIgniter\Autoloader\Autoloader->loadInNamespace('Config\\Auth')
 3 [internal function]: CodeIgniter\Autoloader\Autoloader->loadClass('Config\\Auth')
 4 SYSTEMPATH\Config\Factories.php(290): class_exists('Config\\Auth')
 5 SYSTEMPATH\Config\Factories.php(216): CodeIgniter\Config\Factories::locateClass([...], 'Auth')
 6 SYSTEMPATH\Config\Factories.php(159): CodeIgniter\Config\Factories::getDefinedInstance([...], 'Auth', [])
 7 SYSTEMPATH\Config\Factories.php(188): CodeIgniter\Config\Factories::__callStatic('config', [])
 8 SYSTEMPATH\Common.php(207): CodeIgniter\Config\Factories::get('config', 'Auth')
 9 APPPATH\Controllers\AuthController.php(31): config('Auth')
10 SYSTEMPATH\CodeIgniter.php(903): App\Controllers\AuthController->__construct()
11 SYSTEMPATH\CodeIgniter.php(500): CodeIgniter\CodeIgniter->createController()
12 SYSTEMPATH\CodeIgniter.php(355): CodeIgniter\CodeIgniter->handleRequest(null, Object(Config\Cache), false)
13 SYSTEMPATH\Boot.php(312): CodeIgniter\CodeIgniter->run()
14 SYSTEMPATH\Boot.php(67): CodeIgniter\Boot::runCodeIgniter(Object(CodeIgniter\CodeIgniter))
15 FCPATH\index.php(56): CodeIgniter\Boot::bootWeb(Object(Config\Paths))
16 SYSTEMPATH\Commands\Server\rewrite.php(49): require_once('C:\\xampp\\htdocs\\ci4-g4a\\public\\index.php')
CRITICAL - 2024-05-04 14:51:27 --> Error: Class "Myth\Auth\Config\AuthConfig" not found
[Method: POST, Route: login]
in APPPATH\Config\Auth.php on line 7.
 1 SYSTEMPATH\Autoloader\Autoloader.php(317): include_once()
 2 SYSTEMPATH\Autoloader\Autoloader.php(296): CodeIgniter\Autoloader\Autoloader->includeFile('C:\\xampp\\htdocs\\ci4-g4a\\app\\Config\\Auth.php')
 3 SYSTEMPATH\Autoloader\Autoloader.php(272): CodeIgniter\Autoloader\Autoloader->loadInNamespace('Config\\Auth')
 4 [internal function]: CodeIgniter\Autoloader\Autoloader->loadClass('Config\\Auth')
 5 SYSTEMPATH\Config\Factories.php(290): class_exists('Config\\Auth')
 6 SYSTEMPATH\Config\Factories.php(216): CodeIgniter\Config\Factories::locateClass([...], 'Auth')
 7 SYSTEMPATH\Config\Factories.php(159): CodeIgniter\Config\Factories::getDefinedInstance([...], 'Auth', [])
 8 SYSTEMPATH\Config\Factories.php(188): CodeIgniter\Config\Factories::__callStatic('config', [])
 9 SYSTEMPATH\Common.php(207): CodeIgniter\Config\Factories::get('config', 'Auth')
10 APPPATH\Controllers\AuthController.php(31): config('Auth')
11 SYSTEMPATH\CodeIgniter.php(903): App\Controllers\AuthController->__construct()
12 SYSTEMPATH\CodeIgniter.php(500): CodeIgniter\CodeIgniter->createController()
13 SYSTEMPATH\CodeIgniter.php(355): CodeIgniter\CodeIgniter->handleRequest(null, Object(Config\Cache), false)
14 SYSTEMPATH\Boot.php(312): CodeIgniter\CodeIgniter->run()
15 SYSTEMPATH\Boot.php(67): CodeIgniter\Boot::runCodeIgniter(Object(CodeIgniter\CodeIgniter))
16 FCPATH\index.php(56): CodeIgniter\Boot::bootWeb(Object(Config\Paths))
17 SYSTEMPATH\Commands\Server\rewrite.php(49): require_once('C:\\xampp\\htdocs\\ci4-g4a\\public\\index.php')
CRITICAL - 2024-05-04 14:55:44 --> Error: Class "Myth\Auth\Config\AuthConfig" not found
[Method: POST, Route: login]
in APPPATH\Config\Auth.php on line 7.
 1 SYSTEMPATH\Autoloader\Autoloader.php(317): include_once()
 2 SYSTEMPATH\Autoloader\Autoloader.php(296): CodeIgniter\Autoloader\Autoloader->includeFile('C:\\xampp\\htdocs\\ci4-g4a\\app\\Config\\Auth.php')
 3 SYSTEMPATH\Autoloader\Autoloader.php(272): CodeIgniter\Autoloader\Autoloader->loadInNamespace('Config\\Auth')
 4 [internal function]: CodeIgniter\Autoloader\Autoloader->loadClass('Config\\Auth')
 5 SYSTEMPATH\Config\Factories.php(290): class_exists('Config\\Auth')
 6 SYSTEMPATH\Config\Factories.php(216): CodeIgniter\Config\Factories::locateClass([...], 'Auth')
 7 SYSTEMPATH\Config\Factories.php(159): CodeIgniter\Config\Factories::getDefinedInstance([...], 'Auth', [])
 8 SYSTEMPATH\Config\Factories.php(188): CodeIgniter\Config\Factories::__callStatic('config', [])
 9 SYSTEMPATH\Common.php(207): CodeIgniter\Config\Factories::get('config', 'Auth')
10 APPPATH\Controllers\AuthController.php(31): config('Auth')
11 SYSTEMPATH\CodeIgniter.php(903): App\Controllers\AuthController->__construct()
12 SYSTEMPATH\CodeIgniter.php(500): CodeIgniter\CodeIgniter->createController()
13 SYSTEMPATH\CodeIgniter.php(355): CodeIgniter\CodeIgniter->handleRequest(null, Object(Config\Cache), false)
14 SYSTEMPATH\Boot.php(312): CodeIgniter\CodeIgniter->run()
15 SYSTEMPATH\Boot.php(67): CodeIgniter\Boot::runCodeIgniter(Object(CodeIgniter\CodeIgniter))
16 FCPATH\index.php(56): CodeIgniter\Boot::bootWeb(Object(Config\Paths))
17 SYSTEMPATH\Commands\Server\rewrite.php(49): require_once('C:\\xampp\\htdocs\\ci4-g4a\\public\\index.php')
CRITICAL - 2024-05-04 15:09:30 --> Error: Class "Myth\Auth\Config\AuthConfig" not found
[Method: POST, Route: login]
in APPPATH\Config\Auth.php on line 7.
 1 SYSTEMPATH\Autoloader\Autoloader.php(317): include_once()
 2 SYSTEMPATH\Autoloader\Autoloader.php(296): CodeIgniter\Autoloader\Autoloader->includeFile('C:\\xampp\\htdocs\\ci4-g4a\\app\\Config\\Auth.php')
 3 SYSTEMPATH\Autoloader\Autoloader.php(272): CodeIgniter\Autoloader\Autoloader->loadInNamespace('Config\\Auth')
 4 [internal function]: CodeIgniter\Autoloader\Autoloader->loadClass('Config\\Auth')
 5 SYSTEMPATH\Config\Factories.php(290): class_exists('Config\\Auth')
 6 SYSTEMPATH\Config\Factories.php(216): CodeIgniter\Config\Factories::locateClass([...], 'Auth')
 7 SYSTEMPATH\Config\Factories.php(159): CodeIgniter\Config\Factories::getDefinedInstance([...], 'Auth', [])
 8 SYSTEMPATH\Config\Factories.php(188): CodeIgniter\Config\Factories::__callStatic('config', [])
 9 SYSTEMPATH\Common.php(207): CodeIgniter\Config\Factories::get('config', 'Auth')
10 APPPATH\Controllers\AuthController.php(31): config('Auth')
11 SYSTEMPATH\CodeIgniter.php(903): App\Controllers\AuthController->__construct()
12 SYSTEMPATH\CodeIgniter.php(500): CodeIgniter\CodeIgniter->createController()
13 SYSTEMPATH\CodeIgniter.php(355): CodeIgniter\CodeIgniter->handleRequest(null, Object(Config\Cache), false)
14 SYSTEMPATH\Boot.php(312): CodeIgniter\CodeIgniter->run()
15 SYSTEMPATH\Boot.php(67): CodeIgniter\Boot::runCodeIgniter(Object(CodeIgniter\CodeIgniter))
16 FCPATH\index.php(56): CodeIgniter\Boot::bootWeb(Object(Config\Paths))
17 SYSTEMPATH\Commands\Server\rewrite.php(49): require_once('C:\\xampp\\htdocs\\ci4-g4a\\public\\index.php')
CRITICAL - 2024-05-04 15:09:38 --> Error: Class "Myth\Auth\Config\AuthConfig" not found
[Method: POST, Route: login]
in APPPATH\Config\Auth.php on line 7.
 1 SYSTEMPATH\Autoloader\Autoloader.php(317): include_once()
 2 SYSTEMPATH\Autoloader\Autoloader.php(296): CodeIgniter\Autoloader\Autoloader->includeFile('C:\\xampp\\htdocs\\ci4-g4a\\app\\Config\\Auth.php')
 3 SYSTEMPATH\Autoloader\Autoloader.php(272): CodeIgniter\Autoloader\Autoloader->loadInNamespace('Config\\Auth')
 4 [internal function]: CodeIgniter\Autoloader\Autoloader->loadClass('Config\\Auth')
 5 SYSTEMPATH\Config\Factories.php(290): class_exists('Config\\Auth')
 6 SYSTEMPATH\Config\Factories.php(216): CodeIgniter\Config\Factories::locateClass([...], 'Auth')
 7 SYSTEMPATH\Config\Factories.php(159): CodeIgniter\Config\Factories::getDefinedInstance([...], 'Auth', [])
 8 SYSTEMPATH\Config\Factories.php(188): CodeIgniter\Config\Factories::__callStatic('config', [])
 9 SYSTEMPATH\Common.php(207): CodeIgniter\Config\Factories::get('config', 'Auth')
10 APPPATH\Controllers\AuthController.php(31): config('Auth')
11 SYSTEMPATH\CodeIgniter.php(903): App\Controllers\AuthController->__construct()
12 SYSTEMPATH\CodeIgniter.php(500): CodeIgniter\CodeIgniter->createController()
13 SYSTEMPATH\CodeIgniter.php(355): CodeIgniter\CodeIgniter->handleRequest(null, Object(Config\Cache), false)
14 SYSTEMPATH\Boot.php(312): CodeIgniter\CodeIgniter->run()
15 SYSTEMPATH\Boot.php(67): CodeIgniter\Boot::runCodeIgniter(Object(CodeIgniter\CodeIgniter))
16 FCPATH\index.php(56): CodeIgniter\Boot::bootWeb(Object(Config\Paths))
17 SYSTEMPATH\Commands\Server\rewrite.php(49): require_once('C:\\xampp\\htdocs\\ci4-g4a\\public\\index.php')
CRITICAL - 2024-05-04 15:09:52 --> Error: Class "Myth\Auth\Config\AuthConfig" not found
[Method: POST, Route: register]
in APPPATH\Config\Auth.php on line 7.
 1 SYSTEMPATH\Autoloader\Autoloader.php(317): include_once()
 2 SYSTEMPATH\Autoloader\Autoloader.php(296): CodeIgniter\Autoloader\Autoloader->includeFile('C:\\xampp\\htdocs\\ci4-g4a\\app\\Config\\Auth.php')
 3 SYSTEMPATH\Autoloader\Autoloader.php(272): CodeIgniter\Autoloader\Autoloader->loadInNamespace('Config\\Auth')
 4 [internal function]: CodeIgniter\Autoloader\Autoloader->loadClass('Config\\Auth')
 5 SYSTEMPATH\Config\Factories.php(290): class_exists('Config\\Auth')
 6 SYSTEMPATH\Config\Factories.php(216): CodeIgniter\Config\Factories::locateClass([...], 'Auth')
 7 SYSTEMPATH\Config\Factories.php(159): CodeIgniter\Config\Factories::getDefinedInstance([...], 'Auth', [])
 8 SYSTEMPATH\Config\Factories.php(188): CodeIgniter\Config\Factories::__callStatic('config', [])
 9 SYSTEMPATH\Common.php(207): CodeIgniter\Config\Factories::get('config', 'Auth')
10 APPPATH\Controllers\AuthController.php(31): config('Auth')
11 SYSTEMPATH\CodeIgniter.php(903): App\Controllers\AuthController->__construct()
12 SYSTEMPATH\CodeIgniter.php(500): CodeIgniter\CodeIgniter->createController()
13 SYSTEMPATH\CodeIgniter.php(355): CodeIgniter\CodeIgniter->handleRequest(null, Object(Config\Cache), false)
14 SYSTEMPATH\Boot.php(312): CodeIgniter\CodeIgniter->run()
15 SYSTEMPATH\Boot.php(67): CodeIgniter\Boot::runCodeIgniter(Object(CodeIgniter\CodeIgniter))
16 FCPATH\index.php(56): CodeIgniter\Boot::bootWeb(Object(Config\Paths))
17 SYSTEMPATH\Commands\Server\rewrite.php(49): require_once('C:\\xampp\\htdocs\\ci4-g4a\\public\\index.php')
CRITICAL - 2024-05-04 15:10:54 --> Error: Class "Myth\Auth\Config\AuthConfig" not found
[Method: POST, Route: register]
in APPPATH\Config\Auth.php on line 7.
 1 SYSTEMPATH\Autoloader\Autoloader.php(317): include_once()
 2 SYSTEMPATH\Autoloader\Autoloader.php(296): CodeIgniter\Autoloader\Autoloader->includeFile('C:\\xampp\\htdocs\\ci4-g4a\\app\\Config\\Auth.php')
 3 SYSTEMPATH\Autoloader\Autoloader.php(272): CodeIgniter\Autoloader\Autoloader->loadInNamespace('Config\\Auth')
 4 [internal function]: CodeIgniter\Autoloader\Autoloader->loadClass('Config\\Auth')
 5 SYSTEMPATH\Config\Factories.php(290): class_exists('Config\\Auth')
 6 SYSTEMPATH\Config\Factories.php(216): CodeIgniter\Config\Factories::locateClass([...], 'Auth')
 7 SYSTEMPATH\Config\Factories.php(159): CodeIgniter\Config\Factories::getDefinedInstance([...], 'Auth', [])
 8 SYSTEMPATH\Config\Factories.php(188): CodeIgniter\Config\Factories::__callStatic('config', [])
 9 SYSTEMPATH\Common.php(207): CodeIgniter\Config\Factories::get('config', 'Auth')
10 APPPATH\Controllers\AuthController.php(31): config('Auth')
11 SYSTEMPATH\CodeIgniter.php(903): App\Controllers\AuthController->__construct()
12 SYSTEMPATH\CodeIgniter.php(500): CodeIgniter\CodeIgniter->createController()
13 SYSTEMPATH\CodeIgniter.php(355): CodeIgniter\CodeIgniter->handleRequest(null, Object(Config\Cache), false)
14 SYSTEMPATH\Boot.php(312): CodeIgniter\CodeIgniter->run()
15 SYSTEMPATH\Boot.php(67): CodeIgniter\Boot::runCodeIgniter(Object(CodeIgniter\CodeIgniter))
16 FCPATH\index.php(56): CodeIgniter\Boot::bootWeb(Object(Config\Paths))
17 SYSTEMPATH\Commands\Server\rewrite.php(49): require_once('C:\\xampp\\htdocs\\ci4-g4a\\public\\index.php')
CRITICAL - 2024-05-04 15:10:57 --> Error: Class "Myth\Auth\Config\AuthConfig" not found
[Method: POST, Route: login]
in APPPATH\Config\Auth.php on line 7.
 1 SYSTEMPATH\Autoloader\Autoloader.php(317): include_once()
 2 SYSTEMPATH\Autoloader\Autoloader.php(296): CodeIgniter\Autoloader\Autoloader->includeFile('C:\\xampp\\htdocs\\ci4-g4a\\app\\Config\\Auth.php')
 3 SYSTEMPATH\Autoloader\Autoloader.php(272): CodeIgniter\Autoloader\Autoloader->loadInNamespace('Config\\Auth')
 4 [internal function]: CodeIgniter\Autoloader\Autoloader->loadClass('Config\\Auth')
 5 SYSTEMPATH\Config\Factories.php(290): class_exists('Config\\Auth')
 6 SYSTEMPATH\Config\Factories.php(216): CodeIgniter\Config\Factories::locateClass([...], 'Auth')
 7 SYSTEMPATH\Config\Factories.php(159): CodeIgniter\Config\Factories::getDefinedInstance([...], 'Auth', [])
 8 SYSTEMPATH\Config\Factories.php(188): CodeIgniter\Config\Factories::__callStatic('config', [])
 9 SYSTEMPATH\Common.php(207): CodeIgniter\Config\Factories::get('config', 'Auth')
10 APPPATH\Controllers\AuthController.php(31): config('Auth')
11 SYSTEMPATH\CodeIgniter.php(903): App\Controllers\AuthController->__construct()
12 SYSTEMPATH\CodeIgniter.php(500): CodeIgniter\CodeIgniter->createController()
13 SYSTEMPATH\CodeIgniter.php(355): CodeIgniter\CodeIgniter->handleRequest(null, Object(Config\Cache), false)
14 SYSTEMPATH\Boot.php(312): CodeIgniter\CodeIgniter->run()
15 SYSTEMPATH\Boot.php(67): CodeIgniter\Boot::runCodeIgniter(Object(CodeIgniter\CodeIgniter))
16 FCPATH\index.php(56): CodeIgniter\Boot::bootWeb(Object(Config\Paths))
17 SYSTEMPATH\Commands\Server\rewrite.php(49): require_once('C:\\xampp\\htdocs\\ci4-g4a\\public\\index.php')
ERROR - 2024-05-04 15:12:57 --> mysqli_sql_exception: Table 'games4all.users' doesn't exist in C:\xampp\htdocs\ci4-g4a\system\Database\MySQLi\Connection.php:308
Stack trace:
#0 C:\xampp\htdocs\ci4-g4a\system\Database\MySQLi\Connection.php(308): mysqli->query('SELECT *\nFROM `...', 0)
#1 C:\xampp\htdocs\ci4-g4a\system\Database\BaseConnection.php(722): CodeIgniter\Database\MySQLi\Connection->execute('SELECT *\nFROM `...')
#2 C:\xampp\htdocs\ci4-g4a\system\Database\BaseConnection.php(636): CodeIgniter\Database\BaseConnection->simpleQuery('SELECT *\nFROM `...')
#3 C:\xampp\htdocs\ci4-g4a\system\Database\BaseBuilder.php(1629): CodeIgniter\Database\BaseConnection->query('SELECT *\nFROM `...', Array, false)
#4 C:\xampp\htdocs\ci4-g4a\system\Model.php(319): CodeIgniter\Database\BaseBuilder->get()
#5 C:\xampp\htdocs\ci4-g4a\system\BaseModel.php(714): CodeIgniter\Model->doFirst()
#6 C:\xampp\htdocs\ci4-g4a\vendor\myth\auth\src\Authentication\LocalAuthenticator.php(140): CodeIgniter\BaseModel->first()
#7 C:\xampp\htdocs\ci4-g4a\vendor\myth\auth\src\Authentication\LocalAuthenticator.php(19): Myth\Auth\Authentication\LocalAuthenticator->validate(Array, true)
#8 C:\xampp\htdocs\ci4-g4a\app\Controllers\AuthController.php(125): Myth\Auth\Authentication\LocalAuthenticator->attempt(Array, false)
#9 C:\xampp\htdocs\ci4-g4a\system\CodeIgniter.php(933): App\Controllers\AuthController->attemptLogin()
#10 C:\xampp\htdocs\ci4-g4a\system\CodeIgniter.php(509): CodeIgniter\CodeIgniter->runController(Object(App\Controllers\AuthController))
#11 C:\xampp\htdocs\ci4-g4a\system\CodeIgniter.php(355): CodeIgniter\CodeIgniter->handleRequest(NULL, Object(Config\Cache), false)
#12 C:\xampp\htdocs\ci4-g4a\system\Boot.php(312): CodeIgniter\CodeIgniter->run()
#13 C:\xampp\htdocs\ci4-g4a\system\Boot.php(67): CodeIgniter\Boot::runCodeIgniter(Object(CodeIgniter\CodeIgniter))
#14 C:\xampp\htdocs\ci4-g4a\public\index.php(56): CodeIgniter\Boot::bootWeb(Object(Config\Paths))
#15 C:\xampp\htdocs\ci4-g4a\system\Commands\Server\rewrite.php(49): require_once('C:\\xampp\\htdocs...')
#16 {main}
CRITICAL - 2024-05-04 15:12:57 --> CodeIgniter\Database\Exceptions\DatabaseException: Table 'games4all.users' doesn't exist
[Method: POST, Route: login]
in SYSTEMPATH\Database\BaseConnection.php on line 676.
 1 SYSTEMPATH\Database\BaseBuilder.php(1629): CodeIgniter\Database\BaseConnection->query('SELECT *
FROM `users`
WHERE `email` = :email:
AND `users`.`deleted_at` IS NULL
 LIMIT 1', [...], false)
 2 SYSTEMPATH\Model.php(319): CodeIgniter\Database\BaseBuilder->get()
 3 SYSTEMPATH\BaseModel.php(714): CodeIgniter\Model->doFirst()
 4 VENDORPATH\myth\auth\src\Authentication\LocalAuthenticator.php(140): CodeIgniter\BaseModel->first()
 5 VENDORPATH\myth\auth\src\Authentication\LocalAuthenticator.php(19): Myth\Auth\Authentication\LocalAuthenticator->validate([...], true)
 6 APPPATH\Controllers\AuthController.php(125): Myth\Auth\Authentication\LocalAuthenticator->attempt([...], false)
 7 SYSTEMPATH\CodeIgniter.php(933): App\Controllers\AuthController->attemptLogin()
 8 SYSTEMPATH\CodeIgniter.php(509): CodeIgniter\CodeIgniter->runController(Object(App\Controllers\AuthController))
 9 SYSTEMPATH\CodeIgniter.php(355): CodeIgniter\CodeIgniter->handleRequest(null, Object(Config\Cache), false)
10 SYSTEMPATH\Boot.php(312): CodeIgniter\CodeIgniter->run()
11 SYSTEMPATH\Boot.php(67): CodeIgniter\Boot::runCodeIgniter(Object(CodeIgniter\CodeIgniter))
12 FCPATH\index.php(56): CodeIgniter\Boot::bootWeb(Object(Config\Paths))
13 SYSTEMPATH\Commands\Server\rewrite.php(49): require_once('C:\\xampp\\htdocs\\ci4-g4a\\public\\index.php')
CRITICAL - 2024-05-04 15:12:57 --> [Caused by] CodeIgniter\Database\Exceptions\DatabaseException: Table 'games4all.users' doesn't exist
in SYSTEMPATH\Database\MySQLi\Connection.php on line 313.
 1 SYSTEMPATH\Database\BaseConnection.php(722): CodeIgniter\Database\MySQLi\Connection->execute('SELECT *
FROM `users`
WHERE `email` = \'admin\'
AND `users`.`deleted_at` IS NULL
 LIMIT 1')
 2 SYSTEMPATH\Database\BaseConnection.php(636): CodeIgniter\Database\BaseConnection->simpleQuery('SELECT *
FROM `users`
WHERE `email` = \'admin\'
AND `users`.`deleted_at` IS NULL
 LIMIT 1')
 3 SYSTEMPATH\Database\BaseBuilder.php(1629): CodeIgniter\Database\BaseConnection->query('SELECT *
FROM `users`
WHERE `email` = :email:
AND `users`.`deleted_at` IS NULL
 LIMIT 1', [...], false)
 4 SYSTEMPATH\Model.php(319): CodeIgniter\Database\BaseBuilder->get()
 5 SYSTEMPATH\BaseModel.php(714): CodeIgniter\Model->doFirst()
 6 VENDORPATH\myth\auth\src\Authentication\LocalAuthenticator.php(140): CodeIgniter\BaseModel->first()
 7 VENDORPATH\myth\auth\src\Authentication\LocalAuthenticator.php(19): Myth\Auth\Authentication\LocalAuthenticator->validate([...], true)
 8 APPPATH\Controllers\AuthController.php(125): Myth\Auth\Authentication\LocalAuthenticator->attempt([...], false)
 9 SYSTEMPATH\CodeIgniter.php(933): App\Controllers\AuthController->attemptLogin()
10 SYSTEMPATH\CodeIgniter.php(509): CodeIgniter\CodeIgniter->runController(Object(App\Controllers\AuthController))
11 SYSTEMPATH\CodeIgniter.php(355): CodeIgniter\CodeIgniter->handleRequest(null, Object(Config\Cache), false)
12 SYSTEMPATH\Boot.php(312): CodeIgniter\CodeIgniter->run()
13 SYSTEMPATH\Boot.php(67): CodeIgniter\Boot::runCodeIgniter(Object(CodeIgniter\CodeIgniter))
14 FCPATH\index.php(56): CodeIgniter\Boot::bootWeb(Object(Config\Paths))
15 SYSTEMPATH\Commands\Server\rewrite.php(49): require_once('C:\\xampp\\htdocs\\ci4-g4a\\public\\index.php')
CRITICAL - 2024-05-04 15:12:57 --> [Caused by] mysqli_sql_exception: Table 'games4all.users' doesn't exist
in SYSTEMPATH\Database\MySQLi\Connection.php on line 308.
 1 SYSTEMPATH\Database\MySQLi\Connection.php(308): mysqli->query('SELECT *
FROM `users`
WHERE `email` = \'admin\'
AND `users`.`deleted_at` IS NULL
 LIMIT 1', 0)
 2 SYSTEMPATH\Database\BaseConnection.php(722): CodeIgniter\Database\MySQLi\Connection->execute('SELECT *
FROM `users`
WHERE `email` = \'admin\'
AND `users`.`deleted_at` IS NULL
 LIMIT 1')
 3 SYSTEMPATH\Database\BaseConnection.php(636): CodeIgniter\Database\BaseConnection->simpleQuery('SELECT *
FROM `users`
WHERE `email` = \'admin\'
AND `users`.`deleted_at` IS NULL
 LIMIT 1')
 4 SYSTEMPATH\Database\BaseBuilder.php(1629): CodeIgniter\Database\BaseConnection->query('SELECT *
FROM `users`
WHERE `email` = :email:
AND `users`.`deleted_at` IS NULL
 LIMIT 1', [...], false)
 5 SYSTEMPATH\Model.php(319): CodeIgniter\Database\BaseBuilder->get()
 6 SYSTEMPATH\BaseModel.php(714): CodeIgniter\Model->doFirst()
 7 VENDORPATH\myth\auth\src\Authentication\LocalAuthenticator.php(140): CodeIgniter\BaseModel->first()
 8 VENDORPATH\myth\auth\src\Authentication\LocalAuthenticator.php(19): Myth\Auth\Authentication\LocalAuthenticator->validate([...], true)
 9 APPPATH\Controllers\AuthController.php(125): Myth\Auth\Authentication\LocalAuthenticator->attempt([...], false)
10 SYSTEMPATH\CodeIgniter.php(933): App\Controllers\AuthController->attemptLogin()
11 SYSTEMPATH\CodeIgniter.php(509): CodeIgniter\CodeIgniter->runController(Object(App\Controllers\AuthController))
12 SYSTEMPATH\CodeIgniter.php(355): CodeIgniter\CodeIgniter->handleRequest(null, Object(Config\Cache), false)
13 SYSTEMPATH\Boot.php(312): CodeIgniter\CodeIgniter->run()
14 SYSTEMPATH\Boot.php(67): CodeIgniter\Boot::runCodeIgniter(Object(CodeIgniter\CodeIgniter))
15 FCPATH\index.php(56): CodeIgniter\Boot::bootWeb(Object(Config\Paths))
16 SYSTEMPATH\Commands\Server\rewrite.php(49): require_once('C:\\xampp\\htdocs\\ci4-g4a\\public\\index.php')
ERROR - 2024-05-04 15:14:04 --> mysqli_sql_exception: Table 'games4all.users' doesn't exist in C:\xampp\htdocs\ci4-g4a\system\Database\MySQLi\Connection.php:308
Stack trace:
#0 C:\xampp\htdocs\ci4-g4a\system\Database\MySQLi\Connection.php(308): mysqli->query('SELECT *\nFROM `...', 0)
#1 C:\xampp\htdocs\ci4-g4a\system\Database\BaseConnection.php(722): CodeIgniter\Database\MySQLi\Connection->execute('SELECT *\nFROM `...')
#2 C:\xampp\htdocs\ci4-g4a\system\Database\BaseConnection.php(636): CodeIgniter\Database\BaseConnection->simpleQuery('SELECT *\nFROM `...')
#3 C:\xampp\htdocs\ci4-g4a\system\Database\BaseBuilder.php(1629): CodeIgniter\Database\BaseConnection->query('SELECT *\nFROM `...', Array, false)
#4 C:\xampp\htdocs\ci4-g4a\system\Model.php(319): CodeIgniter\Database\BaseBuilder->get()
#5 C:\xampp\htdocs\ci4-g4a\system\BaseModel.php(714): CodeIgniter\Model->doFirst()
#6 C:\xampp\htdocs\ci4-g4a\vendor\myth\auth\src\Authentication\LocalAuthenticator.php(140): CodeIgniter\BaseModel->first()
#7 C:\xampp\htdocs\ci4-g4a\vendor\myth\auth\src\Authentication\LocalAuthenticator.php(19): Myth\Auth\Authentication\LocalAuthenticator->validate(Array, true)
#8 C:\xampp\htdocs\ci4-g4a\app\Controllers\AuthController.php(125): Myth\Auth\Authentication\LocalAuthenticator->attempt(Array, false)
#9 C:\xampp\htdocs\ci4-g4a\system\CodeIgniter.php(933): App\Controllers\AuthController->attemptLogin()
#10 C:\xampp\htdocs\ci4-g4a\system\CodeIgniter.php(509): CodeIgniter\CodeIgniter->runController(Object(App\Controllers\AuthController))
#11 C:\xampp\htdocs\ci4-g4a\system\CodeIgniter.php(355): CodeIgniter\CodeIgniter->handleRequest(NULL, Object(Config\Cache), false)
#12 C:\xampp\htdocs\ci4-g4a\system\Boot.php(312): CodeIgniter\CodeIgniter->run()
#13 C:\xampp\htdocs\ci4-g4a\system\Boot.php(67): CodeIgniter\Boot::runCodeIgniter(Object(CodeIgniter\CodeIgniter))
#14 C:\xampp\htdocs\ci4-g4a\public\index.php(56): CodeIgniter\Boot::bootWeb(Object(Config\Paths))
#15 C:\xampp\htdocs\ci4-g4a\system\Commands\Server\rewrite.php(49): require_once('C:\\xampp\\htdocs...')
#16 {main}
CRITICAL - 2024-05-04 15:14:04 --> CodeIgniter\Database\Exceptions\DatabaseException: Table 'games4all.users' doesn't exist
[Method: POST, Route: login]
in SYSTEMPATH\Database\BaseConnection.php on line 676.
 1 SYSTEMPATH\Database\BaseBuilder.php(1629): CodeIgniter\Database\BaseConnection->query('SELECT *
FROM `users`
WHERE `email` = :email:
AND `users`.`deleted_at` IS NULL
 LIMIT 1', [...], false)
 2 SYSTEMPATH\Model.php(319): CodeIgniter\Database\BaseBuilder->get()
 3 SYSTEMPATH\BaseModel.php(714): CodeIgniter\Model->doFirst()
 4 VENDORPATH\myth\auth\src\Authentication\LocalAuthenticator.php(140): CodeIgniter\BaseModel->first()
 5 VENDORPATH\myth\auth\src\Authentication\LocalAuthenticator.php(19): Myth\Auth\Authentication\LocalAuthenticator->validate([...], true)
 6 APPPATH\Controllers\AuthController.php(125): Myth\Auth\Authentication\LocalAuthenticator->attempt([...], false)
 7 SYSTEMPATH\CodeIgniter.php(933): App\Controllers\AuthController->attemptLogin()
 8 SYSTEMPATH\CodeIgniter.php(509): CodeIgniter\CodeIgniter->runController(Object(App\Controllers\AuthController))
 9 SYSTEMPATH\CodeIgniter.php(355): CodeIgniter\CodeIgniter->handleRequest(null, Object(Config\Cache), false)
10 SYSTEMPATH\Boot.php(312): CodeIgniter\CodeIgniter->run()
11 SYSTEMPATH\Boot.php(67): CodeIgniter\Boot::runCodeIgniter(Object(CodeIgniter\CodeIgniter))
12 FCPATH\index.php(56): CodeIgniter\Boot::bootWeb(Object(Config\Paths))
13 SYSTEMPATH\Commands\Server\rewrite.php(49): require_once('C:\\xampp\\htdocs\\ci4-g4a\\public\\index.php')
CRITICAL - 2024-05-04 15:14:04 --> [Caused by] CodeIgniter\Database\Exceptions\DatabaseException: Table 'games4all.users' doesn't exist
in SYSTEMPATH\Database\MySQLi\Connection.php on line 313.
 1 SYSTEMPATH\Database\BaseConnection.php(722): CodeIgniter\Database\MySQLi\Connection->execute('SELECT *
FROM `users`
WHERE `email` = \'admin\'
AND `users`.`deleted_at` IS NULL
 LIMIT 1')
 2 SYSTEMPATH\Database\BaseConnection.php(636): CodeIgniter\Database\BaseConnection->simpleQuery('SELECT *
FROM `users`
WHERE `email` = \'admin\'
AND `users`.`deleted_at` IS NULL
 LIMIT 1')
 3 SYSTEMPATH\Database\BaseBuilder.php(1629): CodeIgniter\Database\BaseConnection->query('SELECT *
FROM `users`
WHERE `email` = :email:
AND `users`.`deleted_at` IS NULL
 LIMIT 1', [...], false)
 4 SYSTEMPATH\Model.php(319): CodeIgniter\Database\BaseBuilder->get()
 5 SYSTEMPATH\BaseModel.php(714): CodeIgniter\Model->doFirst()
 6 VENDORPATH\myth\auth\src\Authentication\LocalAuthenticator.php(140): CodeIgniter\BaseModel->first()
 7 VENDORPATH\myth\auth\src\Authentication\LocalAuthenticator.php(19): Myth\Auth\Authentication\LocalAuthenticator->validate([...], true)
 8 APPPATH\Controllers\AuthController.php(125): Myth\Auth\Authentication\LocalAuthenticator->attempt([...], false)
 9 SYSTEMPATH\CodeIgniter.php(933): App\Controllers\AuthController->attemptLogin()
10 SYSTEMPATH\CodeIgniter.php(509): CodeIgniter\CodeIgniter->runController(Object(App\Controllers\AuthController))
11 SYSTEMPATH\CodeIgniter.php(355): CodeIgniter\CodeIgniter->handleRequest(null, Object(Config\Cache), false)
12 SYSTEMPATH\Boot.php(312): CodeIgniter\CodeIgniter->run()
13 SYSTEMPATH\Boot.php(67): CodeIgniter\Boot::runCodeIgniter(Object(CodeIgniter\CodeIgniter))
14 FCPATH\index.php(56): CodeIgniter\Boot::bootWeb(Object(Config\Paths))
15 SYSTEMPATH\Commands\Server\rewrite.php(49): require_once('C:\\xampp\\htdocs\\ci4-g4a\\public\\index.php')
CRITICAL - 2024-05-04 15:14:04 --> [Caused by] mysqli_sql_exception: Table 'games4all.users' doesn't exist
in SYSTEMPATH\Database\MySQLi\Connection.php on line 308.
 1 SYSTEMPATH\Database\MySQLi\Connection.php(308): mysqli->query('SELECT *
FROM `users`
WHERE `email` = \'admin\'
AND `users`.`deleted_at` IS NULL
 LIMIT 1', 0)
 2 SYSTEMPATH\Database\BaseConnection.php(722): CodeIgniter\Database\MySQLi\Connection->execute('SELECT *
FROM `users`
WHERE `email` = \'admin\'
AND `users`.`deleted_at` IS NULL
 LIMIT 1')
 3 SYSTEMPATH\Database\BaseConnection.php(636): CodeIgniter\Database\BaseConnection->simpleQuery('SELECT *
FROM `users`
WHERE `email` = \'admin\'
AND `users`.`deleted_at` IS NULL
 LIMIT 1')
 4 SYSTEMPATH\Database\BaseBuilder.php(1629): CodeIgniter\Database\BaseConnection->query('SELECT *
FROM `users`
WHERE `email` = :email:
AND `users`.`deleted_at` IS NULL
 LIMIT 1', [...], false)
 5 SYSTEMPATH\Model.php(319): CodeIgniter\Database\BaseBuilder->get()
 6 SYSTEMPATH\BaseModel.php(714): CodeIgniter\Model->doFirst()
 7 VENDORPATH\myth\auth\src\Authentication\LocalAuthenticator.php(140): CodeIgniter\BaseModel->first()
 8 VENDORPATH\myth\auth\src\Authentication\LocalAuthenticator.php(19): Myth\Auth\Authentication\LocalAuthenticator->validate([...], true)
 9 APPPATH\Controllers\AuthController.php(125): Myth\Auth\Authentication\LocalAuthenticator->attempt([...], false)
10 SYSTEMPATH\CodeIgniter.php(933): App\Controllers\AuthController->attemptLogin()
11 SYSTEMPATH\CodeIgniter.php(509): CodeIgniter\CodeIgniter->runController(Object(App\Controllers\AuthController))
12 SYSTEMPATH\CodeIgniter.php(355): CodeIgniter\CodeIgniter->handleRequest(null, Object(Config\Cache), false)
13 SYSTEMPATH\Boot.php(312): CodeIgniter\CodeIgniter->run()
14 SYSTEMPATH\Boot.php(67): CodeIgniter\Boot::runCodeIgniter(Object(CodeIgniter\CodeIgniter))
15 FCPATH\index.php(56): CodeIgniter\Boot::bootWeb(Object(Config\Paths))
16 SYSTEMPATH\Commands\Server\rewrite.php(49): require_once('C:\\xampp\\htdocs\\ci4-g4a\\public\\index.php')
ERROR - 2024-05-04 15:16:04 --> mysqli_sql_exception: Table 'games4all.users' doesn't exist in C:\xampp\htdocs\ci4-g4a\system\Database\MySQLi\Connection.php:308
Stack trace:
#0 C:\xampp\htdocs\ci4-g4a\system\Database\MySQLi\Connection.php(308): mysqli->query('SELECT *\nFROM `...', 0)
#1 C:\xampp\htdocs\ci4-g4a\system\Database\BaseConnection.php(722): CodeIgniter\Database\MySQLi\Connection->execute('SELECT *\nFROM `...')
#2 C:\xampp\htdocs\ci4-g4a\system\Database\BaseConnection.php(636): CodeIgniter\Database\BaseConnection->simpleQuery('SELECT *\nFROM `...')
#3 C:\xampp\htdocs\ci4-g4a\system\Database\BaseBuilder.php(1629): CodeIgniter\Database\BaseConnection->query('SELECT *\nFROM `...', Array, false)
#4 C:\xampp\htdocs\ci4-g4a\system\Model.php(319): CodeIgniter\Database\BaseBuilder->get()
#5 C:\xampp\htdocs\ci4-g4a\system\BaseModel.php(714): CodeIgniter\Model->doFirst()
#6 C:\xampp\htdocs\ci4-g4a\vendor\myth\auth\src\Authentication\LocalAuthenticator.php(140): CodeIgniter\BaseModel->first()
#7 C:\xampp\htdocs\ci4-g4a\vendor\myth\auth\src\Authentication\LocalAuthenticator.php(19): Myth\Auth\Authentication\LocalAuthenticator->validate(Array, true)
#8 C:\xampp\htdocs\ci4-g4a\app\Controllers\AuthController.php(125): Myth\Auth\Authentication\LocalAuthenticator->attempt(Array, false)
#9 C:\xampp\htdocs\ci4-g4a\system\CodeIgniter.php(933): App\Controllers\AuthController->attemptLogin()
#10 C:\xampp\htdocs\ci4-g4a\system\CodeIgniter.php(509): CodeIgniter\CodeIgniter->runController(Object(App\Controllers\AuthController))
#11 C:\xampp\htdocs\ci4-g4a\system\CodeIgniter.php(355): CodeIgniter\CodeIgniter->handleRequest(NULL, Object(Config\Cache), false)
#12 C:\xampp\htdocs\ci4-g4a\system\Boot.php(312): CodeIgniter\CodeIgniter->run()
#13 C:\xampp\htdocs\ci4-g4a\system\Boot.php(67): CodeIgniter\Boot::runCodeIgniter(Object(CodeIgniter\CodeIgniter))
#14 C:\xampp\htdocs\ci4-g4a\public\index.php(56): CodeIgniter\Boot::bootWeb(Object(Config\Paths))
#15 C:\xampp\htdocs\ci4-g4a\system\Commands\Server\rewrite.php(49): require_once('C:\\xampp\\htdocs...')
#16 {main}
CRITICAL - 2024-05-04 15:16:04 --> CodeIgniter\Database\Exceptions\DatabaseException: Table 'games4all.users' doesn't exist
[Method: POST, Route: login]
in SYSTEMPATH\Database\BaseConnection.php on line 676.
 1 SYSTEMPATH\Database\BaseBuilder.php(1629): CodeIgniter\Database\BaseConnection->query('SELECT *
FROM `users`
WHERE `email` = :email:
AND `users`.`deleted_at` IS NULL
 LIMIT 1', [...], false)
 2 SYSTEMPATH\Model.php(319): CodeIgniter\Database\BaseBuilder->get()
 3 SYSTEMPATH\BaseModel.php(714): CodeIgniter\Model->doFirst()
 4 VENDORPATH\myth\auth\src\Authentication\LocalAuthenticator.php(140): CodeIgniter\BaseModel->first()
 5 VENDORPATH\myth\auth\src\Authentication\LocalAuthenticator.php(19): Myth\Auth\Authentication\LocalAuthenticator->validate([...], true)
 6 APPPATH\Controllers\AuthController.php(125): Myth\Auth\Authentication\LocalAuthenticator->attempt([...], false)
 7 SYSTEMPATH\CodeIgniter.php(933): App\Controllers\AuthController->attemptLogin()
 8 SYSTEMPATH\CodeIgniter.php(509): CodeIgniter\CodeIgniter->runController(Object(App\Controllers\AuthController))
 9 SYSTEMPATH\CodeIgniter.php(355): CodeIgniter\CodeIgniter->handleRequest(null, Object(Config\Cache), false)
10 SYSTEMPATH\Boot.php(312): CodeIgniter\CodeIgniter->run()
11 SYSTEMPATH\Boot.php(67): CodeIgniter\Boot::runCodeIgniter(Object(CodeIgniter\CodeIgniter))
12 FCPATH\index.php(56): CodeIgniter\Boot::bootWeb(Object(Config\Paths))
13 SYSTEMPATH\Commands\Server\rewrite.php(49): require_once('C:\\xampp\\htdocs\\ci4-g4a\\public\\index.php')
CRITICAL - 2024-05-04 15:16:04 --> [Caused by] CodeIgniter\Database\Exceptions\DatabaseException: Table 'games4all.users' doesn't exist
in SYSTEMPATH\Database\MySQLi\Connection.php on line 313.
 1 SYSTEMPATH\Database\BaseConnection.php(722): CodeIgniter\Database\MySQLi\Connection->execute('SELECT *
FROM `users`
WHERE `email` = \'admin\'
AND `users`.`deleted_at` IS NULL
 LIMIT 1')
 2 SYSTEMPATH\Database\BaseConnection.php(636): CodeIgniter\Database\BaseConnection->simpleQuery('SELECT *
FROM `users`
WHERE `email` = \'admin\'
AND `users`.`deleted_at` IS NULL
 LIMIT 1')
 3 SYSTEMPATH\Database\BaseBuilder.php(1629): CodeIgniter\Database\BaseConnection->query('SELECT *
FROM `users`
WHERE `email` = :email:
AND `users`.`deleted_at` IS NULL
 LIMIT 1', [...], false)
 4 SYSTEMPATH\Model.php(319): CodeIgniter\Database\BaseBuilder->get()
 5 SYSTEMPATH\BaseModel.php(714): CodeIgniter\Model->doFirst()
 6 VENDORPATH\myth\auth\src\Authentication\LocalAuthenticator.php(140): CodeIgniter\BaseModel->first()
 7 VENDORPATH\myth\auth\src\Authentication\LocalAuthenticator.php(19): Myth\Auth\Authentication\LocalAuthenticator->validate([...], true)
 8 APPPATH\Controllers\AuthController.php(125): Myth\Auth\Authentication\LocalAuthenticator->attempt([...], false)
 9 SYSTEMPATH\CodeIgniter.php(933): App\Controllers\AuthController->attemptLogin()
10 SYSTEMPATH\CodeIgniter.php(509): CodeIgniter\CodeIgniter->runController(Object(App\Controllers\AuthController))
11 SYSTEMPATH\CodeIgniter.php(355): CodeIgniter\CodeIgniter->handleRequest(null, Object(Config\Cache), false)
12 SYSTEMPATH\Boot.php(312): CodeIgniter\CodeIgniter->run()
13 SYSTEMPATH\Boot.php(67): CodeIgniter\Boot::runCodeIgniter(Object(CodeIgniter\CodeIgniter))
14 FCPATH\index.php(56): CodeIgniter\Boot::bootWeb(Object(Config\Paths))
15 SYSTEMPATH\Commands\Server\rewrite.php(49): require_once('C:\\xampp\\htdocs\\ci4-g4a\\public\\index.php')
CRITICAL - 2024-05-04 15:16:04 --> [Caused by] mysqli_sql_exception: Table 'games4all.users' doesn't exist
in SYSTEMPATH\Database\MySQLi\Connection.php on line 308.
 1 SYSTEMPATH\Database\MySQLi\Connection.php(308): mysqli->query('SELECT *
FROM `users`
WHERE `email` = \'admin\'
AND `users`.`deleted_at` IS NULL
 LIMIT 1', 0)
 2 SYSTEMPATH\Database\BaseConnection.php(722): CodeIgniter\Database\MySQLi\Connection->execute('SELECT *
FROM `users`
WHERE `email` = \'admin\'
AND `users`.`deleted_at` IS NULL
 LIMIT 1')
 3 SYSTEMPATH\Database\BaseConnection.php(636): CodeIgniter\Database\BaseConnection->simpleQuery('SELECT *
FROM `users`
WHERE `email` = \'admin\'
AND `users`.`deleted_at` IS NULL
 LIMIT 1')
 4 SYSTEMPATH\Database\BaseBuilder.php(1629): CodeIgniter\Database\BaseConnection->query('SELECT *
FROM `users`
WHERE `email` = :email:
AND `users`.`deleted_at` IS NULL
 LIMIT 1', [...], false)
 5 SYSTEMPATH\Model.php(319): CodeIgniter\Database\BaseBuilder->get()
 6 SYSTEMPATH\BaseModel.php(714): CodeIgniter\Model->doFirst()
 7 VENDORPATH\myth\auth\src\Authentication\LocalAuthenticator.php(140): CodeIgniter\BaseModel->first()
 8 VENDORPATH\myth\auth\src\Authentication\LocalAuthenticator.php(19): Myth\Auth\Authentication\LocalAuthenticator->validate([...], true)
 9 APPPATH\Controllers\AuthController.php(125): Myth\Auth\Authentication\LocalAuthenticator->attempt([...], false)
10 SYSTEMPATH\CodeIgniter.php(933): App\Controllers\AuthController->attemptLogin()
11 SYSTEMPATH\CodeIgniter.php(509): CodeIgniter\CodeIgniter->runController(Object(App\Controllers\AuthController))
12 SYSTEMPATH\CodeIgniter.php(355): CodeIgniter\CodeIgniter->handleRequest(null, Object(Config\Cache), false)
13 SYSTEMPATH\Boot.php(312): CodeIgniter\CodeIgniter->run()
14 SYSTEMPATH\Boot.php(67): CodeIgniter\Boot::runCodeIgniter(Object(CodeIgniter\CodeIgniter))
15 FCPATH\index.php(56): CodeIgniter\Boot::bootWeb(Object(Config\Paths))
16 SYSTEMPATH\Commands\Server\rewrite.php(49): require_once('C:\\xampp\\htdocs\\ci4-g4a\\public\\index.php')
ERROR - 2024-05-04 15:16:10 --> mysqli_sql_exception: Table 'games4all.users' doesn't exist in C:\xampp\htdocs\ci4-g4a\system\Database\MySQLi\Connection.php:308
Stack trace:
#0 C:\xampp\htdocs\ci4-g4a\system\Database\MySQLi\Connection.php(308): mysqli->query('SELECT *\nFROM `...', 0)
#1 C:\xampp\htdocs\ci4-g4a\system\Database\BaseConnection.php(722): CodeIgniter\Database\MySQLi\Connection->execute('SELECT *\nFROM `...')
#2 C:\xampp\htdocs\ci4-g4a\system\Database\BaseConnection.php(636): CodeIgniter\Database\BaseConnection->simpleQuery('SELECT *\nFROM `...')
#3 C:\xampp\htdocs\ci4-g4a\system\Database\BaseBuilder.php(1629): CodeIgniter\Database\BaseConnection->query('SELECT *\nFROM `...', Array, false)
#4 C:\xampp\htdocs\ci4-g4a\system\Model.php(319): CodeIgniter\Database\BaseBuilder->get()
#5 C:\xampp\htdocs\ci4-g4a\system\BaseModel.php(714): CodeIgniter\Model->doFirst()
#6 C:\xampp\htdocs\ci4-g4a\vendor\myth\auth\src\Authentication\LocalAuthenticator.php(140): CodeIgniter\BaseModel->first()
#7 C:\xampp\htdocs\ci4-g4a\vendor\myth\auth\src\Authentication\LocalAuthenticator.php(19): Myth\Auth\Authentication\LocalAuthenticator->validate(Array, true)
#8 C:\xampp\htdocs\ci4-g4a\app\Controllers\AuthController.php(125): Myth\Auth\Authentication\LocalAuthenticator->attempt(Array, false)
#9 C:\xampp\htdocs\ci4-g4a\system\CodeIgniter.php(933): App\Controllers\AuthController->attemptLogin()
#10 C:\xampp\htdocs\ci4-g4a\system\CodeIgniter.php(509): CodeIgniter\CodeIgniter->runController(Object(App\Controllers\AuthController))
#11 C:\xampp\htdocs\ci4-g4a\system\CodeIgniter.php(355): CodeIgniter\CodeIgniter->handleRequest(NULL, Object(Config\Cache), false)
#12 C:\xampp\htdocs\ci4-g4a\system\Boot.php(312): CodeIgniter\CodeIgniter->run()
#13 C:\xampp\htdocs\ci4-g4a\system\Boot.php(67): CodeIgniter\Boot::runCodeIgniter(Object(CodeIgniter\CodeIgniter))
#14 C:\xampp\htdocs\ci4-g4a\public\index.php(56): CodeIgniter\Boot::bootWeb(Object(Config\Paths))
#15 C:\xampp\htdocs\ci4-g4a\system\Commands\Server\rewrite.php(49): require_once('C:\\xampp\\htdocs...')
#16 {main}
CRITICAL - 2024-05-04 15:16:10 --> CodeIgniter\Database\Exceptions\DatabaseException: Table 'games4all.users' doesn't exist
[Method: POST, Route: login]
in SYSTEMPATH\Database\BaseConnection.php on line 676.
 1 SYSTEMPATH\Database\BaseBuilder.php(1629): CodeIgniter\Database\BaseConnection->query('SELECT *
FROM `users`
WHERE `email` = :email:
AND `users`.`deleted_at` IS NULL
 LIMIT 1', [...], false)
 2 SYSTEMPATH\Model.php(319): CodeIgniter\Database\BaseBuilder->get()
 3 SYSTEMPATH\BaseModel.php(714): CodeIgniter\Model->doFirst()
 4 VENDORPATH\myth\auth\src\Authentication\LocalAuthenticator.php(140): CodeIgniter\BaseModel->first()
 5 VENDORPATH\myth\auth\src\Authentication\LocalAuthenticator.php(19): Myth\Auth\Authentication\LocalAuthenticator->validate([...], true)
 6 APPPATH\Controllers\AuthController.php(125): Myth\Auth\Authentication\LocalAuthenticator->attempt([...], false)
 7 SYSTEMPATH\CodeIgniter.php(933): App\Controllers\AuthController->attemptLogin()
 8 SYSTEMPATH\CodeIgniter.php(509): CodeIgniter\CodeIgniter->runController(Object(App\Controllers\AuthController))
 9 SYSTEMPATH\CodeIgniter.php(355): CodeIgniter\CodeIgniter->handleRequest(null, Object(Config\Cache), false)
10 SYSTEMPATH\Boot.php(312): CodeIgniter\CodeIgniter->run()
11 SYSTEMPATH\Boot.php(67): CodeIgniter\Boot::runCodeIgniter(Object(CodeIgniter\CodeIgniter))
12 FCPATH\index.php(56): CodeIgniter\Boot::bootWeb(Object(Config\Paths))
13 SYSTEMPATH\Commands\Server\rewrite.php(49): require_once('C:\\xampp\\htdocs\\ci4-g4a\\public\\index.php')
CRITICAL - 2024-05-04 15:16:10 --> [Caused by] CodeIgniter\Database\Exceptions\DatabaseException: Table 'games4all.users' doesn't exist
in SYSTEMPATH\Database\MySQLi\Connection.php on line 313.
 1 SYSTEMPATH\Database\BaseConnection.php(722): CodeIgniter\Database\MySQLi\Connection->execute('SELECT *
FROM `users`
WHERE `email` = \'admin\'
AND `users`.`deleted_at` IS NULL
 LIMIT 1')
 2 SYSTEMPATH\Database\BaseConnection.php(636): CodeIgniter\Database\BaseConnection->simpleQuery('SELECT *
FROM `users`
WHERE `email` = \'admin\'
AND `users`.`deleted_at` IS NULL
 LIMIT 1')
 3 SYSTEMPATH\Database\BaseBuilder.php(1629): CodeIgniter\Database\BaseConnection->query('SELECT *
FROM `users`
WHERE `email` = :email:
AND `users`.`deleted_at` IS NULL
 LIMIT 1', [...], false)
 4 SYSTEMPATH\Model.php(319): CodeIgniter\Database\BaseBuilder->get()
 5 SYSTEMPATH\BaseModel.php(714): CodeIgniter\Model->doFirst()
 6 VENDORPATH\myth\auth\src\Authentication\LocalAuthenticator.php(140): CodeIgniter\BaseModel->first()
 7 VENDORPATH\myth\auth\src\Authentication\LocalAuthenticator.php(19): Myth\Auth\Authentication\LocalAuthenticator->validate([...], true)
 8 APPPATH\Controllers\AuthController.php(125): Myth\Auth\Authentication\LocalAuthenticator->attempt([...], false)
 9 SYSTEMPATH\CodeIgniter.php(933): App\Controllers\AuthController->attemptLogin()
10 SYSTEMPATH\CodeIgniter.php(509): CodeIgniter\CodeIgniter->runController(Object(App\Controllers\AuthController))
11 SYSTEMPATH\CodeIgniter.php(355): CodeIgniter\CodeIgniter->handleRequest(null, Object(Config\Cache), false)
12 SYSTEMPATH\Boot.php(312): CodeIgniter\CodeIgniter->run()
13 SYSTEMPATH\Boot.php(67): CodeIgniter\Boot::runCodeIgniter(Object(CodeIgniter\CodeIgniter))
14 FCPATH\index.php(56): CodeIgniter\Boot::bootWeb(Object(Config\Paths))
15 SYSTEMPATH\Commands\Server\rewrite.php(49): require_once('C:\\xampp\\htdocs\\ci4-g4a\\public\\index.php')
CRITICAL - 2024-05-04 15:16:10 --> [Caused by] mysqli_sql_exception: Table 'games4all.users' doesn't exist
in SYSTEMPATH\Database\MySQLi\Connection.php on line 308.
 1 SYSTEMPATH\Database\MySQLi\Connection.php(308): mysqli->query('SELECT *
FROM `users`
WHERE `email` = \'admin\'
AND `users`.`deleted_at` IS NULL
 LIMIT 1', 0)
 2 SYSTEMPATH\Database\BaseConnection.php(722): CodeIgniter\Database\MySQLi\Connection->execute('SELECT *
FROM `users`
WHERE `email` = \'admin\'
AND `users`.`deleted_at` IS NULL
 LIMIT 1')
 3 SYSTEMPATH\Database\BaseConnection.php(636): CodeIgniter\Database\BaseConnection->simpleQuery('SELECT *
FROM `users`
WHERE `email` = \'admin\'
AND `users`.`deleted_at` IS NULL
 LIMIT 1')
 4 SYSTEMPATH\Database\BaseBuilder.php(1629): CodeIgniter\Database\BaseConnection->query('SELECT *
FROM `users`
WHERE `email` = :email:
AND `users`.`deleted_at` IS NULL
 LIMIT 1', [...], false)
 5 SYSTEMPATH\Model.php(319): CodeIgniter\Database\BaseBuilder->get()
 6 SYSTEMPATH\BaseModel.php(714): CodeIgniter\Model->doFirst()
 7 VENDORPATH\myth\auth\src\Authentication\LocalAuthenticator.php(140): CodeIgniter\BaseModel->first()
 8 VENDORPATH\myth\auth\src\Authentication\LocalAuthenticator.php(19): Myth\Auth\Authentication\LocalAuthenticator->validate([...], true)
 9 APPPATH\Controllers\AuthController.php(125): Myth\Auth\Authentication\LocalAuthenticator->attempt([...], false)
10 SYSTEMPATH\CodeIgniter.php(933): App\Controllers\AuthController->attemptLogin()
11 SYSTEMPATH\CodeIgniter.php(509): CodeIgniter\CodeIgniter->runController(Object(App\Controllers\AuthController))
12 SYSTEMPATH\CodeIgniter.php(355): CodeIgniter\CodeIgniter->handleRequest(null, Object(Config\Cache), false)
13 SYSTEMPATH\Boot.php(312): CodeIgniter\CodeIgniter->run()
14 SYSTEMPATH\Boot.php(67): CodeIgniter\Boot::runCodeIgniter(Object(CodeIgniter\CodeIgniter))
15 FCPATH\index.php(56): CodeIgniter\Boot::bootWeb(Object(Config\Paths))
16 SYSTEMPATH\Commands\Server\rewrite.php(49): require_once('C:\\xampp\\htdocs\\ci4-g4a\\public\\index.php')
CRITICAL - 2024-05-04 15:26:18 --> Error: Class "Myth\Auth\Config\AuthConfig" not found
[Method: POST, Route: login]
in APPPATH\Config\Auth.php on line 7.
 1 SYSTEMPATH\Autoloader\Autoloader.php(317): include_once()
 2 SYSTEMPATH\Autoloader\Autoloader.php(296): CodeIgniter\Autoloader\Autoloader->includeFile('C:\\xampp\\htdocs\\ci4-g4a\\app\\Config\\Auth.php')
 3 SYSTEMPATH\Autoloader\Autoloader.php(272): CodeIgniter\Autoloader\Autoloader->loadInNamespace('Config\\Auth')
 4 [internal function]: CodeIgniter\Autoloader\Autoloader->loadClass('Config\\Auth')
 5 SYSTEMPATH\Config\Factories.php(290): class_exists('Config\\Auth')
 6 SYSTEMPATH\Config\Factories.php(216): CodeIgniter\Config\Factories::locateClass([...], 'Auth')
 7 SYSTEMPATH\Config\Factories.php(159): CodeIgniter\Config\Factories::getDefinedInstance([...], 'Auth', [])
 8 SYSTEMPATH\Config\Factories.php(188): CodeIgniter\Config\Factories::__callStatic('config', [])
 9 SYSTEMPATH\Common.php(207): CodeIgniter\Config\Factories::get('config', 'Auth')
10 APPPATH\Controllers\AuthController.php(31): config('Auth')
11 SYSTEMPATH\CodeIgniter.php(903): App\Controllers\AuthController->__construct()
12 SYSTEMPATH\CodeIgniter.php(500): CodeIgniter\CodeIgniter->createController()
13 SYSTEMPATH\CodeIgniter.php(355): CodeIgniter\CodeIgniter->handleRequest(null, Object(Config\Cache), false)
14 SYSTEMPATH\Boot.php(312): CodeIgniter\CodeIgniter->run()
15 SYSTEMPATH\Boot.php(67): CodeIgniter\Boot::runCodeIgniter(Object(CodeIgniter\CodeIgniter))
16 FCPATH\index.php(56): CodeIgniter\Boot::bootWeb(Object(Config\Paths))
17 SYSTEMPATH\Commands\Server\rewrite.php(49): require_once('C:\\xampp\\htdocs\\ci4-g4a\\public\\index.php')
CRITICAL - 2024-05-04 15:26:23 --> Error: Class "Myth\Auth\Config\AuthConfig" not found
[Method: GET, Route: login]
in APPPATH\Config\Auth.php on line 7.
 1 SYSTEMPATH\Autoloader\Autoloader.php(317): include_once()
 2 SYSTEMPATH\Autoloader\Autoloader.php(296): CodeIgniter\Autoloader\Autoloader->includeFile('C:\\xampp\\htdocs\\ci4-g4a\\app\\Config\\Auth.php')
 3 SYSTEMPATH\Autoloader\Autoloader.php(272): CodeIgniter\Autoloader\Autoloader->loadInNamespace('Config\\Auth')
 4 [internal function]: CodeIgniter\Autoloader\Autoloader->loadClass('Config\\Auth')
 5 SYSTEMPATH\Config\Factories.php(290): class_exists('Config\\Auth')
 6 SYSTEMPATH\Config\Factories.php(216): CodeIgniter\Config\Factories::locateClass([...], 'Auth')
 7 SYSTEMPATH\Config\Factories.php(159): CodeIgniter\Config\Factories::getDefinedInstance([...], 'Auth', [])
 8 SYSTEMPATH\Config\Factories.php(188): CodeIgniter\Config\Factories::__callStatic('config', [])
 9 SYSTEMPATH\Common.php(207): CodeIgniter\Config\Factories::get('config', 'Auth')
10 APPPATH\Controllers\AuthController.php(31): config('Auth')
11 SYSTEMPATH\CodeIgniter.php(903): App\Controllers\AuthController->__construct()
12 SYSTEMPATH\CodeIgniter.php(500): CodeIgniter\CodeIgniter->createController()
13 SYSTEMPATH\CodeIgniter.php(355): CodeIgniter\CodeIgniter->handleRequest(null, Object(Config\Cache), false)
14 SYSTEMPATH\Boot.php(312): CodeIgniter\CodeIgniter->run()
15 SYSTEMPATH\Boot.php(67): CodeIgniter\Boot::runCodeIgniter(Object(CodeIgniter\CodeIgniter))
16 FCPATH\index.php(56): CodeIgniter\Boot::bootWeb(Object(Config\Paths))
17 SYSTEMPATH\Commands\Server\rewrite.php(49): require_once('C:\\xampp\\htdocs\\ci4-g4a\\public\\index.php')
CRITICAL - 2024-05-04 15:26:25 --> Error: Class "Myth\Auth\Config\AuthConfig" not found
[Method: GET, Route: register]
in APPPATH\Config\Auth.php on line 7.
 1 SYSTEMPATH\Autoloader\Autoloader.php(317): include_once()
 2 SYSTEMPATH\Autoloader\Autoloader.php(296): CodeIgniter\Autoloader\Autoloader->includeFile('C:\\xampp\\htdocs\\ci4-g4a\\app\\Config\\Auth.php')
 3 SYSTEMPATH\Autoloader\Autoloader.php(272): CodeIgniter\Autoloader\Autoloader->loadInNamespace('Config\\Auth')
 4 [internal function]: CodeIgniter\Autoloader\Autoloader->loadClass('Config\\Auth')
 5 SYSTEMPATH\Config\Factories.php(290): class_exists('Config\\Auth')
 6 SYSTEMPATH\Config\Factories.php(216): CodeIgniter\Config\Factories::locateClass([...], 'Auth')
 7 SYSTEMPATH\Config\Factories.php(159): CodeIgniter\Config\Factories::getDefinedInstance([...], 'Auth', [])
 8 SYSTEMPATH\Config\Factories.php(188): CodeIgniter\Config\Factories::__callStatic('config', [])
 9 SYSTEMPATH\Common.php(207): CodeIgniter\Config\Factories::get('config', 'Auth')
10 APPPATH\Controllers\AuthController.php(31): config('Auth')
11 SYSTEMPATH\CodeIgniter.php(903): App\Controllers\AuthController->__construct()
12 SYSTEMPATH\CodeIgniter.php(500): CodeIgniter\CodeIgniter->createController()
13 SYSTEMPATH\CodeIgniter.php(355): CodeIgniter\CodeIgniter->handleRequest(null, Object(Config\Cache), false)
14 SYSTEMPATH\Boot.php(312): CodeIgniter\CodeIgniter->run()
15 SYSTEMPATH\Boot.php(67): CodeIgniter\Boot::runCodeIgniter(Object(CodeIgniter\CodeIgniter))
16 FCPATH\index.php(56): CodeIgniter\Boot::bootWeb(Object(Config\Paths))
17 SYSTEMPATH\Commands\Server\rewrite.php(49): require_once('C:\\xampp\\htdocs\\ci4-g4a\\public\\index.php')
CRITICAL - 2024-05-04 15:26:28 --> Error: Class "Myth\Auth\Config\AuthConfig" not found
[Method: POST, Route: login]
in APPPATH\Config\Auth.php on line 7.
 1 SYSTEMPATH\Autoloader\Autoloader.php(317): include_once()
 2 SYSTEMPATH\Autoloader\Autoloader.php(296): CodeIgniter\Autoloader\Autoloader->includeFile('C:\\xampp\\htdocs\\ci4-g4a\\app\\Config\\Auth.php')
 3 SYSTEMPATH\Autoloader\Autoloader.php(272): CodeIgniter\Autoloader\Autoloader->loadInNamespace('Config\\Auth')
 4 [internal function]: CodeIgniter\Autoloader\Autoloader->loadClass('Config\\Auth')
 5 SYSTEMPATH\Config\Factories.php(290): class_exists('Config\\Auth')
 6 SYSTEMPATH\Config\Factories.php(216): CodeIgniter\Config\Factories::locateClass([...], 'Auth')
 7 SYSTEMPATH\Config\Factories.php(159): CodeIgniter\Config\Factories::getDefinedInstance([...], 'Auth', [])
 8 SYSTEMPATH\Config\Factories.php(188): CodeIgniter\Config\Factories::__callStatic('config', [])
 9 SYSTEMPATH\Common.php(207): CodeIgniter\Config\Factories::get('config', 'Auth')
10 APPPATH\Controllers\AuthController.php(31): config('Auth')
11 SYSTEMPATH\CodeIgniter.php(903): App\Controllers\AuthController->__construct()
12 SYSTEMPATH\CodeIgniter.php(500): CodeIgniter\CodeIgniter->createController()
13 SYSTEMPATH\CodeIgniter.php(355): CodeIgniter\CodeIgniter->handleRequest(null, Object(Config\Cache), false)
14 SYSTEMPATH\Boot.php(312): CodeIgniter\CodeIgniter->run()
15 SYSTEMPATH\Boot.php(67): CodeIgniter\Boot::runCodeIgniter(Object(CodeIgniter\CodeIgniter))
16 FCPATH\index.php(56): CodeIgniter\Boot::bootWeb(Object(Config\Paths))
17 SYSTEMPATH\Commands\Server\rewrite.php(49): require_once('C:\\xampp\\htdocs\\ci4-g4a\\public\\index.php')
CRITICAL - 2024-05-04 15:26:32 --> Error: Class "Myth\Auth\Config\AuthConfig" not found
[Method: POST, Route: register]
in APPPATH\Config\Auth.php on line 7.
 1 SYSTEMPATH\Autoloader\Autoloader.php(317): include_once()
 2 SYSTEMPATH\Autoloader\Autoloader.php(296): CodeIgniter\Autoloader\Autoloader->includeFile('C:\\xampp\\htdocs\\ci4-g4a\\app\\Config\\Auth.php')
 3 SYSTEMPATH\Autoloader\Autoloader.php(272): CodeIgniter\Autoloader\Autoloader->loadInNamespace('Config\\Auth')
 4 [internal function]: CodeIgniter\Autoloader\Autoloader->loadClass('Config\\Auth')
 5 SYSTEMPATH\Config\Factories.php(290): class_exists('Config\\Auth')
 6 SYSTEMPATH\Config\Factories.php(216): CodeIgniter\Config\Factories::locateClass([...], 'Auth')
 7 SYSTEMPATH\Config\Factories.php(159): CodeIgniter\Config\Factories::getDefinedInstance([...], 'Auth', [])
 8 SYSTEMPATH\Config\Factories.php(188): CodeIgniter\Config\Factories::__callStatic('config', [])
 9 SYSTEMPATH\Common.php(207): CodeIgniter\Config\Factories::get('config', 'Auth')
10 APPPATH\Controllers\AuthController.php(31): config('Auth')
11 SYSTEMPATH\CodeIgniter.php(903): App\Controllers\AuthController->__construct()
12 SYSTEMPATH\CodeIgniter.php(500): CodeIgniter\CodeIgniter->createController()
13 SYSTEMPATH\CodeIgniter.php(355): CodeIgniter\CodeIgniter->handleRequest(null, Object(Config\Cache), false)
14 SYSTEMPATH\Boot.php(312): CodeIgniter\CodeIgniter->run()
15 SYSTEMPATH\Boot.php(67): CodeIgniter\Boot::runCodeIgniter(Object(CodeIgniter\CodeIgniter))
16 FCPATH\index.php(56): CodeIgniter\Boot::bootWeb(Object(Config\Paths))
17 SYSTEMPATH\Commands\Server\rewrite.php(49): require_once('C:\\xampp\\htdocs\\ci4-g4a\\public\\index.php')
ERROR - 2024-05-04 15:27:44 --> mysqli_sql_exception: Table 'games4all.users' doesn't exist in C:\xampp\htdocs\ci4-g4a\system\Database\MySQLi\Connection.php:308
Stack trace:
#0 C:\xampp\htdocs\ci4-g4a\system\Database\MySQLi\Connection.php(308): mysqli->query('SELECT *\nFROM `...', 0)
#1 C:\xampp\htdocs\ci4-g4a\system\Database\BaseConnection.php(722): CodeIgniter\Database\MySQLi\Connection->execute('SELECT *\nFROM `...')
#2 C:\xampp\htdocs\ci4-g4a\system\Database\BaseConnection.php(636): CodeIgniter\Database\BaseConnection->simpleQuery('SELECT *\nFROM `...')
#3 C:\xampp\htdocs\ci4-g4a\system\Database\BaseBuilder.php(1629): CodeIgniter\Database\BaseConnection->query('SELECT *\nFROM `...', Array, false)
#4 C:\xampp\htdocs\ci4-g4a\system\Model.php(319): CodeIgniter\Database\BaseBuilder->get()
#5 C:\xampp\htdocs\ci4-g4a\system\BaseModel.php(714): CodeIgniter\Model->doFirst()
#6 C:\xampp\htdocs\ci4-g4a\vendor\myth\auth\src\Authentication\LocalAuthenticator.php(140): CodeIgniter\BaseModel->first()
#7 C:\xampp\htdocs\ci4-g4a\vendor\myth\auth\src\Authentication\LocalAuthenticator.php(19): Myth\Auth\Authentication\LocalAuthenticator->validate(Array, true)
#8 C:\xampp\htdocs\ci4-g4a\app\Controllers\AuthController.php(125): Myth\Auth\Authentication\LocalAuthenticator->attempt(Array, false)
#9 C:\xampp\htdocs\ci4-g4a\system\CodeIgniter.php(933): App\Controllers\AuthController->attemptLogin()
#10 C:\xampp\htdocs\ci4-g4a\system\CodeIgniter.php(509): CodeIgniter\CodeIgniter->runController(Object(App\Controllers\AuthController))
#11 C:\xampp\htdocs\ci4-g4a\system\CodeIgniter.php(355): CodeIgniter\CodeIgniter->handleRequest(NULL, Object(Config\Cache), false)
#12 C:\xampp\htdocs\ci4-g4a\system\Boot.php(312): CodeIgniter\CodeIgniter->run()
#13 C:\xampp\htdocs\ci4-g4a\system\Boot.php(67): CodeIgniter\Boot::runCodeIgniter(Object(CodeIgniter\CodeIgniter))
#14 C:\xampp\htdocs\ci4-g4a\public\index.php(56): CodeIgniter\Boot::bootWeb(Object(Config\Paths))
#15 C:\xampp\htdocs\ci4-g4a\system\Commands\Server\rewrite.php(49): require_once('C:\\xampp\\htdocs...')
#16 {main}
CRITICAL - 2024-05-04 15:27:44 --> CodeIgniter\Database\Exceptions\DatabaseException: Table 'games4all.users' doesn't exist
[Method: POST, Route: login]
in SYSTEMPATH\Database\BaseConnection.php on line 676.
 1 SYSTEMPATH\Database\BaseBuilder.php(1629): CodeIgniter\Database\BaseConnection->query('SELECT *
FROM `users`
WHERE `email` = :email:
AND `users`.`deleted_at` IS NULL
 LIMIT 1', [...], false)
 2 SYSTEMPATH\Model.php(319): CodeIgniter\Database\BaseBuilder->get()
 3 SYSTEMPATH\BaseModel.php(714): CodeIgniter\Model->doFirst()
 4 VENDORPATH\myth\auth\src\Authentication\LocalAuthenticator.php(140): CodeIgniter\BaseModel->first()
 5 VENDORPATH\myth\auth\src\Authentication\LocalAuthenticator.php(19): Myth\Auth\Authentication\LocalAuthenticator->validate([...], true)
 6 APPPATH\Controllers\AuthController.php(125): Myth\Auth\Authentication\LocalAuthenticator->attempt([...], false)
 7 SYSTEMPATH\CodeIgniter.php(933): App\Controllers\AuthController->attemptLogin()
 8 SYSTEMPATH\CodeIgniter.php(509): CodeIgniter\CodeIgniter->runController(Object(App\Controllers\AuthController))
 9 SYSTEMPATH\CodeIgniter.php(355): CodeIgniter\CodeIgniter->handleRequest(null, Object(Config\Cache), false)
10 SYSTEMPATH\Boot.php(312): CodeIgniter\CodeIgniter->run()
11 SYSTEMPATH\Boot.php(67): CodeIgniter\Boot::runCodeIgniter(Object(CodeIgniter\CodeIgniter))
12 FCPATH\index.php(56): CodeIgniter\Boot::bootWeb(Object(Config\Paths))
13 SYSTEMPATH\Commands\Server\rewrite.php(49): require_once('C:\\xampp\\htdocs\\ci4-g4a\\public\\index.php')
CRITICAL - 2024-05-04 15:27:44 --> [Caused by] CodeIgniter\Database\Exceptions\DatabaseException: Table 'games4all.users' doesn't exist
in SYSTEMPATH\Database\MySQLi\Connection.php on line 313.
 1 SYSTEMPATH\Database\BaseConnection.php(722): CodeIgniter\Database\MySQLi\Connection->execute('SELECT *
FROM `users`
WHERE `email` = \'admin\'
AND `users`.`deleted_at` IS NULL
 LIMIT 1')
 2 SYSTEMPATH\Database\BaseConnection.php(636): CodeIgniter\Database\BaseConnection->simpleQuery('SELECT *
FROM `users`
WHERE `email` = \'admin\'
AND `users`.`deleted_at` IS NULL
 LIMIT 1')
 3 SYSTEMPATH\Database\BaseBuilder.php(1629): CodeIgniter\Database\BaseConnection->query('SELECT *
FROM `users`
WHERE `email` = :email:
AND `users`.`deleted_at` IS NULL
 LIMIT 1', [...], false)
 4 SYSTEMPATH\Model.php(319): CodeIgniter\Database\BaseBuilder->get()
 5 SYSTEMPATH\BaseModel.php(714): CodeIgniter\Model->doFirst()
 6 VENDORPATH\myth\auth\src\Authentication\LocalAuthenticator.php(140): CodeIgniter\BaseModel->first()
 7 VENDORPATH\myth\auth\src\Authentication\LocalAuthenticator.php(19): Myth\Auth\Authentication\LocalAuthenticator->validate([...], true)
 8 APPPATH\Controllers\AuthController.php(125): Myth\Auth\Authentication\LocalAuthenticator->attempt([...], false)
 9 SYSTEMPATH\CodeIgniter.php(933): App\Controllers\AuthController->attemptLogin()
10 SYSTEMPATH\CodeIgniter.php(509): CodeIgniter\CodeIgniter->runController(Object(App\Controllers\AuthController))
11 SYSTEMPATH\CodeIgniter.php(355): CodeIgniter\CodeIgniter->handleRequest(null, Object(Config\Cache), false)
12 SYSTEMPATH\Boot.php(312): CodeIgniter\CodeIgniter->run()
13 SYSTEMPATH\Boot.php(67): CodeIgniter\Boot::runCodeIgniter(Object(CodeIgniter\CodeIgniter))
14 FCPATH\index.php(56): CodeIgniter\Boot::bootWeb(Object(Config\Paths))
15 SYSTEMPATH\Commands\Server\rewrite.php(49): require_once('C:\\xampp\\htdocs\\ci4-g4a\\public\\index.php')
CRITICAL - 2024-05-04 15:27:44 --> [Caused by] mysqli_sql_exception: Table 'games4all.users' doesn't exist
in SYSTEMPATH\Database\MySQLi\Connection.php on line 308.
 1 SYSTEMPATH\Database\MySQLi\Connection.php(308): mysqli->query('SELECT *
FROM `users`
WHERE `email` = \'admin\'
AND `users`.`deleted_at` IS NULL
 LIMIT 1', 0)
 2 SYSTEMPATH\Database\BaseConnection.php(722): CodeIgniter\Database\MySQLi\Connection->execute('SELECT *
FROM `users`
WHERE `email` = \'admin\'
AND `users`.`deleted_at` IS NULL
 LIMIT 1')
 3 SYSTEMPATH\Database\BaseConnection.php(636): CodeIgniter\Database\BaseConnection->simpleQuery('SELECT *
FROM `users`
WHERE `email` = \'admin\'
AND `users`.`deleted_at` IS NULL
 LIMIT 1')
 4 SYSTEMPATH\Database\BaseBuilder.php(1629): CodeIgniter\Database\BaseConnection->query('SELECT *
FROM `users`
WHERE `email` = :email:
AND `users`.`deleted_at` IS NULL
 LIMIT 1', [...], false)
 5 SYSTEMPATH\Model.php(319): CodeIgniter\Database\BaseBuilder->get()
 6 SYSTEMPATH\BaseModel.php(714): CodeIgniter\Model->doFirst()
 7 VENDORPATH\myth\auth\src\Authentication\LocalAuthenticator.php(140): CodeIgniter\BaseModel->first()
 8 VENDORPATH\myth\auth\src\Authentication\LocalAuthenticator.php(19): Myth\Auth\Authentication\LocalAuthenticator->validate([...], true)
 9 APPPATH\Controllers\AuthController.php(125): Myth\Auth\Authentication\LocalAuthenticator->attempt([...], false)
10 SYSTEMPATH\CodeIgniter.php(933): App\Controllers\AuthController->attemptLogin()
11 SYSTEMPATH\CodeIgniter.php(509): CodeIgniter\CodeIgniter->runController(Object(App\Controllers\AuthController))
12 SYSTEMPATH\CodeIgniter.php(355): CodeIgniter\CodeIgniter->handleRequest(null, Object(Config\Cache), false)
13 SYSTEMPATH\Boot.php(312): CodeIgniter\CodeIgniter->run()
14 SYSTEMPATH\Boot.php(67): CodeIgniter\Boot::runCodeIgniter(Object(CodeIgniter\CodeIgniter))
15 FCPATH\index.php(56): CodeIgniter\Boot::bootWeb(Object(Config\Paths))
16 SYSTEMPATH\Commands\Server\rewrite.php(49): require_once('C:\\xampp\\htdocs\\ci4-g4a\\public\\index.php')
ERROR - 2024-05-04 15:28:01 --> mysqli_sql_exception: Table 'games4all.users' doesn't exist in C:\xampp\htdocs\ci4-g4a\system\Database\MySQLi\Connection.php:308
Stack trace:
#0 C:\xampp\htdocs\ci4-g4a\system\Database\MySQLi\Connection.php(308): mysqli->query('SELECT *\nFROM `...', 0)
#1 C:\xampp\htdocs\ci4-g4a\system\Database\BaseConnection.php(722): CodeIgniter\Database\MySQLi\Connection->execute('SELECT *\nFROM `...')
#2 C:\xampp\htdocs\ci4-g4a\system\Database\BaseConnection.php(636): CodeIgniter\Database\BaseConnection->simpleQuery('SELECT *\nFROM `...')
#3 C:\xampp\htdocs\ci4-g4a\system\Database\BaseBuilder.php(1629): CodeIgniter\Database\BaseConnection->query('SELECT *\nFROM `...', Array, false)
#4 C:\xampp\htdocs\ci4-g4a\system\Model.php(319): CodeIgniter\Database\BaseBuilder->get()
#5 C:\xampp\htdocs\ci4-g4a\system\BaseModel.php(714): CodeIgniter\Model->doFirst()
#6 C:\xampp\htdocs\ci4-g4a\vendor\myth\auth\src\Authentication\LocalAuthenticator.php(140): CodeIgniter\BaseModel->first()
#7 C:\xampp\htdocs\ci4-g4a\vendor\myth\auth\src\Authentication\LocalAuthenticator.php(19): Myth\Auth\Authentication\LocalAuthenticator->validate(Array, true)
#8 C:\xampp\htdocs\ci4-g4a\app\Controllers\AuthController.php(125): Myth\Auth\Authentication\LocalAuthenticator->attempt(Array, false)
#9 C:\xampp\htdocs\ci4-g4a\system\CodeIgniter.php(933): App\Controllers\AuthController->attemptLogin()
#10 C:\xampp\htdocs\ci4-g4a\system\CodeIgniter.php(509): CodeIgniter\CodeIgniter->runController(Object(App\Controllers\AuthController))
#11 C:\xampp\htdocs\ci4-g4a\system\CodeIgniter.php(355): CodeIgniter\CodeIgniter->handleRequest(NULL, Object(Config\Cache), false)
#12 C:\xampp\htdocs\ci4-g4a\system\Boot.php(312): CodeIgniter\CodeIgniter->run()
#13 C:\xampp\htdocs\ci4-g4a\system\Boot.php(67): CodeIgniter\Boot::runCodeIgniter(Object(CodeIgniter\CodeIgniter))
#14 C:\xampp\htdocs\ci4-g4a\public\index.php(56): CodeIgniter\Boot::bootWeb(Object(Config\Paths))
#15 C:\xampp\htdocs\ci4-g4a\system\Commands\Server\rewrite.php(49): require_once('C:\\xampp\\htdocs...')
#16 {main}
CRITICAL - 2024-05-04 15:28:01 --> CodeIgniter\Database\Exceptions\DatabaseException: Table 'games4all.users' doesn't exist
[Method: POST, Route: login]
in SYSTEMPATH\Database\BaseConnection.php on line 676.
 1 SYSTEMPATH\Database\BaseBuilder.php(1629): CodeIgniter\Database\BaseConnection->query('SELECT *
FROM `users`
WHERE `email` = :email:
AND `users`.`deleted_at` IS NULL
 LIMIT 1', [...], false)
 2 SYSTEMPATH\Model.php(319): CodeIgniter\Database\BaseBuilder->get()
 3 SYSTEMPATH\BaseModel.php(714): CodeIgniter\Model->doFirst()
 4 VENDORPATH\myth\auth\src\Authentication\LocalAuthenticator.php(140): CodeIgniter\BaseModel->first()
 5 VENDORPATH\myth\auth\src\Authentication\LocalAuthenticator.php(19): Myth\Auth\Authentication\LocalAuthenticator->validate([...], true)
 6 APPPATH\Controllers\AuthController.php(125): Myth\Auth\Authentication\LocalAuthenticator->attempt([...], false)
 7 SYSTEMPATH\CodeIgniter.php(933): App\Controllers\AuthController->attemptLogin()
 8 SYSTEMPATH\CodeIgniter.php(509): CodeIgniter\CodeIgniter->runController(Object(App\Controllers\AuthController))
 9 SYSTEMPATH\CodeIgniter.php(355): CodeIgniter\CodeIgniter->handleRequest(null, Object(Config\Cache), false)
10 SYSTEMPATH\Boot.php(312): CodeIgniter\CodeIgniter->run()
11 SYSTEMPATH\Boot.php(67): CodeIgniter\Boot::runCodeIgniter(Object(CodeIgniter\CodeIgniter))
12 FCPATH\index.php(56): CodeIgniter\Boot::bootWeb(Object(Config\Paths))
13 SYSTEMPATH\Commands\Server\rewrite.php(49): require_once('C:\\xampp\\htdocs\\ci4-g4a\\public\\index.php')
CRITICAL - 2024-05-04 15:28:01 --> [Caused by] CodeIgniter\Database\Exceptions\DatabaseException: Table 'games4all.users' doesn't exist
in SYSTEMPATH\Database\MySQLi\Connection.php on line 313.
 1 SYSTEMPATH\Database\BaseConnection.php(722): CodeIgniter\Database\MySQLi\Connection->execute('SELECT *
FROM `users`
WHERE `email` = \'admin\'
AND `users`.`deleted_at` IS NULL
 LIMIT 1')
 2 SYSTEMPATH\Database\BaseConnection.php(636): CodeIgniter\Database\BaseConnection->simpleQuery('SELECT *
FROM `users`
WHERE `email` = \'admin\'
AND `users`.`deleted_at` IS NULL
 LIMIT 1')
 3 SYSTEMPATH\Database\BaseBuilder.php(1629): CodeIgniter\Database\BaseConnection->query('SELECT *
FROM `users`
WHERE `email` = :email:
AND `users`.`deleted_at` IS NULL
 LIMIT 1', [...], false)
 4 SYSTEMPATH\Model.php(319): CodeIgniter\Database\BaseBuilder->get()
 5 SYSTEMPATH\BaseModel.php(714): CodeIgniter\Model->doFirst()
 6 VENDORPATH\myth\auth\src\Authentication\LocalAuthenticator.php(140): CodeIgniter\BaseModel->first()
 7 VENDORPATH\myth\auth\src\Authentication\LocalAuthenticator.php(19): Myth\Auth\Authentication\LocalAuthenticator->validate([...], true)
 8 APPPATH\Controllers\AuthController.php(125): Myth\Auth\Authentication\LocalAuthenticator->attempt([...], false)
 9 SYSTEMPATH\CodeIgniter.php(933): App\Controllers\AuthController->attemptLogin()
10 SYSTEMPATH\CodeIgniter.php(509): CodeIgniter\CodeIgniter->runController(Object(App\Controllers\AuthController))
11 SYSTEMPATH\CodeIgniter.php(355): CodeIgniter\CodeIgniter->handleRequest(null, Object(Config\Cache), false)
12 SYSTEMPATH\Boot.php(312): CodeIgniter\CodeIgniter->run()
13 SYSTEMPATH\Boot.php(67): CodeIgniter\Boot::runCodeIgniter(Object(CodeIgniter\CodeIgniter))
14 FCPATH\index.php(56): CodeIgniter\Boot::bootWeb(Object(Config\Paths))
15 SYSTEMPATH\Commands\Server\rewrite.php(49): require_once('C:\\xampp\\htdocs\\ci4-g4a\\public\\index.php')
CRITICAL - 2024-05-04 15:28:01 --> [Caused by] mysqli_sql_exception: Table 'games4all.users' doesn't exist
in SYSTEMPATH\Database\MySQLi\Connection.php on line 308.
 1 SYSTEMPATH\Database\MySQLi\Connection.php(308): mysqli->query('SELECT *
FROM `users`
WHERE `email` = \'admin\'
AND `users`.`deleted_at` IS NULL
 LIMIT 1', 0)
 2 SYSTEMPATH\Database\BaseConnection.php(722): CodeIgniter\Database\MySQLi\Connection->execute('SELECT *
FROM `users`
WHERE `email` = \'admin\'
AND `users`.`deleted_at` IS NULL
 LIMIT 1')
 3 SYSTEMPATH\Database\BaseConnection.php(636): CodeIgniter\Database\BaseConnection->simpleQuery('SELECT *
FROM `users`
WHERE `email` = \'admin\'
AND `users`.`deleted_at` IS NULL
 LIMIT 1')
 4 SYSTEMPATH\Database\BaseBuilder.php(1629): CodeIgniter\Database\BaseConnection->query('SELECT *
FROM `users`
WHERE `email` = :email:
AND `users`.`deleted_at` IS NULL
 LIMIT 1', [...], false)
 5 SYSTEMPATH\Model.php(319): CodeIgniter\Database\BaseBuilder->get()
 6 SYSTEMPATH\BaseModel.php(714): CodeIgniter\Model->doFirst()
 7 VENDORPATH\myth\auth\src\Authentication\LocalAuthenticator.php(140): CodeIgniter\BaseModel->first()
 8 VENDORPATH\myth\auth\src\Authentication\LocalAuthenticator.php(19): Myth\Auth\Authentication\LocalAuthenticator->validate([...], true)
 9 APPPATH\Controllers\AuthController.php(125): Myth\Auth\Authentication\LocalAuthenticator->attempt([...], false)
10 SYSTEMPATH\CodeIgniter.php(933): App\Controllers\AuthController->attemptLogin()
11 SYSTEMPATH\CodeIgniter.php(509): CodeIgniter\CodeIgniter->runController(Object(App\Controllers\AuthController))
12 SYSTEMPATH\CodeIgniter.php(355): CodeIgniter\CodeIgniter->handleRequest(null, Object(Config\Cache), false)
13 SYSTEMPATH\Boot.php(312): CodeIgniter\CodeIgniter->run()
14 SYSTEMPATH\Boot.php(67): CodeIgniter\Boot::runCodeIgniter(Object(CodeIgniter\CodeIgniter))
15 FCPATH\index.php(56): CodeIgniter\Boot::bootWeb(Object(Config\Paths))
16 SYSTEMPATH\Commands\Server\rewrite.php(49): require_once('C:\\xampp\\htdocs\\ci4-g4a\\public\\index.php')
ERROR - 2024-05-04 15:28:06 --> mysqli_sql_exception: Table 'games4all.users' doesn't exist in C:\xampp\htdocs\ci4-g4a\system\Database\MySQLi\Connection.php:308
Stack trace:
#0 C:\xampp\htdocs\ci4-g4a\system\Database\MySQLi\Connection.php(308): mysqli->query('SELECT *\nFROM `...', 0)
#1 C:\xampp\htdocs\ci4-g4a\system\Database\BaseConnection.php(722): CodeIgniter\Database\MySQLi\Connection->execute('SELECT *\nFROM `...')
#2 C:\xampp\htdocs\ci4-g4a\system\Database\BaseConnection.php(636): CodeIgniter\Database\BaseConnection->simpleQuery('SELECT *\nFROM `...')
#3 C:\xampp\htdocs\ci4-g4a\system\Database\BaseBuilder.php(1629): CodeIgniter\Database\BaseConnection->query('SELECT *\nFROM `...', Array, false)
#4 C:\xampp\htdocs\ci4-g4a\system\Model.php(319): CodeIgniter\Database\BaseBuilder->get()
#5 C:\xampp\htdocs\ci4-g4a\system\BaseModel.php(714): CodeIgniter\Model->doFirst()
#6 C:\xampp\htdocs\ci4-g4a\vendor\myth\auth\src\Authentication\LocalAuthenticator.php(140): CodeIgniter\BaseModel->first()
#7 C:\xampp\htdocs\ci4-g4a\vendor\myth\auth\src\Authentication\LocalAuthenticator.php(19): Myth\Auth\Authentication\LocalAuthenticator->validate(Array, true)
#8 C:\xampp\htdocs\ci4-g4a\app\Controllers\AuthController.php(125): Myth\Auth\Authentication\LocalAuthenticator->attempt(Array, false)
#9 C:\xampp\htdocs\ci4-g4a\system\CodeIgniter.php(933): App\Controllers\AuthController->attemptLogin()
#10 C:\xampp\htdocs\ci4-g4a\system\CodeIgniter.php(509): CodeIgniter\CodeIgniter->runController(Object(App\Controllers\AuthController))
#11 C:\xampp\htdocs\ci4-g4a\system\CodeIgniter.php(355): CodeIgniter\CodeIgniter->handleRequest(NULL, Object(Config\Cache), false)
#12 C:\xampp\htdocs\ci4-g4a\system\Boot.php(312): CodeIgniter\CodeIgniter->run()
#13 C:\xampp\htdocs\ci4-g4a\system\Boot.php(67): CodeIgniter\Boot::runCodeIgniter(Object(CodeIgniter\CodeIgniter))
#14 C:\xampp\htdocs\ci4-g4a\public\index.php(56): CodeIgniter\Boot::bootWeb(Object(Config\Paths))
#15 C:\xampp\htdocs\ci4-g4a\system\Commands\Server\rewrite.php(49): require_once('C:\\xampp\\htdocs...')
#16 {main}
CRITICAL - 2024-05-04 15:28:06 --> CodeIgniter\Database\Exceptions\DatabaseException: Table 'games4all.users' doesn't exist
[Method: POST, Route: login]
in SYSTEMPATH\Database\BaseConnection.php on line 676.
 1 SYSTEMPATH\Database\BaseBuilder.php(1629): CodeIgniter\Database\BaseConnection->query('SELECT *
FROM `users`
WHERE `email` = :email:
AND `users`.`deleted_at` IS NULL
 LIMIT 1', [...], false)
 2 SYSTEMPATH\Model.php(319): CodeIgniter\Database\BaseBuilder->get()
 3 SYSTEMPATH\BaseModel.php(714): CodeIgniter\Model->doFirst()
 4 VENDORPATH\myth\auth\src\Authentication\LocalAuthenticator.php(140): CodeIgniter\BaseModel->first()
 5 VENDORPATH\myth\auth\src\Authentication\LocalAuthenticator.php(19): Myth\Auth\Authentication\LocalAuthenticator->validate([...], true)
 6 APPPATH\Controllers\AuthController.php(125): Myth\Auth\Authentication\LocalAuthenticator->attempt([...], false)
 7 SYSTEMPATH\CodeIgniter.php(933): App\Controllers\AuthController->attemptLogin()
 8 SYSTEMPATH\CodeIgniter.php(509): CodeIgniter\CodeIgniter->runController(Object(App\Controllers\AuthController))
 9 SYSTEMPATH\CodeIgniter.php(355): CodeIgniter\CodeIgniter->handleRequest(null, Object(Config\Cache), false)
10 SYSTEMPATH\Boot.php(312): CodeIgniter\CodeIgniter->run()
11 SYSTEMPATH\Boot.php(67): CodeIgniter\Boot::runCodeIgniter(Object(CodeIgniter\CodeIgniter))
12 FCPATH\index.php(56): CodeIgniter\Boot::bootWeb(Object(Config\Paths))
13 SYSTEMPATH\Commands\Server\rewrite.php(49): require_once('C:\\xampp\\htdocs\\ci4-g4a\\public\\index.php')
CRITICAL - 2024-05-04 15:28:06 --> [Caused by] CodeIgniter\Database\Exceptions\DatabaseException: Table 'games4all.users' doesn't exist
in SYSTEMPATH\Database\MySQLi\Connection.php on line 313.
 1 SYSTEMPATH\Database\BaseConnection.php(722): CodeIgniter\Database\MySQLi\Connection->execute('SELECT *
FROM `users`
WHERE `email` = \'admin\'
AND `users`.`deleted_at` IS NULL
 LIMIT 1')
 2 SYSTEMPATH\Database\BaseConnection.php(636): CodeIgniter\Database\BaseConnection->simpleQuery('SELECT *
FROM `users`
WHERE `email` = \'admin\'
AND `users`.`deleted_at` IS NULL
 LIMIT 1')
 3 SYSTEMPATH\Database\BaseBuilder.php(1629): CodeIgniter\Database\BaseConnection->query('SELECT *
FROM `users`
WHERE `email` = :email:
AND `users`.`deleted_at` IS NULL
 LIMIT 1', [...], false)
 4 SYSTEMPATH\Model.php(319): CodeIgniter\Database\BaseBuilder->get()
 5 SYSTEMPATH\BaseModel.php(714): CodeIgniter\Model->doFirst()
 6 VENDORPATH\myth\auth\src\Authentication\LocalAuthenticator.php(140): CodeIgniter\BaseModel->first()
 7 VENDORPATH\myth\auth\src\Authentication\LocalAuthenticator.php(19): Myth\Auth\Authentication\LocalAuthenticator->validate([...], true)
 8 APPPATH\Controllers\AuthController.php(125): Myth\Auth\Authentication\LocalAuthenticator->attempt([...], false)
 9 SYSTEMPATH\CodeIgniter.php(933): App\Controllers\AuthController->attemptLogin()
10 SYSTEMPATH\CodeIgniter.php(509): CodeIgniter\CodeIgniter->runController(Object(App\Controllers\AuthController))
11 SYSTEMPATH\CodeIgniter.php(355): CodeIgniter\CodeIgniter->handleRequest(null, Object(Config\Cache), false)
12 SYSTEMPATH\Boot.php(312): CodeIgniter\CodeIgniter->run()
13 SYSTEMPATH\Boot.php(67): CodeIgniter\Boot::runCodeIgniter(Object(CodeIgniter\CodeIgniter))
14 FCPATH\index.php(56): CodeIgniter\Boot::bootWeb(Object(Config\Paths))
15 SYSTEMPATH\Commands\Server\rewrite.php(49): require_once('C:\\xampp\\htdocs\\ci4-g4a\\public\\index.php')
CRITICAL - 2024-05-04 15:28:06 --> [Caused by] mysqli_sql_exception: Table 'games4all.users' doesn't exist
in SYSTEMPATH\Database\MySQLi\Connection.php on line 308.
 1 SYSTEMPATH\Database\MySQLi\Connection.php(308): mysqli->query('SELECT *
FROM `users`
WHERE `email` = \'admin\'
AND `users`.`deleted_at` IS NULL
 LIMIT 1', 0)
 2 SYSTEMPATH\Database\BaseConnection.php(722): CodeIgniter\Database\MySQLi\Connection->execute('SELECT *
FROM `users`
WHERE `email` = \'admin\'
AND `users`.`deleted_at` IS NULL
 LIMIT 1')
 3 SYSTEMPATH\Database\BaseConnection.php(636): CodeIgniter\Database\BaseConnection->simpleQuery('SELECT *
FROM `users`
WHERE `email` = \'admin\'
AND `users`.`deleted_at` IS NULL
 LIMIT 1')
 4 SYSTEMPATH\Database\BaseBuilder.php(1629): CodeIgniter\Database\BaseConnection->query('SELECT *
FROM `users`
WHERE `email` = :email:
AND `users`.`deleted_at` IS NULL
 LIMIT 1', [...], false)
 5 SYSTEMPATH\Model.php(319): CodeIgniter\Database\BaseBuilder->get()
 6 SYSTEMPATH\BaseModel.php(714): CodeIgniter\Model->doFirst()
 7 VENDORPATH\myth\auth\src\Authentication\LocalAuthenticator.php(140): CodeIgniter\BaseModel->first()
 8 VENDORPATH\myth\auth\src\Authentication\LocalAuthenticator.php(19): Myth\Auth\Authentication\LocalAuthenticator->validate([...], true)
 9 APPPATH\Controllers\AuthController.php(125): Myth\Auth\Authentication\LocalAuthenticator->attempt([...], false)
10 SYSTEMPATH\CodeIgniter.php(933): App\Controllers\AuthController->attemptLogin()
11 SYSTEMPATH\CodeIgniter.php(509): CodeIgniter\CodeIgniter->runController(Object(App\Controllers\AuthController))
12 SYSTEMPATH\CodeIgniter.php(355): CodeIgniter\CodeIgniter->handleRequest(null, Object(Config\Cache), false)
13 SYSTEMPATH\Boot.php(312): CodeIgniter\CodeIgniter->run()
14 SYSTEMPATH\Boot.php(67): CodeIgniter\Boot::runCodeIgniter(Object(CodeIgniter\CodeIgniter))
15 FCPATH\index.php(56): CodeIgniter\Boot::bootWeb(Object(Config\Paths))
16 SYSTEMPATH\Commands\Server\rewrite.php(49): require_once('C:\\xampp\\htdocs\\ci4-g4a\\public\\index.php')
CRITICAL - 2024-05-04 15:38:08 --> Error: Class "Myth\Auth\Config\AuthConfig" not found
[Method: GET, Route: login]
in APPPATH\Config\Auth.php on line 7.
 1 SYSTEMPATH\Autoloader\Autoloader.php(317): include_once()
 2 SYSTEMPATH\Autoloader\Autoloader.php(296): CodeIgniter\Autoloader\Autoloader->includeFile('C:\\xampp\\htdocs\\ci4-g4a\\app\\Config\\Auth.php')
 3 SYSTEMPATH\Autoloader\Autoloader.php(272): CodeIgniter\Autoloader\Autoloader->loadInNamespace('Config\\Auth')
 4 [internal function]: CodeIgniter\Autoloader\Autoloader->loadClass('Config\\Auth')
 5 SYSTEMPATH\Config\Factories.php(290): class_exists('Config\\Auth')
 6 SYSTEMPATH\Config\Factories.php(216): CodeIgniter\Config\Factories::locateClass([...], 'Auth')
 7 SYSTEMPATH\Config\Factories.php(159): CodeIgniter\Config\Factories::getDefinedInstance([...], 'Auth', [])
 8 SYSTEMPATH\Config\Factories.php(188): CodeIgniter\Config\Factories::__callStatic('config', [])
 9 SYSTEMPATH\Common.php(207): CodeIgniter\Config\Factories::get('config', 'Auth')
10 APPPATH\Controllers\AuthController.php(31): config('Auth')
11 SYSTEMPATH\CodeIgniter.php(903): App\Controllers\AuthController->__construct()
12 SYSTEMPATH\CodeIgniter.php(500): CodeIgniter\CodeIgniter->createController()
13 SYSTEMPATH\CodeIgniter.php(355): CodeIgniter\CodeIgniter->handleRequest(null, Object(Config\Cache), false)
14 SYSTEMPATH\Boot.php(312): CodeIgniter\CodeIgniter->run()
15 SYSTEMPATH\Boot.php(67): CodeIgniter\Boot::runCodeIgniter(Object(CodeIgniter\CodeIgniter))
16 FCPATH\index.php(56): CodeIgniter\Boot::bootWeb(Object(Config\Paths))
17 SYSTEMPATH\Commands\Server\rewrite.php(49): require_once('C:\\xampp\\htdocs\\ci4-g4a\\public\\index.php')
CRITICAL - 2024-05-04 15:38:16 --> Error: Class "Myth\Auth\Config\AuthConfig" not found
[Method: POST, Route: login]
in APPPATH\Config\Auth.php on line 7.
 1 SYSTEMPATH\Autoloader\Autoloader.php(317): include_once()
 2 SYSTEMPATH\Autoloader\Autoloader.php(296): CodeIgniter\Autoloader\Autoloader->includeFile('C:\\xampp\\htdocs\\ci4-g4a\\app\\Config\\Auth.php')
 3 SYSTEMPATH\Autoloader\Autoloader.php(272): CodeIgniter\Autoloader\Autoloader->loadInNamespace('Config\\Auth')
 4 [internal function]: CodeIgniter\Autoloader\Autoloader->loadClass('Config\\Auth')
 5 SYSTEMPATH\Config\Factories.php(290): class_exists('Config\\Auth')
 6 SYSTEMPATH\Config\Factories.php(216): CodeIgniter\Config\Factories::locateClass([...], 'Auth')
 7 SYSTEMPATH\Config\Factories.php(159): CodeIgniter\Config\Factories::getDefinedInstance([...], 'Auth', [])
 8 SYSTEMPATH\Config\Factories.php(188): CodeIgniter\Config\Factories::__callStatic('config', [])
 9 SYSTEMPATH\Common.php(207): CodeIgniter\Config\Factories::get('config', 'Auth')
10 APPPATH\Controllers\AuthController.php(31): config('Auth')
11 SYSTEMPATH\CodeIgniter.php(903): App\Controllers\AuthController->__construct()
12 SYSTEMPATH\CodeIgniter.php(500): CodeIgniter\CodeIgniter->createController()
13 SYSTEMPATH\CodeIgniter.php(355): CodeIgniter\CodeIgniter->handleRequest(null, Object(Config\Cache), false)
14 SYSTEMPATH\Boot.php(312): CodeIgniter\CodeIgniter->run()
15 SYSTEMPATH\Boot.php(67): CodeIgniter\Boot::runCodeIgniter(Object(CodeIgniter\CodeIgniter))
16 FCPATH\index.php(56): CodeIgniter\Boot::bootWeb(Object(Config\Paths))
17 SYSTEMPATH\Commands\Server\rewrite.php(49): require_once('C:\\xampp\\htdocs\\ci4-g4a\\public\\index.php')
CRITICAL - 2024-05-04 15:41:09 --> Error: Class "Config\AuthConfig" not found
[Method: POST, Route: login]
in APPPATH\Config\Auth.php on line 7.
 1 SYSTEMPATH\Autoloader\Autoloader.php(317): include_once()
 2 SYSTEMPATH\Autoloader\Autoloader.php(296): CodeIgniter\Autoloader\Autoloader->includeFile('C:\\xampp\\htdocs\\ci4-g4a\\app\\Config\\Auth.php')
 3 SYSTEMPATH\Autoloader\Autoloader.php(272): CodeIgniter\Autoloader\Autoloader->loadInNamespace('Config\\Auth')
 4 [internal function]: CodeIgniter\Autoloader\Autoloader->loadClass('Config\\Auth')
 5 SYSTEMPATH\Config\Factories.php(290): class_exists('Config\\Auth')
 6 SYSTEMPATH\Config\Factories.php(216): CodeIgniter\Config\Factories::locateClass([...], 'Auth')
 7 SYSTEMPATH\Config\Factories.php(159): CodeIgniter\Config\Factories::getDefinedInstance([...], 'Auth', [])
 8 SYSTEMPATH\Config\Factories.php(188): CodeIgniter\Config\Factories::__callStatic('config', [])
 9 SYSTEMPATH\Common.php(207): CodeIgniter\Config\Factories::get('config', 'Auth')
10 APPPATH\Controllers\AuthController.php(31): config('Auth')
11 SYSTEMPATH\CodeIgniter.php(903): App\Controllers\AuthController->__construct()
12 SYSTEMPATH\CodeIgniter.php(500): CodeIgniter\CodeIgniter->createController()
13 SYSTEMPATH\CodeIgniter.php(355): CodeIgniter\CodeIgniter->handleRequest(null, Object(Config\Cache), false)
14 SYSTEMPATH\Boot.php(312): CodeIgniter\CodeIgniter->run()
15 SYSTEMPATH\Boot.php(67): CodeIgniter\Boot::runCodeIgniter(Object(CodeIgniter\CodeIgniter))
16 FCPATH\index.php(56): CodeIgniter\Boot::bootWeb(Object(Config\Paths))
17 SYSTEMPATH\Commands\Server\rewrite.php(49): require_once('C:\\xampp\\htdocs\\ci4-g4a\\public\\index.php')
CRITICAL - 2024-05-04 15:41:19 --> Error: Class "Config\AuthConfig" not found
[Method: POST, Route: login]
in APPPATH\Config\Auth.php on line 7.
 1 SYSTEMPATH\Autoloader\Autoloader.php(317): include_once()
 2 SYSTEMPATH\Autoloader\Autoloader.php(296): CodeIgniter\Autoloader\Autoloader->includeFile('C:\\xampp\\htdocs\\ci4-g4a\\app\\Config\\Auth.php')
 3 SYSTEMPATH\Autoloader\Autoloader.php(272): CodeIgniter\Autoloader\Autoloader->loadInNamespace('Config\\Auth')
 4 [internal function]: CodeIgniter\Autoloader\Autoloader->loadClass('Config\\Auth')
 5 SYSTEMPATH\Config\Factories.php(290): class_exists('Config\\Auth')
 6 SYSTEMPATH\Config\Factories.php(216): CodeIgniter\Config\Factories::locateClass([...], 'Auth')
 7 SYSTEMPATH\Config\Factories.php(159): CodeIgniter\Config\Factories::getDefinedInstance([...], 'Auth', [])
 8 SYSTEMPATH\Config\Factories.php(188): CodeIgniter\Config\Factories::__callStatic('config', [])
 9 SYSTEMPATH\Common.php(207): CodeIgniter\Config\Factories::get('config', 'Auth')
10 APPPATH\Controllers\AuthController.php(31): config('Auth')
11 SYSTEMPATH\CodeIgniter.php(903): App\Controllers\AuthController->__construct()
12 SYSTEMPATH\CodeIgniter.php(500): CodeIgniter\CodeIgniter->createController()
13 SYSTEMPATH\CodeIgniter.php(355): CodeIgniter\CodeIgniter->handleRequest(null, Object(Config\Cache), false)
14 SYSTEMPATH\Boot.php(312): CodeIgniter\CodeIgniter->run()
15 SYSTEMPATH\Boot.php(67): CodeIgniter\Boot::runCodeIgniter(Object(CodeIgniter\CodeIgniter))
16 FCPATH\index.php(56): CodeIgniter\Boot::bootWeb(Object(Config\Paths))
17 SYSTEMPATH\Commands\Server\rewrite.php(49): require_once('C:\\xampp\\htdocs\\ci4-g4a\\public\\index.php')
CRITICAL - 2024-05-04 15:41:55 --> Error: Class "Config\AuthConfig" not found
[Method: POST, Route: login]
in APPPATH\Config\Auth.php on line 7.
 1 SYSTEMPATH\Autoloader\Autoloader.php(317): include_once()
 2 SYSTEMPATH\Autoloader\Autoloader.php(296): CodeIgniter\Autoloader\Autoloader->includeFile('C:\\xampp\\htdocs\\ci4-g4a\\app\\Config\\Auth.php')
 3 SYSTEMPATH\Autoloader\Autoloader.php(272): CodeIgniter\Autoloader\Autoloader->loadInNamespace('Config\\Auth')
 4 [internal function]: CodeIgniter\Autoloader\Autoloader->loadClass('Config\\Auth')
 5 SYSTEMPATH\Config\Factories.php(290): class_exists('Config\\Auth')
 6 SYSTEMPATH\Config\Factories.php(216): CodeIgniter\Config\Factories::locateClass([...], 'Auth')
 7 SYSTEMPATH\Config\Factories.php(159): CodeIgniter\Config\Factories::getDefinedInstance([...], 'Auth', [])
 8 SYSTEMPATH\Config\Factories.php(188): CodeIgniter\Config\Factories::__callStatic('config', [])
 9 SYSTEMPATH\Common.php(207): CodeIgniter\Config\Factories::get('config', 'Auth')
10 APPPATH\Controllers\AuthController.php(31): config('Auth')
11 SYSTEMPATH\CodeIgniter.php(903): App\Controllers\AuthController->__construct()
12 SYSTEMPATH\CodeIgniter.php(500): CodeIgniter\CodeIgniter->createController()
13 SYSTEMPATH\CodeIgniter.php(355): CodeIgniter\CodeIgniter->handleRequest(null, Object(Config\Cache), false)
14 SYSTEMPATH\Boot.php(312): CodeIgniter\CodeIgniter->run()
15 SYSTEMPATH\Boot.php(67): CodeIgniter\Boot::runCodeIgniter(Object(CodeIgniter\CodeIgniter))
16 FCPATH\index.php(56): CodeIgniter\Boot::bootWeb(Object(Config\Paths))
17 SYSTEMPATH\Commands\Server\rewrite.php(49): require_once('C:\\xampp\\htdocs\\ci4-g4a\\public\\index.php')
CRITICAL - 2024-05-04 15:45:20 --> Error: Class "Myth\Auth\Config\AuthConfig" not found
[Method: POST, Route: login]
in APPPATH\Config\Auth.php on line 7.
 1 SYSTEMPATH\Autoloader\Autoloader.php(317): include_once()
 2 SYSTEMPATH\Autoloader\Autoloader.php(296): CodeIgniter\Autoloader\Autoloader->includeFile('C:\\xampp\\htdocs\\ci4-g4a\\app\\Config\\Auth.php')
 3 SYSTEMPATH\Autoloader\Autoloader.php(272): CodeIgniter\Autoloader\Autoloader->loadInNamespace('Config\\Auth')
 4 [internal function]: CodeIgniter\Autoloader\Autoloader->loadClass('Config\\Auth')
 5 SYSTEMPATH\Config\Factories.php(290): class_exists('Config\\Auth')
 6 SYSTEMPATH\Config\Factories.php(216): CodeIgniter\Config\Factories::locateClass([...], 'Auth')
 7 SYSTEMPATH\Config\Factories.php(159): CodeIgniter\Config\Factories::getDefinedInstance([...], 'Auth', [])
 8 SYSTEMPATH\Config\Factories.php(188): CodeIgniter\Config\Factories::__callStatic('config', [])
 9 SYSTEMPATH\Common.php(207): CodeIgniter\Config\Factories::get('config', 'Auth')
10 APPPATH\Controllers\AuthController.php(31): config('Auth')
11 SYSTEMPATH\CodeIgniter.php(903): App\Controllers\AuthController->__construct()
12 SYSTEMPATH\CodeIgniter.php(500): CodeIgniter\CodeIgniter->createController()
13 SYSTEMPATH\CodeIgniter.php(355): CodeIgniter\CodeIgniter->handleRequest(null, Object(Config\Cache), false)
14 SYSTEMPATH\Boot.php(312): CodeIgniter\CodeIgniter->run()
15 SYSTEMPATH\Boot.php(67): CodeIgniter\Boot::runCodeIgniter(Object(CodeIgniter\CodeIgniter))
16 FCPATH\index.php(56): CodeIgniter\Boot::bootWeb(Object(Config\Paths))
17 SYSTEMPATH\Commands\Server\rewrite.php(49): require_once('C:\\xampp\\htdocs\\ci4-g4a\\public\\index.php')
CRITICAL - 2024-05-04 15:45:24 --> Error: Class "Myth\Auth\Config\AuthConfig" not found
[Method: POST, Route: register]
in APPPATH\Config\Auth.php on line 7.
 1 SYSTEMPATH\Autoloader\Autoloader.php(317): include_once()
 2 SYSTEMPATH\Autoloader\Autoloader.php(296): CodeIgniter\Autoloader\Autoloader->includeFile('C:\\xampp\\htdocs\\ci4-g4a\\app\\Config\\Auth.php')
 3 SYSTEMPATH\Autoloader\Autoloader.php(272): CodeIgniter\Autoloader\Autoloader->loadInNamespace('Config\\Auth')
 4 [internal function]: CodeIgniter\Autoloader\Autoloader->loadClass('Config\\Auth')
 5 SYSTEMPATH\Config\Factories.php(290): class_exists('Config\\Auth')
 6 SYSTEMPATH\Config\Factories.php(216): CodeIgniter\Config\Factories::locateClass([...], 'Auth')
 7 SYSTEMPATH\Config\Factories.php(159): CodeIgniter\Config\Factories::getDefinedInstance([...], 'Auth', [])
 8 SYSTEMPATH\Config\Factories.php(188): CodeIgniter\Config\Factories::__callStatic('config', [])
 9 SYSTEMPATH\Common.php(207): CodeIgniter\Config\Factories::get('config', 'Auth')
10 APPPATH\Controllers\AuthController.php(31): config('Auth')
11 SYSTEMPATH\CodeIgniter.php(903): App\Controllers\AuthController->__construct()
12 SYSTEMPATH\CodeIgniter.php(500): CodeIgniter\CodeIgniter->createController()
13 SYSTEMPATH\CodeIgniter.php(355): CodeIgniter\CodeIgniter->handleRequest(null, Object(Config\Cache), false)
14 SYSTEMPATH\Boot.php(312): CodeIgniter\CodeIgniter->run()
15 SYSTEMPATH\Boot.php(67): CodeIgniter\Boot::runCodeIgniter(Object(CodeIgniter\CodeIgniter))
16 FCPATH\index.php(56): CodeIgniter\Boot::bootWeb(Object(Config\Paths))
17 SYSTEMPATH\Commands\Server\rewrite.php(49): require_once('C:\\xampp\\htdocs\\ci4-g4a\\public\\index.php')
CRITICAL - 2024-05-04 15:45:26 --> Error: Class "Myth\Auth\Config\AuthConfig" not found
[Method: POST, Route: login]
in APPPATH\Config\Auth.php on line 7.
 1 SYSTEMPATH\Autoloader\Autoloader.php(317): include_once()
 2 SYSTEMPATH\Autoloader\Autoloader.php(296): CodeIgniter\Autoloader\Autoloader->includeFile('C:\\xampp\\htdocs\\ci4-g4a\\app\\Config\\Auth.php')
 3 SYSTEMPATH\Autoloader\Autoloader.php(272): CodeIgniter\Autoloader\Autoloader->loadInNamespace('Config\\Auth')
 4 [internal function]: CodeIgniter\Autoloader\Autoloader->loadClass('Config\\Auth')
 5 SYSTEMPATH\Config\Factories.php(290): class_exists('Config\\Auth')
 6 SYSTEMPATH\Config\Factories.php(216): CodeIgniter\Config\Factories::locateClass([...], 'Auth')
 7 SYSTEMPATH\Config\Factories.php(159): CodeIgniter\Config\Factories::getDefinedInstance([...], 'Auth', [])
 8 SYSTEMPATH\Config\Factories.php(188): CodeIgniter\Config\Factories::__callStatic('config', [])
 9 SYSTEMPATH\Common.php(207): CodeIgniter\Config\Factories::get('config', 'Auth')
10 APPPATH\Controllers\AuthController.php(31): config('Auth')
11 SYSTEMPATH\CodeIgniter.php(903): App\Controllers\AuthController->__construct()
12 SYSTEMPATH\CodeIgniter.php(500): CodeIgniter\CodeIgniter->createController()
13 SYSTEMPATH\CodeIgniter.php(355): CodeIgniter\CodeIgniter->handleRequest(null, Object(Config\Cache), false)
14 SYSTEMPATH\Boot.php(312): CodeIgniter\CodeIgniter->run()
15 SYSTEMPATH\Boot.php(67): CodeIgniter\Boot::runCodeIgniter(Object(CodeIgniter\CodeIgniter))
16 FCPATH\index.php(56): CodeIgniter\Boot::bootWeb(Object(Config\Paths))
17 SYSTEMPATH\Commands\Server\rewrite.php(49): require_once('C:\\xampp\\htdocs\\ci4-g4a\\public\\index.php')
CRITICAL - 2024-05-04 15:49:18 --> Error: Class "Myth\Auth\Config\AuthConfig" not found
[Method: POST, Route: login]
in APPPATH\Config\Auth.php on line 7.
 1 SYSTEMPATH\Autoloader\Autoloader.php(317): include_once()
 2 SYSTEMPATH\Autoloader\Autoloader.php(296): CodeIgniter\Autoloader\Autoloader->includeFile('C:\\xampp\\htdocs\\ci4-g4a\\app\\Config\\Auth.php')
 3 SYSTEMPATH\Autoloader\Autoloader.php(272): CodeIgniter\Autoloader\Autoloader->loadInNamespace('Config\\Auth')
 4 [internal function]: CodeIgniter\Autoloader\Autoloader->loadClass('Config\\Auth')
 5 SYSTEMPATH\Config\Factories.php(290): class_exists('Config\\Auth')
 6 SYSTEMPATH\Config\Factories.php(216): CodeIgniter\Config\Factories::locateClass([...], 'Auth')
 7 SYSTEMPATH\Config\Factories.php(159): CodeIgniter\Config\Factories::getDefinedInstance([...], 'Auth', [])
 8 SYSTEMPATH\Config\Factories.php(188): CodeIgniter\Config\Factories::__callStatic('config', [])
 9 SYSTEMPATH\Common.php(207): CodeIgniter\Config\Factories::get('config', 'Auth')
10 APPPATH\Controllers\AuthController.php(31): config('Auth')
11 SYSTEMPATH\CodeIgniter.php(903): App\Controllers\AuthController->__construct()
12 SYSTEMPATH\CodeIgniter.php(500): CodeIgniter\CodeIgniter->createController()
13 SYSTEMPATH\CodeIgniter.php(355): CodeIgniter\CodeIgniter->handleRequest(null, Object(Config\Cache), false)
14 SYSTEMPATH\Boot.php(312): CodeIgniter\CodeIgniter->run()
15 SYSTEMPATH\Boot.php(67): CodeIgniter\Boot::runCodeIgniter(Object(CodeIgniter\CodeIgniter))
16 FCPATH\index.php(56): CodeIgniter\Boot::bootWeb(Object(Config\Paths))
17 SYSTEMPATH\Commands\Server\rewrite.php(49): require_once('C:\\xampp\\htdocs\\ci4-g4a\\public\\index.php')
CRITICAL - 2024-05-04 15:49:21 --> Error: Class "Myth\Auth\Config\AuthConfig" not found
[Method: POST, Route: login]
in APPPATH\Config\Auth.php on line 7.
 1 SYSTEMPATH\Autoloader\Autoloader.php(317): include_once()
 2 SYSTEMPATH\Autoloader\Autoloader.php(296): CodeIgniter\Autoloader\Autoloader->includeFile('C:\\xampp\\htdocs\\ci4-g4a\\app\\Config\\Auth.php')
 3 SYSTEMPATH\Autoloader\Autoloader.php(272): CodeIgniter\Autoloader\Autoloader->loadInNamespace('Config\\Auth')
 4 [internal function]: CodeIgniter\Autoloader\Autoloader->loadClass('Config\\Auth')
 5 SYSTEMPATH\Config\Factories.php(290): class_exists('Config\\Auth')
 6 SYSTEMPATH\Config\Factories.php(216): CodeIgniter\Config\Factories::locateClass([...], 'Auth')
 7 SYSTEMPATH\Config\Factories.php(159): CodeIgniter\Config\Factories::getDefinedInstance([...], 'Auth', [])
 8 SYSTEMPATH\Config\Factories.php(188): CodeIgniter\Config\Factories::__callStatic('config', [])
 9 SYSTEMPATH\Common.php(207): CodeIgniter\Config\Factories::get('config', 'Auth')
10 APPPATH\Controllers\AuthController.php(31): config('Auth')
11 SYSTEMPATH\CodeIgniter.php(903): App\Controllers\AuthController->__construct()
12 SYSTEMPATH\CodeIgniter.php(500): CodeIgniter\CodeIgniter->createController()
13 SYSTEMPATH\CodeIgniter.php(355): CodeIgniter\CodeIgniter->handleRequest(null, Object(Config\Cache), false)
14 SYSTEMPATH\Boot.php(312): CodeIgniter\CodeIgniter->run()
15 SYSTEMPATH\Boot.php(67): CodeIgniter\Boot::runCodeIgniter(Object(CodeIgniter\CodeIgniter))
16 FCPATH\index.php(56): CodeIgniter\Boot::bootWeb(Object(Config\Paths))
17 SYSTEMPATH\Commands\Server\rewrite.php(49): require_once('C:\\xampp\\htdocs\\ci4-g4a\\public\\index.php')
ERROR - 2024-05-04 16:02:44 --> mysqli_sql_exception: Table 'games4all.users' doesn't exist in C:\xampp\htdocs\ci4-g4a\system\Database\MySQLi\Connection.php:308
Stack trace:
#0 C:\xampp\htdocs\ci4-g4a\system\Database\MySQLi\Connection.php(308): mysqli->query('SELECT *\nFROM `...', 0)
#1 C:\xampp\htdocs\ci4-g4a\system\Database\BaseConnection.php(722): CodeIgniter\Database\MySQLi\Connection->execute('SELECT *\nFROM `...')
#2 C:\xampp\htdocs\ci4-g4a\system\Database\BaseConnection.php(636): CodeIgniter\Database\BaseConnection->simpleQuery('SELECT *\nFROM `...')
#3 C:\xampp\htdocs\ci4-g4a\system\Database\BaseBuilder.php(1629): CodeIgniter\Database\BaseConnection->query('SELECT *\nFROM `...', Array, false)
#4 C:\xampp\htdocs\ci4-g4a\system\Model.php(319): CodeIgniter\Database\BaseBuilder->get()
#5 C:\xampp\htdocs\ci4-g4a\system\BaseModel.php(714): CodeIgniter\Model->doFirst()
#6 C:\xampp\htdocs\ci4-g4a\vendor\myth\auth\src\Authentication\LocalAuthenticator.php(140): CodeIgniter\BaseModel->first()
#7 C:\xampp\htdocs\ci4-g4a\vendor\myth\auth\src\Authentication\LocalAuthenticator.php(19): Myth\Auth\Authentication\LocalAuthenticator->validate(Array, true)
#8 C:\xampp\htdocs\ci4-g4a\app\Controllers\AuthController.php(87): Myth\Auth\Authentication\LocalAuthenticator->attempt(Array, false)
#9 C:\xampp\htdocs\ci4-g4a\system\CodeIgniter.php(933): App\Controllers\AuthController->attemptLogin()
#10 C:\xampp\htdocs\ci4-g4a\system\CodeIgniter.php(509): CodeIgniter\CodeIgniter->runController(Object(App\Controllers\AuthController))
#11 C:\xampp\htdocs\ci4-g4a\system\CodeIgniter.php(355): CodeIgniter\CodeIgniter->handleRequest(NULL, Object(Config\Cache), false)
#12 C:\xampp\htdocs\ci4-g4a\system\Boot.php(312): CodeIgniter\CodeIgniter->run()
#13 C:\xampp\htdocs\ci4-g4a\system\Boot.php(67): CodeIgniter\Boot::runCodeIgniter(Object(CodeIgniter\CodeIgniter))
#14 C:\xampp\htdocs\ci4-g4a\public\index.php(56): CodeIgniter\Boot::bootWeb(Object(Config\Paths))
#15 C:\xampp\htdocs\ci4-g4a\system\Commands\Server\rewrite.php(49): require_once('C:\\xampp\\htdocs...')
#16 {main}
CRITICAL - 2024-05-04 16:02:44 --> CodeIgniter\Database\Exceptions\DatabaseException: Table 'games4all.users' doesn't exist
[Method: POST, Route: login]
in SYSTEMPATH\Database\BaseConnection.php on line 676.
 1 SYSTEMPATH\Database\BaseBuilder.php(1629): CodeIgniter\Database\BaseConnection->query('SELECT *
FROM `users`
WHERE `username` = :username:
AND `users`.`deleted_at` IS NULL
 LIMIT 1', [...], false)
 2 SYSTEMPATH\Model.php(319): CodeIgniter\Database\BaseBuilder->get()
 3 SYSTEMPATH\BaseModel.php(714): CodeIgniter\Model->doFirst()
 4 VENDORPATH\myth\auth\src\Authentication\LocalAuthenticator.php(140): CodeIgniter\BaseModel->first()
 5 VENDORPATH\myth\auth\src\Authentication\LocalAuthenticator.php(19): Myth\Auth\Authentication\LocalAuthenticator->validate([...], true)
 6 APPPATH\Controllers\AuthController.php(87): Myth\Auth\Authentication\LocalAuthenticator->attempt([...], false)
 7 SYSTEMPATH\CodeIgniter.php(933): App\Controllers\AuthController->attemptLogin()
 8 SYSTEMPATH\CodeIgniter.php(509): CodeIgniter\CodeIgniter->runController(Object(App\Controllers\AuthController))
 9 SYSTEMPATH\CodeIgniter.php(355): CodeIgniter\CodeIgniter->handleRequest(null, Object(Config\Cache), false)
10 SYSTEMPATH\Boot.php(312): CodeIgniter\CodeIgniter->run()
11 SYSTEMPATH\Boot.php(67): CodeIgniter\Boot::runCodeIgniter(Object(CodeIgniter\CodeIgniter))
12 FCPATH\index.php(56): CodeIgniter\Boot::bootWeb(Object(Config\Paths))
13 SYSTEMPATH\Commands\Server\rewrite.php(49): require_once('C:\\xampp\\htdocs\\ci4-g4a\\public\\index.php')
CRITICAL - 2024-05-04 16:02:44 --> [Caused by] CodeIgniter\Database\Exceptions\DatabaseException: Table 'games4all.users' doesn't exist
in SYSTEMPATH\Database\MySQLi\Connection.php on line 313.
 1 SYSTEMPATH\Database\BaseConnection.php(722): CodeIgniter\Database\MySQLi\Connection->execute('SELECT *
FROM `users`
WHERE `username` = \'admin\'
AND `users`.`deleted_at` IS NULL
 LIMIT 1')
 2 SYSTEMPATH\Database\BaseConnection.php(636): CodeIgniter\Database\BaseConnection->simpleQuery('SELECT *
FROM `users`
WHERE `username` = \'admin\'
AND `users`.`deleted_at` IS NULL
 LIMIT 1')
 3 SYSTEMPATH\Database\BaseBuilder.php(1629): CodeIgniter\Database\BaseConnection->query('SELECT *
FROM `users`
WHERE `username` = :username:
AND `users`.`deleted_at` IS NULL
 LIMIT 1', [...], false)
 4 SYSTEMPATH\Model.php(319): CodeIgniter\Database\BaseBuilder->get()
 5 SYSTEMPATH\BaseModel.php(714): CodeIgniter\Model->doFirst()
 6 VENDORPATH\myth\auth\src\Authentication\LocalAuthenticator.php(140): CodeIgniter\BaseModel->first()
 7 VENDORPATH\myth\auth\src\Authentication\LocalAuthenticator.php(19): Myth\Auth\Authentication\LocalAuthenticator->validate([...], true)
 8 APPPATH\Controllers\AuthController.php(87): Myth\Auth\Authentication\LocalAuthenticator->attempt([...], false)
 9 SYSTEMPATH\CodeIgniter.php(933): App\Controllers\AuthController->attemptLogin()
10 SYSTEMPATH\CodeIgniter.php(509): CodeIgniter\CodeIgniter->runController(Object(App\Controllers\AuthController))
11 SYSTEMPATH\CodeIgniter.php(355): CodeIgniter\CodeIgniter->handleRequest(null, Object(Config\Cache), false)
12 SYSTEMPATH\Boot.php(312): CodeIgniter\CodeIgniter->run()
13 SYSTEMPATH\Boot.php(67): CodeIgniter\Boot::runCodeIgniter(Object(CodeIgniter\CodeIgniter))
14 FCPATH\index.php(56): CodeIgniter\Boot::bootWeb(Object(Config\Paths))
15 SYSTEMPATH\Commands\Server\rewrite.php(49): require_once('C:\\xampp\\htdocs\\ci4-g4a\\public\\index.php')
CRITICAL - 2024-05-04 16:02:44 --> [Caused by] mysqli_sql_exception: Table 'games4all.users' doesn't exist
in SYSTEMPATH\Database\MySQLi\Connection.php on line 308.
 1 SYSTEMPATH\Database\MySQLi\Connection.php(308): mysqli->query('SELECT *
FROM `users`
WHERE `username` = \'admin\'
AND `users`.`deleted_at` IS NULL
 LIMIT 1', 0)
 2 SYSTEMPATH\Database\BaseConnection.php(722): CodeIgniter\Database\MySQLi\Connection->execute('SELECT *
FROM `users`
WHERE `username` = \'admin\'
AND `users`.`deleted_at` IS NULL
 LIMIT 1')
 3 SYSTEMPATH\Database\BaseConnection.php(636): CodeIgniter\Database\BaseConnection->simpleQuery('SELECT *
FROM `users`
WHERE `username` = \'admin\'
AND `users`.`deleted_at` IS NULL
 LIMIT 1')
 4 SYSTEMPATH\Database\BaseBuilder.php(1629): CodeIgniter\Database\BaseConnection->query('SELECT *
FROM `users`
WHERE `username` = :username:
AND `users`.`deleted_at` IS NULL
 LIMIT 1', [...], false)
 5 SYSTEMPATH\Model.php(319): CodeIgniter\Database\BaseBuilder->get()
 6 SYSTEMPATH\BaseModel.php(714): CodeIgniter\Model->doFirst()
 7 VENDORPATH\myth\auth\src\Authentication\LocalAuthenticator.php(140): CodeIgniter\BaseModel->first()
 8 VENDORPATH\myth\auth\src\Authentication\LocalAuthenticator.php(19): Myth\Auth\Authentication\LocalAuthenticator->validate([...], true)
 9 APPPATH\Controllers\AuthController.php(87): Myth\Auth\Authentication\LocalAuthenticator->attempt([...], false)
10 SYSTEMPATH\CodeIgniter.php(933): App\Controllers\AuthController->attemptLogin()
11 SYSTEMPATH\CodeIgniter.php(509): CodeIgniter\CodeIgniter->runController(Object(App\Controllers\AuthController))
12 SYSTEMPATH\CodeIgniter.php(355): CodeIgniter\CodeIgniter->handleRequest(null, Object(Config\Cache), false)
13 SYSTEMPATH\Boot.php(312): CodeIgniter\CodeIgniter->run()
14 SYSTEMPATH\Boot.php(67): CodeIgniter\Boot::runCodeIgniter(Object(CodeIgniter\CodeIgniter))
15 FCPATH\index.php(56): CodeIgniter\Boot::bootWeb(Object(Config\Paths))
16 SYSTEMPATH\Commands\Server\rewrite.php(49): require_once('C:\\xampp\\htdocs\\ci4-g4a\\public\\index.php')
ERROR - 2024-05-04 16:02:52 --> mysqli_sql_exception: Table 'games4all.users' doesn't exist in C:\xampp\htdocs\ci4-g4a\system\Database\MySQLi\Connection.php:308
Stack trace:
#0 C:\xampp\htdocs\ci4-g4a\system\Database\MySQLi\Connection.php(308): mysqli->query('SELECT *\nFROM `...', 0)
#1 C:\xampp\htdocs\ci4-g4a\system\Database\BaseConnection.php(722): CodeIgniter\Database\MySQLi\Connection->execute('SELECT *\nFROM `...')
#2 C:\xampp\htdocs\ci4-g4a\system\Database\BaseConnection.php(636): CodeIgniter\Database\BaseConnection->simpleQuery('SELECT *\nFROM `...')
#3 C:\xampp\htdocs\ci4-g4a\system\Database\BaseBuilder.php(1629): CodeIgniter\Database\BaseConnection->query('SELECT *\nFROM `...', Array, false)
#4 C:\xampp\htdocs\ci4-g4a\system\Model.php(319): CodeIgniter\Database\BaseBuilder->get()
#5 C:\xampp\htdocs\ci4-g4a\system\BaseModel.php(714): CodeIgniter\Model->doFirst()
#6 C:\xampp\htdocs\ci4-g4a\vendor\myth\auth\src\Authentication\LocalAuthenticator.php(140): CodeIgniter\BaseModel->first()
#7 C:\xampp\htdocs\ci4-g4a\vendor\myth\auth\src\Authentication\LocalAuthenticator.php(19): Myth\Auth\Authentication\LocalAuthenticator->validate(Array, true)
#8 C:\xampp\htdocs\ci4-g4a\app\Controllers\AuthController.php(87): Myth\Auth\Authentication\LocalAuthenticator->attempt(Array, false)
#9 C:\xampp\htdocs\ci4-g4a\system\CodeIgniter.php(933): App\Controllers\AuthController->attemptLogin()
#10 C:\xampp\htdocs\ci4-g4a\system\CodeIgniter.php(509): CodeIgniter\CodeIgniter->runController(Object(App\Controllers\AuthController))
#11 C:\xampp\htdocs\ci4-g4a\system\CodeIgniter.php(355): CodeIgniter\CodeIgniter->handleRequest(NULL, Object(Config\Cache), false)
#12 C:\xampp\htdocs\ci4-g4a\system\Boot.php(312): CodeIgniter\CodeIgniter->run()
#13 C:\xampp\htdocs\ci4-g4a\system\Boot.php(67): CodeIgniter\Boot::runCodeIgniter(Object(CodeIgniter\CodeIgniter))
#14 C:\xampp\htdocs\ci4-g4a\public\index.php(56): CodeIgniter\Boot::bootWeb(Object(Config\Paths))
#15 C:\xampp\htdocs\ci4-g4a\system\Commands\Server\rewrite.php(49): require_once('C:\\xampp\\htdocs...')
#16 {main}
CRITICAL - 2024-05-04 16:02:52 --> CodeIgniter\Database\Exceptions\DatabaseException: Table 'games4all.users' doesn't exist
[Method: POST, Route: login]
in SYSTEMPATH\Database\BaseConnection.php on line 676.
 1 SYSTEMPATH\Database\BaseBuilder.php(1629): CodeIgniter\Database\BaseConnection->query('SELECT *
FROM `users`
WHERE `username` = :username:
AND `users`.`deleted_at` IS NULL
 LIMIT 1', [...], false)
 2 SYSTEMPATH\Model.php(319): CodeIgniter\Database\BaseBuilder->get()
 3 SYSTEMPATH\BaseModel.php(714): CodeIgniter\Model->doFirst()
 4 VENDORPATH\myth\auth\src\Authentication\LocalAuthenticator.php(140): CodeIgniter\BaseModel->first()
 5 VENDORPATH\myth\auth\src\Authentication\LocalAuthenticator.php(19): Myth\Auth\Authentication\LocalAuthenticator->validate([...], true)
 6 APPPATH\Controllers\AuthController.php(87): Myth\Auth\Authentication\LocalAuthenticator->attempt([...], false)
 7 SYSTEMPATH\CodeIgniter.php(933): App\Controllers\AuthController->attemptLogin()
 8 SYSTEMPATH\CodeIgniter.php(509): CodeIgniter\CodeIgniter->runController(Object(App\Controllers\AuthController))
 9 SYSTEMPATH\CodeIgniter.php(355): CodeIgniter\CodeIgniter->handleRequest(null, Object(Config\Cache), false)
10 SYSTEMPATH\Boot.php(312): CodeIgniter\CodeIgniter->run()
11 SYSTEMPATH\Boot.php(67): CodeIgniter\Boot::runCodeIgniter(Object(CodeIgniter\CodeIgniter))
12 FCPATH\index.php(56): CodeIgniter\Boot::bootWeb(Object(Config\Paths))
13 SYSTEMPATH\Commands\Server\rewrite.php(49): require_once('C:\\xampp\\htdocs\\ci4-g4a\\public\\index.php')
CRITICAL - 2024-05-04 16:02:52 --> [Caused by] CodeIgniter\Database\Exceptions\DatabaseException: Table 'games4all.users' doesn't exist
in SYSTEMPATH\Database\MySQLi\Connection.php on line 313.
 1 SYSTEMPATH\Database\BaseConnection.php(722): CodeIgniter\Database\MySQLi\Connection->execute('SELECT *
FROM `users`
WHERE `username` = \'admin\'
AND `users`.`deleted_at` IS NULL
 LIMIT 1')
 2 SYSTEMPATH\Database\BaseConnection.php(636): CodeIgniter\Database\BaseConnection->simpleQuery('SELECT *
FROM `users`
WHERE `username` = \'admin\'
AND `users`.`deleted_at` IS NULL
 LIMIT 1')
 3 SYSTEMPATH\Database\BaseBuilder.php(1629): CodeIgniter\Database\BaseConnection->query('SELECT *
FROM `users`
WHERE `username` = :username:
AND `users`.`deleted_at` IS NULL
 LIMIT 1', [...], false)
 4 SYSTEMPATH\Model.php(319): CodeIgniter\Database\BaseBuilder->get()
 5 SYSTEMPATH\BaseModel.php(714): CodeIgniter\Model->doFirst()
 6 VENDORPATH\myth\auth\src\Authentication\LocalAuthenticator.php(140): CodeIgniter\BaseModel->first()
 7 VENDORPATH\myth\auth\src\Authentication\LocalAuthenticator.php(19): Myth\Auth\Authentication\LocalAuthenticator->validate([...], true)
 8 APPPATH\Controllers\AuthController.php(87): Myth\Auth\Authentication\LocalAuthenticator->attempt([...], false)
 9 SYSTEMPATH\CodeIgniter.php(933): App\Controllers\AuthController->attemptLogin()
10 SYSTEMPATH\CodeIgniter.php(509): CodeIgniter\CodeIgniter->runController(Object(App\Controllers\AuthController))
11 SYSTEMPATH\CodeIgniter.php(355): CodeIgniter\CodeIgniter->handleRequest(null, Object(Config\Cache), false)
12 SYSTEMPATH\Boot.php(312): CodeIgniter\CodeIgniter->run()
13 SYSTEMPATH\Boot.php(67): CodeIgniter\Boot::runCodeIgniter(Object(CodeIgniter\CodeIgniter))
14 FCPATH\index.php(56): CodeIgniter\Boot::bootWeb(Object(Config\Paths))
15 SYSTEMPATH\Commands\Server\rewrite.php(49): require_once('C:\\xampp\\htdocs\\ci4-g4a\\public\\index.php')
CRITICAL - 2024-05-04 16:02:52 --> [Caused by] mysqli_sql_exception: Table 'games4all.users' doesn't exist
in SYSTEMPATH\Database\MySQLi\Connection.php on line 308.
 1 SYSTEMPATH\Database\MySQLi\Connection.php(308): mysqli->query('SELECT *
FROM `users`
WHERE `username` = \'admin\'
AND `users`.`deleted_at` IS NULL
 LIMIT 1', 0)
 2 SYSTEMPATH\Database\BaseConnection.php(722): CodeIgniter\Database\MySQLi\Connection->execute('SELECT *
FROM `users`
WHERE `username` = \'admin\'
AND `users`.`deleted_at` IS NULL
 LIMIT 1')
 3 SYSTEMPATH\Database\BaseConnection.php(636): CodeIgniter\Database\BaseConnection->simpleQuery('SELECT *
FROM `users`
WHERE `username` = \'admin\'
AND `users`.`deleted_at` IS NULL
 LIMIT 1')
 4 SYSTEMPATH\Database\BaseBuilder.php(1629): CodeIgniter\Database\BaseConnection->query('SELECT *
FROM `users`
WHERE `username` = :username:
AND `users`.`deleted_at` IS NULL
 LIMIT 1', [...], false)
 5 SYSTEMPATH\Model.php(319): CodeIgniter\Database\BaseBuilder->get()
 6 SYSTEMPATH\BaseModel.php(714): CodeIgniter\Model->doFirst()
 7 VENDORPATH\myth\auth\src\Authentication\LocalAuthenticator.php(140): CodeIgniter\BaseModel->first()
 8 VENDORPATH\myth\auth\src\Authentication\LocalAuthenticator.php(19): Myth\Auth\Authentication\LocalAuthenticator->validate([...], true)
 9 APPPATH\Controllers\AuthController.php(87): Myth\Auth\Authentication\LocalAuthenticator->attempt([...], false)
10 SYSTEMPATH\CodeIgniter.php(933): App\Controllers\AuthController->attemptLogin()
11 SYSTEMPATH\CodeIgniter.php(509): CodeIgniter\CodeIgniter->runController(Object(App\Controllers\AuthController))
12 SYSTEMPATH\CodeIgniter.php(355): CodeIgniter\CodeIgniter->handleRequest(null, Object(Config\Cache), false)
13 SYSTEMPATH\Boot.php(312): CodeIgniter\CodeIgniter->run()
14 SYSTEMPATH\Boot.php(67): CodeIgniter\Boot::runCodeIgniter(Object(CodeIgniter\CodeIgniter))
15 FCPATH\index.php(56): CodeIgniter\Boot::bootWeb(Object(Config\Paths))
16 SYSTEMPATH\Commands\Server\rewrite.php(49): require_once('C:\\xampp\\htdocs\\ci4-g4a\\public\\index.php')
ERROR - 2024-05-04 16:05:31 --> mysqli_sql_exception: Table 'games4all.users' doesn't exist in C:\xampp\htdocs\ci4-g4a\system\Database\MySQLi\Connection.php:308
Stack trace:
#0 C:\xampp\htdocs\ci4-g4a\system\Database\MySQLi\Connection.php(308): mysqli->query('SELECT *\nFROM `...', 0)
#1 C:\xampp\htdocs\ci4-g4a\system\Database\BaseConnection.php(722): CodeIgniter\Database\MySQLi\Connection->execute('SELECT *\nFROM `...')
#2 C:\xampp\htdocs\ci4-g4a\system\Database\BaseConnection.php(636): CodeIgniter\Database\BaseConnection->simpleQuery('SELECT *\nFROM `...')
#3 C:\xampp\htdocs\ci4-g4a\system\Database\BaseBuilder.php(1629): CodeIgniter\Database\BaseConnection->query('SELECT *\nFROM `...', Array, false)
#4 C:\xampp\htdocs\ci4-g4a\system\Model.php(319): CodeIgniter\Database\BaseBuilder->get()
#5 C:\xampp\htdocs\ci4-g4a\system\BaseModel.php(714): CodeIgniter\Model->doFirst()
#6 C:\xampp\htdocs\ci4-g4a\vendor\myth\auth\src\Authentication\LocalAuthenticator.php(140): CodeIgniter\BaseModel->first()
#7 C:\xampp\htdocs\ci4-g4a\vendor\myth\auth\src\Authentication\LocalAuthenticator.php(19): Myth\Auth\Authentication\LocalAuthenticator->validate(Array, true)
#8 C:\xampp\htdocs\ci4-g4a\app\Controllers\AuthController.php(87): Myth\Auth\Authentication\LocalAuthenticator->attempt(Array, false)
#9 C:\xampp\htdocs\ci4-g4a\system\CodeIgniter.php(933): App\Controllers\AuthController->attemptLogin()
#10 C:\xampp\htdocs\ci4-g4a\system\CodeIgniter.php(509): CodeIgniter\CodeIgniter->runController(Object(App\Controllers\AuthController))
#11 C:\xampp\htdocs\ci4-g4a\system\CodeIgniter.php(355): CodeIgniter\CodeIgniter->handleRequest(NULL, Object(Config\Cache), false)
#12 C:\xampp\htdocs\ci4-g4a\system\Boot.php(312): CodeIgniter\CodeIgniter->run()
#13 C:\xampp\htdocs\ci4-g4a\system\Boot.php(67): CodeIgniter\Boot::runCodeIgniter(Object(CodeIgniter\CodeIgniter))
#14 C:\xampp\htdocs\ci4-g4a\public\index.php(56): CodeIgniter\Boot::bootWeb(Object(Config\Paths))
#15 C:\xampp\htdocs\ci4-g4a\system\Commands\Server\rewrite.php(49): require_once('C:\\xampp\\htdocs...')
#16 {main}
CRITICAL - 2024-05-04 16:05:31 --> CodeIgniter\Database\Exceptions\DatabaseException: Table 'games4all.users' doesn't exist
[Method: POST, Route: login]
in SYSTEMPATH\Database\BaseConnection.php on line 676.
 1 SYSTEMPATH\Database\BaseBuilder.php(1629): CodeIgniter\Database\BaseConnection->query('SELECT *
FROM `users`
WHERE `username` = :username:
AND `users`.`deleted_at` IS NULL
 LIMIT 1', [...], false)
 2 SYSTEMPATH\Model.php(319): CodeIgniter\Database\BaseBuilder->get()
 3 SYSTEMPATH\BaseModel.php(714): CodeIgniter\Model->doFirst()
 4 VENDORPATH\myth\auth\src\Authentication\LocalAuthenticator.php(140): CodeIgniter\BaseModel->first()
 5 VENDORPATH\myth\auth\src\Authentication\LocalAuthenticator.php(19): Myth\Auth\Authentication\LocalAuthenticator->validate([...], true)
 6 APPPATH\Controllers\AuthController.php(87): Myth\Auth\Authentication\LocalAuthenticator->attempt([...], false)
 7 SYSTEMPATH\CodeIgniter.php(933): App\Controllers\AuthController->attemptLogin()
 8 SYSTEMPATH\CodeIgniter.php(509): CodeIgniter\CodeIgniter->runController(Object(App\Controllers\AuthController))
 9 SYSTEMPATH\CodeIgniter.php(355): CodeIgniter\CodeIgniter->handleRequest(null, Object(Config\Cache), false)
10 SYSTEMPATH\Boot.php(312): CodeIgniter\CodeIgniter->run()
11 SYSTEMPATH\Boot.php(67): CodeIgniter\Boot::runCodeIgniter(Object(CodeIgniter\CodeIgniter))
12 FCPATH\index.php(56): CodeIgniter\Boot::bootWeb(Object(Config\Paths))
13 SYSTEMPATH\Commands\Server\rewrite.php(49): require_once('C:\\xampp\\htdocs\\ci4-g4a\\public\\index.php')
CRITICAL - 2024-05-04 16:05:31 --> [Caused by] CodeIgniter\Database\Exceptions\DatabaseException: Table 'games4all.users' doesn't exist
in SYSTEMPATH\Database\MySQLi\Connection.php on line 313.
 1 SYSTEMPATH\Database\BaseConnection.php(722): CodeIgniter\Database\MySQLi\Connection->execute('SELECT *
FROM `users`
WHERE `username` = \'perikito\'
AND `users`.`deleted_at` IS NULL
 LIMIT 1')
 2 SYSTEMPATH\Database\BaseConnection.php(636): CodeIgniter\Database\BaseConnection->simpleQuery('SELECT *
FROM `users`
WHERE `username` = \'perikito\'
AND `users`.`deleted_at` IS NULL
 LIMIT 1')
 3 SYSTEMPATH\Database\BaseBuilder.php(1629): CodeIgniter\Database\BaseConnection->query('SELECT *
FROM `users`
WHERE `username` = :username:
AND `users`.`deleted_at` IS NULL
 LIMIT 1', [...], false)
 4 SYSTEMPATH\Model.php(319): CodeIgniter\Database\BaseBuilder->get()
 5 SYSTEMPATH\BaseModel.php(714): CodeIgniter\Model->doFirst()
 6 VENDORPATH\myth\auth\src\Authentication\LocalAuthenticator.php(140): CodeIgniter\BaseModel->first()
 7 VENDORPATH\myth\auth\src\Authentication\LocalAuthenticator.php(19): Myth\Auth\Authentication\LocalAuthenticator->validate([...], true)
 8 APPPATH\Controllers\AuthController.php(87): Myth\Auth\Authentication\LocalAuthenticator->attempt([...], false)
 9 SYSTEMPATH\CodeIgniter.php(933): App\Controllers\AuthController->attemptLogin()
10 SYSTEMPATH\CodeIgniter.php(509): CodeIgniter\CodeIgniter->runController(Object(App\Controllers\AuthController))
11 SYSTEMPATH\CodeIgniter.php(355): CodeIgniter\CodeIgniter->handleRequest(null, Object(Config\Cache), false)
12 SYSTEMPATH\Boot.php(312): CodeIgniter\CodeIgniter->run()
13 SYSTEMPATH\Boot.php(67): CodeIgniter\Boot::runCodeIgniter(Object(CodeIgniter\CodeIgniter))
14 FCPATH\index.php(56): CodeIgniter\Boot::bootWeb(Object(Config\Paths))
15 SYSTEMPATH\Commands\Server\rewrite.php(49): require_once('C:\\xampp\\htdocs\\ci4-g4a\\public\\index.php')
CRITICAL - 2024-05-04 16:05:31 --> [Caused by] mysqli_sql_exception: Table 'games4all.users' doesn't exist
in SYSTEMPATH\Database\MySQLi\Connection.php on line 308.
 1 SYSTEMPATH\Database\MySQLi\Connection.php(308): mysqli->query('SELECT *
FROM `users`
WHERE `username` = \'perikito\'
AND `users`.`deleted_at` IS NULL
 LIMIT 1', 0)
 2 SYSTEMPATH\Database\BaseConnection.php(722): CodeIgniter\Database\MySQLi\Connection->execute('SELECT *
FROM `users`
WHERE `username` = \'perikito\'
AND `users`.`deleted_at` IS NULL
 LIMIT 1')
 3 SYSTEMPATH\Database\BaseConnection.php(636): CodeIgniter\Database\BaseConnection->simpleQuery('SELECT *
FROM `users`
WHERE `username` = \'perikito\'
AND `users`.`deleted_at` IS NULL
 LIMIT 1')
 4 SYSTEMPATH\Database\BaseBuilder.php(1629): CodeIgniter\Database\BaseConnection->query('SELECT *
FROM `users`
WHERE `username` = :username:
AND `users`.`deleted_at` IS NULL
 LIMIT 1', [...], false)
 5 SYSTEMPATH\Model.php(319): CodeIgniter\Database\BaseBuilder->get()
 6 SYSTEMPATH\BaseModel.php(714): CodeIgniter\Model->doFirst()
 7 VENDORPATH\myth\auth\src\Authentication\LocalAuthenticator.php(140): CodeIgniter\BaseModel->first()
 8 VENDORPATH\myth\auth\src\Authentication\LocalAuthenticator.php(19): Myth\Auth\Authentication\LocalAuthenticator->validate([...], true)
 9 APPPATH\Controllers\AuthController.php(87): Myth\Auth\Authentication\LocalAuthenticator->attempt([...], false)
10 SYSTEMPATH\CodeIgniter.php(933): App\Controllers\AuthController->attemptLogin()
11 SYSTEMPATH\CodeIgniter.php(509): CodeIgniter\CodeIgniter->runController(Object(App\Controllers\AuthController))
12 SYSTEMPATH\CodeIgniter.php(355): CodeIgniter\CodeIgniter->handleRequest(null, Object(Config\Cache), false)
13 SYSTEMPATH\Boot.php(312): CodeIgniter\CodeIgniter->run()
14 SYSTEMPATH\Boot.php(67): CodeIgniter\Boot::runCodeIgniter(Object(CodeIgniter\CodeIgniter))
15 FCPATH\index.php(56): CodeIgniter\Boot::bootWeb(Object(Config\Paths))
16 SYSTEMPATH\Commands\Server\rewrite.php(49): require_once('C:\\xampp\\htdocs\\ci4-g4a\\public\\index.php')
ERROR - 2024-05-04 16:12:48 --> mysqli_sql_exception: Table 'games4all.users' doesn't exist in C:\xampp\htdocs\ci4-g4a\system\Database\MySQLi\Connection.php:308
Stack trace:
#0 C:\xampp\htdocs\ci4-g4a\system\Database\MySQLi\Connection.php(308): mysqli->query('SELECT *\nFROM `...', 0)
#1 C:\xampp\htdocs\ci4-g4a\system\Database\BaseConnection.php(722): CodeIgniter\Database\MySQLi\Connection->execute('SELECT *\nFROM `...')
#2 C:\xampp\htdocs\ci4-g4a\system\Database\BaseConnection.php(636): CodeIgniter\Database\BaseConnection->simpleQuery('SELECT *\nFROM `...')
#3 C:\xampp\htdocs\ci4-g4a\system\Database\BaseBuilder.php(1629): CodeIgniter\Database\BaseConnection->query('SELECT *\nFROM `...', Array, false)
#4 C:\xampp\htdocs\ci4-g4a\system\Model.php(319): CodeIgniter\Database\BaseBuilder->get()
#5 C:\xampp\htdocs\ci4-g4a\system\BaseModel.php(714): CodeIgniter\Model->doFirst()
#6 C:\xampp\htdocs\ci4-g4a\vendor\myth\auth\src\Authentication\LocalAuthenticator.php(140): CodeIgniter\BaseModel->first()
#7 C:\xampp\htdocs\ci4-g4a\vendor\myth\auth\src\Authentication\LocalAuthenticator.php(19): Myth\Auth\Authentication\LocalAuthenticator->validate(Array, true)
#8 C:\xampp\htdocs\ci4-g4a\app\Controllers\AuthController.php(87): Myth\Auth\Authentication\LocalAuthenticator->attempt(Array, false)
#9 C:\xampp\htdocs\ci4-g4a\system\CodeIgniter.php(933): App\Controllers\AuthController->attemptLogin()
#10 C:\xampp\htdocs\ci4-g4a\system\CodeIgniter.php(509): CodeIgniter\CodeIgniter->runController(Object(App\Controllers\AuthController))
#11 C:\xampp\htdocs\ci4-g4a\system\CodeIgniter.php(355): CodeIgniter\CodeIgniter->handleRequest(NULL, Object(Config\Cache), false)
#12 C:\xampp\htdocs\ci4-g4a\system\Boot.php(312): CodeIgniter\CodeIgniter->run()
#13 C:\xampp\htdocs\ci4-g4a\system\Boot.php(67): CodeIgniter\Boot::runCodeIgniter(Object(CodeIgniter\CodeIgniter))
#14 C:\xampp\htdocs\ci4-g4a\public\index.php(56): CodeIgniter\Boot::bootWeb(Object(Config\Paths))
#15 C:\xampp\htdocs\ci4-g4a\system\Commands\Server\rewrite.php(49): require_once('C:\\xampp\\htdocs...')
#16 {main}
CRITICAL - 2024-05-04 16:12:48 --> CodeIgniter\Database\Exceptions\DatabaseException: Table 'games4all.users' doesn't exist
[Method: POST, Route: login]
in SYSTEMPATH\Database\BaseConnection.php on line 676.
 1 SYSTEMPATH\Database\BaseBuilder.php(1629): CodeIgniter\Database\BaseConnection->query('SELECT *
FROM `users`
WHERE `username` = :username:
AND `users`.`deleted_at` IS NULL
 LIMIT 1', [...], false)
 2 SYSTEMPATH\Model.php(319): CodeIgniter\Database\BaseBuilder->get()
 3 SYSTEMPATH\BaseModel.php(714): CodeIgniter\Model->doFirst()
 4 VENDORPATH\myth\auth\src\Authentication\LocalAuthenticator.php(140): CodeIgniter\BaseModel->first()
 5 VENDORPATH\myth\auth\src\Authentication\LocalAuthenticator.php(19): Myth\Auth\Authentication\LocalAuthenticator->validate([...], true)
 6 APPPATH\Controllers\AuthController.php(87): Myth\Auth\Authentication\LocalAuthenticator->attempt([...], false)
 7 SYSTEMPATH\CodeIgniter.php(933): App\Controllers\AuthController->attemptLogin()
 8 SYSTEMPATH\CodeIgniter.php(509): CodeIgniter\CodeIgniter->runController(Object(App\Controllers\AuthController))
 9 SYSTEMPATH\CodeIgniter.php(355): CodeIgniter\CodeIgniter->handleRequest(null, Object(Config\Cache), false)
10 SYSTEMPATH\Boot.php(312): CodeIgniter\CodeIgniter->run()
11 SYSTEMPATH\Boot.php(67): CodeIgniter\Boot::runCodeIgniter(Object(CodeIgniter\CodeIgniter))
12 FCPATH\index.php(56): CodeIgniter\Boot::bootWeb(Object(Config\Paths))
13 SYSTEMPATH\Commands\Server\rewrite.php(49): require_once('C:\\xampp\\htdocs\\ci4-g4a\\public\\index.php')
CRITICAL - 2024-05-04 16:12:48 --> [Caused by] CodeIgniter\Database\Exceptions\DatabaseException: Table 'games4all.users' doesn't exist
in SYSTEMPATH\Database\MySQLi\Connection.php on line 313.
 1 SYSTEMPATH\Database\BaseConnection.php(722): CodeIgniter\Database\MySQLi\Connection->execute('SELECT *
FROM `users`
WHERE `username` = \'perikito\'
AND `users`.`deleted_at` IS NULL
 LIMIT 1')
 2 SYSTEMPATH\Database\BaseConnection.php(636): CodeIgniter\Database\BaseConnection->simpleQuery('SELECT *
FROM `users`
WHERE `username` = \'perikito\'
AND `users`.`deleted_at` IS NULL
 LIMIT 1')
 3 SYSTEMPATH\Database\BaseBuilder.php(1629): CodeIgniter\Database\BaseConnection->query('SELECT *
FROM `users`
WHERE `username` = :username:
AND `users`.`deleted_at` IS NULL
 LIMIT 1', [...], false)
 4 SYSTEMPATH\Model.php(319): CodeIgniter\Database\BaseBuilder->get()
 5 SYSTEMPATH\BaseModel.php(714): CodeIgniter\Model->doFirst()
 6 VENDORPATH\myth\auth\src\Authentication\LocalAuthenticator.php(140): CodeIgniter\BaseModel->first()
 7 VENDORPATH\myth\auth\src\Authentication\LocalAuthenticator.php(19): Myth\Auth\Authentication\LocalAuthenticator->validate([...], true)
 8 APPPATH\Controllers\AuthController.php(87): Myth\Auth\Authentication\LocalAuthenticator->attempt([...], false)
 9 SYSTEMPATH\CodeIgniter.php(933): App\Controllers\AuthController->attemptLogin()
10 SYSTEMPATH\CodeIgniter.php(509): CodeIgniter\CodeIgniter->runController(Object(App\Controllers\AuthController))
11 SYSTEMPATH\CodeIgniter.php(355): CodeIgniter\CodeIgniter->handleRequest(null, Object(Config\Cache), false)
12 SYSTEMPATH\Boot.php(312): CodeIgniter\CodeIgniter->run()
13 SYSTEMPATH\Boot.php(67): CodeIgniter\Boot::runCodeIgniter(Object(CodeIgniter\CodeIgniter))
14 FCPATH\index.php(56): CodeIgniter\Boot::bootWeb(Object(Config\Paths))
15 SYSTEMPATH\Commands\Server\rewrite.php(49): require_once('C:\\xampp\\htdocs\\ci4-g4a\\public\\index.php')
CRITICAL - 2024-05-04 16:12:48 --> [Caused by] mysqli_sql_exception: Table 'games4all.users' doesn't exist
in SYSTEMPATH\Database\MySQLi\Connection.php on line 308.
 1 SYSTEMPATH\Database\MySQLi\Connection.php(308): mysqli->query('SELECT *
FROM `users`
WHERE `username` = \'perikito\'
AND `users`.`deleted_at` IS NULL
 LIMIT 1', 0)
 2 SYSTEMPATH\Database\BaseConnection.php(722): CodeIgniter\Database\MySQLi\Connection->execute('SELECT *
FROM `users`
WHERE `username` = \'perikito\'
AND `users`.`deleted_at` IS NULL
 LIMIT 1')
 3 SYSTEMPATH\Database\BaseConnection.php(636): CodeIgniter\Database\BaseConnection->simpleQuery('SELECT *
FROM `users`
WHERE `username` = \'perikito\'
AND `users`.`deleted_at` IS NULL
 LIMIT 1')
 4 SYSTEMPATH\Database\BaseBuilder.php(1629): CodeIgniter\Database\BaseConnection->query('SELECT *
FROM `users`
WHERE `username` = :username:
AND `users`.`deleted_at` IS NULL
 LIMIT 1', [...], false)
 5 SYSTEMPATH\Model.php(319): CodeIgniter\Database\BaseBuilder->get()
 6 SYSTEMPATH\BaseModel.php(714): CodeIgniter\Model->doFirst()
 7 VENDORPATH\myth\auth\src\Authentication\LocalAuthenticator.php(140): CodeIgniter\BaseModel->first()
 8 VENDORPATH\myth\auth\src\Authentication\LocalAuthenticator.php(19): Myth\Auth\Authentication\LocalAuthenticator->validate([...], true)
 9 APPPATH\Controllers\AuthController.php(87): Myth\Auth\Authentication\LocalAuthenticator->attempt([...], false)
10 SYSTEMPATH\CodeIgniter.php(933): App\Controllers\AuthController->attemptLogin()
11 SYSTEMPATH\CodeIgniter.php(509): CodeIgniter\CodeIgniter->runController(Object(App\Controllers\AuthController))
12 SYSTEMPATH\CodeIgniter.php(355): CodeIgniter\CodeIgniter->handleRequest(null, Object(Config\Cache), false)
13 SYSTEMPATH\Boot.php(312): CodeIgniter\CodeIgniter->run()
14 SYSTEMPATH\Boot.php(67): CodeIgniter\Boot::runCodeIgniter(Object(CodeIgniter\CodeIgniter))
15 FCPATH\index.php(56): CodeIgniter\Boot::bootWeb(Object(Config\Paths))
16 SYSTEMPATH\Commands\Server\rewrite.php(49): require_once('C:\\xampp\\htdocs\\ci4-g4a\\public\\index.php')
